time,i082_ergs_per_cm2_per_s,i082_W_per_m2,i082_ph_flux
1978-02-01T00:03:47,0.02523,2.523e-05,177815065398.7436
1978-02-01T00:12:08,0.03262,3.262e-05,229898035406.54047
1978-02-01T00:22:59,0.03813,3.8129999999999996e-05,268731210608.56485
1978-02-01T00:33:39,0.04098,4.0980000000000004e-05,288817335713.06036
1978-02-01T00:45:23,0.03959,3.959e-05,279020944872.6222
1978-02-01T00:58:11,0.03623,3.623e-05,255340460538.90128
1978-02-01T01:09:55,0.0359,3.5900000000000005e-05,253014698684.6966
1978-02-01T01:21:53,0.03773,3.773e-05,265912105330.74097
1978-02-01T01:26:41,0.19649,0.00019649,1384814990099.0537
1978-02-01T01:27:13,0.07703,7.703e-05,542889198876.94086
1978-02-01T01:27:14,0.05684,5.6840000000000005e-05,400594859978.7786
1978-02-01T01:27:41,0.04292,4.292e-05,302489996310.50635
1978-02-01T01:27:53,0.11583,0.00011583000000000001,816342410825.8608
1978-02-01T01:36:34,0.03917,3.9170000000000006e-05,276060884330.9071
1978-02-01T01:54:42,0.04251,4.251e-05,299600413400.73676
1978-02-01T02:06:06,0.04141,4.1410000000000005e-05,291847873886.72107
1978-02-01T02:16:02,0.04503,4.503e-05,317360776651.02747
1978-02-01T02:30:58,0.04551,4.551e-05,320743702984.4162
1978-02-01T02:42:42,0.04265,4.265e-05,300587100247.97516
1978-02-01T02:54:26,0.04088,4.088e-05,288112559393.6043
1978-02-01T03:06:10,0.03715,3.715e-05,261824402677.8963
1978-02-01T03:18:29,0.03462,3.462e-05,243993561795.66
1978-02-01T03:29:38,0.03422,3.422e-05,241174456517.83612
1978-02-01T03:41:22,0.0333,3.33e-05,234690514378.84113
1978-02-01T03:53:06,0.03093,3.093e-05,217987315607.73438
1978-02-01T04:04:49,0.03354,3.354e-05,236381977545.53546
1978-02-01T04:13:21,0.03293,3.2930000000000005e-05,232082841996.85403
1978-02-01T04:13:21,0.02717,2.717e-05,191487725996.18954
1978-02-01T04:18:54,0.02434,2.434e-05,171542556155.58536
1978-02-01T04:30:25,0.02308,2.308e-05,162662374530.44
1978-02-01T04:42:09,0.02184,2.1839999999999998e-05,153923148169.18585
1978-02-01T04:53:53,0.02146,2.146e-05,151244998155.25317
1978-02-01T05:05:10,0.02122,2.122e-05,149553534988.5588
1978-02-01T05:17:48,0.02239,2.239e-05,157799417926.1938
1978-02-01T05:23:18,0.02076,2.076e-05,146311563919.0613
1978-02-01T05:29:05,0.0245,2.4500000000000003e-05,172670198266.71494
1978-02-01T05:38:41,0.02299,2.2990000000000002e-05,162028075842.92966
1978-02-01T05:43:22,0.01998,1.9980000000000002e-05,140814308627.3047
1978-02-01T05:48:10,0.01619,1.619e-05,114103286119.92303
1978-02-01T05:49:21,0.01903,1.903e-05,134118933592.47285
1978-02-01T05:50:41,0.02602,2.602e-05,183382798322.44583
1978-02-01T05:50:50,0.02092,2.0920000000000003e-05,147439206030.1909
1978-02-01T05:54:09,0.03262,3.262e-05,229898035406.54047
1978-02-01T06:03:45,0.03815,3.8150000000000006e-05,268872165872.45612
1978-02-01T06:14:57,0.04238,4.2380000000000004e-05,298684204185.44403
1978-02-01T06:26:41,0.04085,4.085e-05,287901126497.7675
1978-02-01T06:38:25,0.03814,3.8140000000000004e-05,268801688240.51053
1978-02-01T06:50:08,0.03696,3.696e-05,260485327670.92993
1978-02-01T07:01:52,0.03611,3.6110000000000005e-05,254494728955.55414
1978-02-01T07:13:16,0.09667,9.667000000000001e-05,681307268018.0953
1978-02-01T07:13:36,0.0381,3.8100000000000005e-05,268519777712.72815
1978-02-01T07:14:08,0.1578,0.0001578,1112137032101.5354
1978-02-01T07:14:08,0.13508,0.00013508000000000001,952011852321.137
1978-02-01T07:14:19,0.11728,0.00011728,826561667457.9725
1978-02-01T07:14:23,0.19598,0.00019598,1381220630869.8284
1978-02-01T07:14:40,0.05643,5.643e-05,397705277069.0091
1978-02-01T07:14:40,0.04536,4.536e-05,319686538505.2322
1978-02-01T07:14:47,0.07571,7.571e-05,533586151460.12195
1978-02-01T07:17:10,0.03967,3.967e-05,279584765928.187
1978-02-01T07:25:52,0.03893,3.893e-05,274369421164.21277
1978-02-01T07:41:20,0.04141,4.1410000000000005e-05,291847873886.72107
1978-02-01T07:53:13,0.0407,4.07e-05,286843962018.5836
1978-02-01T08:04:48,0.04513,4.513e-05,318065552970.48346
1978-02-01T08:16:32,0.04595,4.595e-05,323844718790.02246
1978-02-01T08:28:16,0.0437,4.3700000000000005e-05,307987251602.26294
1978-02-01T08:40:00,0.04154,4.154e-05,292764083102.01373
1978-02-01T08:51:44,0.0378,3.7800000000000004e-05,266405448754.3602
1978-02-01T09:03:28,0.03604,3.604e-05,254001385531.93497
1978-02-01T09:15:12,0.03448,3.4479999999999995e-05,243006874948.42163
1978-02-01T09:26:56,0.03457,3.4569999999999996e-05,243641173635.932
1978-02-01T09:38:39,0.03259,3.2590000000000005e-05,229686602510.70367
1978-02-01T09:50:23,0.03145,3.145e-05,221652152468.9055
1978-02-01T10:02:07,0.03479,3.4790000000000004e-05,245191681538.73523
1978-02-01T10:13:51,0.0347,3.47e-05,244557382851.22482
1978-02-01T10:25:35,0.03263,3.263e-05,229968513038.48602
1978-02-01T10:37:19,0.03091,3.091e-05,217846360343.8432
1978-02-01T10:49:03,0.03123,3.1230000000000004e-05,220101644566.10236
1978-02-01T10:54:23,0.04369,4.3690000000000004e-05,307916773970.3174
1978-02-01T10:56:43,0.03511,3.511e-05,247446965760.99432
1978-02-01T11:08:15,0.03424,3.424e-05,241315411781.7273
1978-02-01T11:19:18,0.0332,3.32e-05,233985738059.38513
1978-02-01T11:21:12,0.03925,3.925e-05,276624705386.47186
1978-02-01T11:33:19,0.03475,3.4750000000000004e-05,244909771010.95285
1978-02-01T11:36:47,0.03067,3.067e-05,216154897177.14886
1978-02-01T13:50:54,0.02456,2.456e-05,173093064058.3885
1978-02-01T14:05:18,0.02372,2.3720000000000003e-05,167172942974.9583
1978-02-01T14:17:02,0.02377,2.377e-05,167525331134.68628
1978-02-01T14:28:46,0.02321,2.3210000000000003e-05,163578583745.73282
1978-02-01T14:40:30,0.0232,2.3199999999999998e-05,163508106113.7872
1978-02-01T14:52:14,0.02362,2.3619999999999997e-05,166468166655.5023
1978-02-01T15:03:57,0.02339,2.339e-05,164847181120.75357
1978-02-01T15:10:21,0.02369,2.369e-05,166961510079.12146
1978-02-01T15:23:02,0.03146,3.146e-05,221722630100.8511
1978-02-01T15:34:53,0.02999,2.999e-05,211362418204.84818
1978-02-01T15:46:37,0.03048,3.048e-05,214815822170.18246
1978-02-01T15:58:21,0.0319,3.1899999999999996e-05,224823645906.45737
1978-02-01T16:10:05,0.03075,3.075e-05,216718718232.71365
1978-02-01T16:20:49,0.0281,2.8100000000000002e-05,198042145767.1302
1978-02-01T16:30:21,0.02863,2.863e-05,201777460260.24686
1978-02-01T17:09:17,0.02437,2.437e-05,171753989051.42215
1978-02-01T17:52:28,0.02596,2.5960000000000002e-05,182959932530.77222
1978-02-01T18:04:12,0.02561,2.561e-05,180493215412.6763
1978-02-01T18:14:20,0.02552,2.5520000000000003e-05,179858916725.16595
1978-02-01T18:45:48,0.0309,3.09e-05,217775882711.89758
1978-02-01T18:57:38,0.03072,3.0720000000000004e-05,216507285336.87686
1978-02-01T18:57:44,0.03631,3.631e-05,255904281594.4661
1978-02-01T19:05:12,0.04254,4.254e-05,299811846296.5736
1978-02-01T19:07:08,0.03345,3.345e-05,235747678858.02505
1978-02-01T19:23:26,0.11189,0.00011189,788574223839.2952
1978-02-01T19:25:25,0.05532,5.532e-05,389882259923.0477
1978-02-01T19:25:44,0.08083,8.083e-05,569670699016.2681
1978-02-01T19:26:52,0.0395,3.95e-05,278386646185.1118
1978-02-01T19:28:41,0.03256,3.256e-05,229475169614.86685
1978-02-01T19:41:16,0.03184,3.184e-05,224400780114.7838
1978-02-01T19:53:00,0.03095,3.095e-05,218128270871.62558
1978-02-01T20:34:03,0.02817,2.817e-05,198535489190.74936
1978-02-01T20:50:27,0.02857,2.8570000000000003e-05,201354594468.5733
1978-02-01T21:00:11,0.03056,3.056e-05,215379643225.74725
1978-02-01T21:28:59,0.0318,3.18e-05,224118869587.0014
1978-02-01T21:41:43,0.03219,3.219e-05,226867497232.87973
1978-02-01T21:46:35,0.04505,4.5050000000000004e-05,317501731914.9187
1978-02-01T21:46:35,0.05637,5.6370000000000004e-05,397282411277.3356
1978-02-01T21:49:29,0.03576,3.576e-05,252028011837.45822
1978-02-01T21:55:39,0.03545,3.545e-05,249843205247.14465
1978-02-01T22:36:20,0.08352,8.352e-05,588629182009.6339
1978-02-01T22:36:43,0.10245,0.00010245,722043339282.6508
1978-02-01T22:37:15,0.05635,5.635e-05,397141456013.44434
1978-02-01T22:37:24,0.04803,4.8030000000000006e-05,338504066234.7069
1978-02-01T22:40:48,0.03616,3.616e-05,254847117115.2821
1978-02-01T22:53:15,0.03732,3.732e-05,263022522420.97147
1978-02-01T23:04:59,0.03997,3.997e-05,281699094886.55493
1978-02-01T23:16:35,0.04099,4.099e-05,288887813345.0059
1978-02-01T23:26:18,0.03728,3.728e-05,262740611893.18912
1978-02-01T23:40:16,0.03667,3.667e-05,258441476344.50763
1978-02-01T23:48:10,0.04382,4.382e-05,308832983185.6101
1978-02-01T23:50:18,0.04948,4.948000000000001e-05,348723322866.8186
1978-02-02T00:11:07,0.05758,5.758e-05,405810204742.7529
1978-02-02T00:11:26,0.07206,7.206e-05,507861815799.9787
1978-02-02T00:11:58,0.11478,0.00011478,808942259471.573
1978-02-02T00:11:58,0.09828,9.828000000000001e-05,692654166761.3365
1978-02-02T00:12:14,0.08167,8.167000000000001e-05,575590820099.6984
1978-02-02T00:12:30,0.15491,0.00015491,1091768996469.2574
1978-02-02T00:12:30,0.13382,0.00013382,943131670695.9915
1978-02-02T00:34:05,0.04285,4.285e-05,301996652886.8871
1978-02-02T00:42:44,0.04025,4.025e-05,283672468581.0317
1978-02-02T01:15:59,0.05426,5.4260000000000006e-05,382411630936.8144
1978-02-02T01:16:26,0.04344,4.344e-05,306154833171.67737
1978-02-02T01:24:39,0.04468,4.468e-05,314894059532.9315
1978-02-02T01:50:18,0.04917,4.917e-05,346538516276.505
1978-02-02T02:02:31,0.04651,4.651000000000001e-05,327791466178.9761
1978-02-02T02:03:42,0.1797,0.0001797,1266483046062.3948
1978-02-02T02:06:27,0.06448,6.447999999999999e-05,454439770785.2154
1978-02-02T02:08:09,0.08378,8.378e-05,590461600440.2195
1978-02-02T02:08:29,0.05283,5.283e-05,372333329568.5939
1978-02-02T02:13:12,0.11823,0.00011823,833257042492.8042
1978-02-02T02:13:17,0.06437,6.437e-05,453664516833.81384
1978-02-02T02:13:49,0.24176,0.00024176000000000002,1703867229916.7756
1978-02-02T02:13:49,0.08181,8.180999999999999e-05,576577506946.9365
1978-02-02T02:14:05,0.2098,0.0002098,1478620718218.6445
1978-02-02T02:14:36,0.30186,0.00030186000000000004,2127437797909.8193
1978-02-02T02:27:11,0.05237,5.237e-05,369091358499.0964
1978-02-02T02:27:43,0.11451,0.00011451,807039363409.0419
1978-02-02T02:28:15,0.09421,9.421000000000001e-05,663969770559.4781
1978-02-02T02:28:15,0.08067,8.067000000000001e-05,568543056905.1385
1978-02-02T02:28:15,0.06907,6.907e-05,486789003848.24493
1978-02-02T02:28:33,0.04421,4.421e-05,311581610831.4884
1978-02-02T02:28:47,0.05881,5.881e-05,414478953472.06146
1978-02-02T02:45:19,0.03418,3.418e-05,240892545990.05374
1978-02-02T02:57:18,0.05283,5.283e-05,372333329568.5939
1978-02-02T03:28:09,0.04655,4.655e-05,328073376706.75836
1978-02-02T03:28:56,0.02285,2.285e-05,161041388995.69125
1978-02-02T03:29:11,0.02726,2.726e-05,192122024683.69995
1978-02-02T03:30:35,0.0367,3.6700000000000004e-05,258652909240.34442
1978-02-02T04:10:20,0.04335,4.335e-05,305520534484.16705
1978-02-02T04:11:24,0.06916,6.916e-05,487423302535.75525
1978-02-02T04:11:51,0.03559,3.5589999999999996e-05,250829892094.38303
1978-02-02T04:11:53,0.08601,8.601000000000001e-05,606178112364.0878
1978-02-02T04:12:18,0.05283,5.283e-05,372333329568.5939
1978-02-02T04:12:25,0.11442,0.00011441999999999999,806405064721.5315
1978-02-02T04:17:20,0.02913,2.913e-05,205301341857.52676
1978-02-02T04:17:55,0.02461,2.461e-05,173445452218.11652
1978-02-02T04:19:25,0.09289,9.289e-05,654666723142.6592
1978-02-02T04:20:29,0.12465,0.00012465,878503682201.8782
1978-02-02T04:20:48,0.06571,6.571e-05,463108519514.52405
1978-02-02T04:21:33,0.05551,5.5509999999999995e-05,391221334930.0141
1978-02-02T04:21:33,0.04062,4.062000000000001e-05,286280140963.01886
1978-02-02T04:21:55,0.03509,3.5090000000000005e-05,247306010497.10315
1978-02-02T04:22:51,0.02033,2.033e-05,143281025745.4006
1978-02-02T04:49:53,0.05914,5.914e-05,416804715326.2662
1978-02-02T05:07:36,0.06886,6.886e-05,485308973577.3873
1978-02-02T05:08:35,0.06302,6.302e-05,444150036521.1582
1978-02-02T05:38:31,0.14864,0.00014863999999999999,1047579521239.3676
1978-02-02T05:39:35,0.04055,4.055e-05,285786797539.3996
1978-02-02T05:40:39,0.08694,8.694e-05,612732532135.0284
1978-02-02T05:40:48,0.1209,0.0001209,852074570222.2789
1978-02-02T05:41:49,0.05967,5.967e-05,420540029819.3829
1978-02-02T05:42:27,0.07319,7.319000000000001e-05,515825788209.8313
1978-02-02T05:43:03,0.04861,4.8610000000000004e-05,342591768887.5515
1978-02-02T06:05:46,0.03536,3.536e-05,249208906559.63428
1978-02-02T06:16:39,0.03185,3.185e-05,224471257746.72943
1978-02-02T06:17:32,0.02888,2.888e-05,203539401058.8868
1978-02-02T06:38:54,0.03245,3.245e-05,228699915663.4653
1978-02-02T06:49:54,0.06469,6.468999999999999e-05,455919801056.07294
1978-02-02T06:51:23,0.04691,4.691e-05,330610571456.79987
1978-02-02T06:51:27,0.03261,3.261e-05,229827557774.59485
1978-02-02T06:51:44,0.05574,5.574e-05,392842320464.7628
1978-02-02T06:53:43,0.03915,3.9149999999999996e-05,275919929067.01587
1978-02-02T07:02:30,0.03398,3.398e-05,239482993351.14178
1978-02-02T07:30:42,0.03289,3.2890000000000005e-05,231800931469.07162
1978-02-02T07:32:50,0.04034,4.0340000000000003e-05,284306767268.54205
1978-02-02T07:33:19,0.04833,4.833e-05,340618395193.07477
1978-02-02T07:34:29,0.06791,6.791e-05,478613598542.5556
1978-02-02T07:35:01,0.05804,5.804e-05,409052175812.2504
1978-02-02T07:35:34,0.08254,8.254e-05,581722374078.9653
1978-02-02T07:36:01,0.12047,0.00012046999999999999,849044032048.6182
1978-02-02T07:41:58,0.03218,3.218e-05,226797019600.93414
1978-02-02T07:53:12,0.03152,3.152e-05,222145495892.5247
1978-02-02T08:14:49,0.04056,4.056e-05,285857275171.34515
1978-02-02T08:18:19,0.05202,5.202e-05,366624641381.0004
1978-02-02T08:30:17,0.15028,0.00015028,1059137852878.4457
1978-02-02T08:30:36,0.21263,0.00021263000000000003,1498565888059.249
1978-02-02T08:30:36,0.17362,0.00017362,1223632645839.4712
1978-02-02T08:30:44,0.05363,5.363e-05,377971540124.2417
1978-02-02T08:31:08,0.0659,6.59e-05,464447594521.4904
1978-02-02T08:31:18,0.07393,7.392999999999999e-05,521041132973.8054
1978-02-02T08:31:40,0.10253,0.00010253,722607160338.2155
1978-02-02T08:31:40,0.08814,8.813999999999999e-05,621189847968.5
1978-02-02T08:32:13,0.12502,0.00012502,881111354583.8652
1978-02-02T08:32:45,0.0407,4.07e-05,286843962018.5836
1978-02-02T08:49:46,0.04371,4.371e-05,308057729234.20856
1978-02-02T08:56:48,0.05534,5.534e-05,390023215186.93896
1978-02-02T08:59:39,0.04241,4.241e-05,298895637081.2808
1978-02-02T09:11:45,0.04103,4.103e-05,289169723872.7883
1978-02-02T09:23:31,0.04012,4.012e-05,282756259365.7389
1978-02-02T09:33:08,0.03877,3.8769999999999996e-05,273241779053.08313
1978-02-02T09:46:22,0.03639,3.639e-05,256468102650.03088
1978-02-02T09:53:27,0.04379,4.3790000000000006e-05,308621550289.7734
1978-02-02T10:04:40,0.06041,6.041e-05,425755374583.3571
1978-02-02T10:06:25,0.04884,4.884e-05,344212754422.3003
1978-02-02T11:25:06,0.04151,4.151e-05,292552650206.17706
1978-02-02T11:33:42,0.05378,5.3780000000000003e-05,379028704603.4257
1978-02-02T11:36:03,0.07003,7.002999999999999e-05,493554856515.0223
1978-02-02T11:38:31,0.16647,0.00016647,1173241138998.3687
1978-02-02T11:38:37,0.12517,0.00012517,882168519063.0492
1978-02-02T11:45:09,0.12231,0.00012231,862011916326.6084
1978-02-02T11:47:49,0.08181,8.180999999999999e-05,576577506946.9365
1978-02-02T11:48:53,0.06888,6.888e-05,485449928841.27856
1978-02-02T11:55:44,0.05948,5.948e-05,419200954812.4165
1978-02-02T12:07:03,0.0575,5.75e-05,405246383687.1881
1978-02-02T12:17:45,0.06747,6.747e-05,475512582736.9493
1978-02-02T12:18:41,0.05639,5.639e-05,397423366541.22675
1978-02-02T12:18:44,0.08071,8.071e-05,568824967432.9209
1978-02-02T12:19:02,0.1925,0.00019250000000000002,1356694414952.7603
1978-02-02T12:19:13,0.34316,0.00034316,2418510417845.1387
1978-02-02T12:19:23,0.10185,0.00010185,717814681365.9148
1978-02-02T12:19:53,0.24214,0.00024214,1706545379930.7083
1978-02-02T12:20:20,0.12963,0.00012963,913601542910.7859
1978-02-02T12:26:05,0.09494,9.494e-05,669114637691.5067
1978-02-02T12:26:50,0.34256,0.00034256,2414281759928.4023
1978-02-02T12:26:50,0.29331,0.00029331,2067179422596.333
1978-02-02T12:26:50,0.11559,0.00011559,814650947659.1665
1978-02-02T12:27:11,0.21759,0.00021759,1533522793504.2654
1978-02-02T12:27:22,0.15149,0.00015149000000000003,1067665646343.8632
1978-02-02T12:28:26,0.07005,7.005000000000001e-05,493695811778.9136
1978-02-02T12:28:58,0.05845,5.8450000000000005e-05,411941758722.01996
1978-02-02T12:32:13,0.04942,4.942e-05,348300457075.1449
1978-02-02T12:45:04,0.04717,4.717e-05,332442989887.38544
1978-02-02T12:53:33,0.04952,4.952e-05,349005233394.60095
1978-02-02T15:35:25,0.10015,0.00010015000000000001,705833483935.1633
1978-02-02T15:36:21,0.11984,0.00011984,844603941236.0457
1978-02-02T15:36:45,0.07709,7.709000000000001e-05,543312064668.61444
1978-02-02T15:37:06,0.1461,0.0001461,1029678202725.1857
1978-02-02T15:37:06,0.06859,6.859e-05,483406077514.8562
1978-02-02T15:37:06,0.23637,0.00023637,1665879786298.0981
1978-02-02T15:37:06,0.18028,0.00018028,1270570748715.2395
1978-02-02T15:37:24,0.05582,5.5820000000000004e-05,393406141520.3277
1978-02-02T15:37:32,0.04387,4.387e-05,309185371345.33813
1978-02-02T15:37:55,0.03792,3.792e-05,267251180337.70734
1978-02-02T15:44:34,0.04245,4.245e-05,299177547609.06323
1978-02-02T15:48:25,0.03593,3.5929999999999997e-05,253226131580.53333
1978-02-02T21:23:03,0.04218,4.2180000000000006e-05,297274651546.5321
1978-02-02T21:29:25,0.04908,4.908e-05,345904217588.9946
1978-02-02T21:38:55,0.05698,5.698000000000001e-05,401581546826.017
1978-02-02T21:50:40,0.06371,6.371e-05,449012993125.4044
1978-02-02T22:01:57,0.05965,5.965e-05,420399074555.49164
1978-02-02T22:14:11,0.05572,5.572e-05,392701365200.87164
1978-02-02T22:25:56,0.0549,5.49e-05,386922199381.33264
1978-02-02T22:32:21,0.05434,5.434e-05,382975451992.3791
1978-02-02T23:10:18,0.04048,4.0480000000000005e-05,285293454115.78046
1978-02-02T23:27:56,0.04275,4.275e-05,301291876567.4312
1978-02-02T23:28:08,0.04744,4.7440000000000007e-05,334345885949.9166
1978-02-02T23:37:38,0.05398,5.398e-05,380438257242.3376
1978-02-02T23:45:59,0.04534,4.5339999999999996e-05,319545583241.34094
1978-02-02T23:55:12,0.04019,4.019e-05,283249602789.3581
1978-02-03T00:03:50,0.03694,3.694e-05,260344372407.03876
1978-02-03T00:13:59,0.03672,3.672e-05,258793864504.2356
1978-02-03T00:30:33,0.03406,3.406e-05,240046814406.70654
1978-02-03T00:42:19,0.03432,3.4320000000000003e-05,241879232837.2921
1978-02-03T00:54:04,0.03741,3.741e-05,263656821108.48187
1978-02-03T01:05:50,0.04348,4.348e-05,306436743699.4598
1978-02-03T01:17:35,0.04464,4.464e-05,314612149005.1492
1978-02-03T01:29:20,0.04192,4.192e-05,295442233115.94653
1978-02-03T01:41:06,0.04464,4.464e-05,314612149005.1492
1978-02-03T01:51:26,0.04372,4.372e-05,308128206866.1541
1978-02-03T02:01:57,0.04256,4.256e-05,299952801560.4648
1978-02-03T02:29:12,0.10515,0.00010515,741072299907.9622
1978-02-03T02:41:42,0.09376,9.376e-05,660798277121.9263
1978-02-03T02:53:01,0.10513,0.00010513,740931344644.071
1978-02-03T03:02:40,0.12307,0.00012307,867368216354.4738
1978-02-03T03:05:05,0.0993,9.93e-05,699842885219.7875
1978-02-03T03:11:25,0.16666,0.00016666,1174580214005.3352
1978-02-03T03:11:25,0.13551,0.00013550999999999998,955042390494.7975
1978-02-03T03:12:36,0.0885,8.85e-05,623727042718.5416
1978-02-03T03:15:17,0.06463,6.463000000000001e-05,455496935264.3995
1978-02-03T03:30:08,0.06222,6.222e-05,438511825965.51025
1978-02-03T03:40:49,0.05358,5.3580000000000005e-05,377619151964.51373
1978-02-03T03:52:34,0.0509,5.0900000000000004e-05,358731146603.0935
1978-02-03T04:00:35,0.0485,4.85e-05,341816514936.14996
1978-02-03T04:27:03,0.04385,4.385e-05,309044416081.44696
1978-02-03T04:40:40,0.04334,4.3339999999999995e-05,305450056852.2214
1978-02-03T04:52:07,0.04437,4.4370000000000004e-05,312709252942.61804
1978-02-03T04:54:02,0.16305,0.00016305,1149137788872.9744
1978-02-03T04:54:02,0.13963,0.00013963000000000002,984079174856.384
1978-02-03T04:54:02,0.32738,0.00032738,2307296714634.985
1978-02-03T04:54:34,0.20163,0.00020163,1421040492919.091
1978-02-03T04:54:34,0.26618,0.00026618000000000003,1875973607127.926
1978-02-03T04:54:34,0.24311,0.00024311,1713381710229.4314
1978-02-03T04:55:11,0.09595,9.595e-05,676232878518.0121
1978-02-03T04:55:24,0.06087,6.0870000000000005e-05,428997345652.8547
1978-02-03T04:55:29,0.11549,0.00011549,813946171339.7104
1978-02-03T04:55:38,0.05083,5.083e-05,358237803179.47424
1978-02-03T04:55:53,0.07319,7.319000000000001e-05,515825788209.8313
1978-02-03T05:02:24,0.05367,5.3670000000000006e-05,378253450652.0241
1978-02-03T05:03:07,0.06496,6.496e-05,457822697118.6042
1978-02-03T05:03:39,0.08887,8.887000000000001e-05,626334715100.5288
1978-02-03T05:06:52,0.1242,0.0001242,875332188764.3264
1978-02-03T05:07:44,0.10698,0.00010698000000000001,753969706554.0067
1978-02-03T05:19:26,0.09855,9.855e-05,694557062823.8676
1978-02-03T05:23:16,0.0841,8.41e-05,592716884662.4785
1978-02-03T05:23:58,0.22699,0.00022699,1599771767533.1272
1978-02-03T05:24:30,0.18605,0.00018605,1311236342347.8496
1978-02-03T05:25:02,0.15936,0.00015936,1123131542685.0486
1978-02-03T05:25:13,0.11932,0.00011932,840939104374.8745
1978-02-03T05:30:36,0.06782,6.782000000000001e-05,477979299855.0452
1978-02-03T05:41:36,0.1948,0.0001948,1372904270300.2476
1978-02-03T05:42:08,0.06176,6.176e-05,435269854896.0129
1978-02-03T05:42:08,0.38765,0.00038765,2732065402371.104
1978-02-03T05:42:08,0.49473,0.00049473,3486739885244.5664
1978-02-03T05:42:23,0.15207,0.00015207000000000003,1071753348996.7079
1978-02-03T05:42:24,0.28485,0.00028485,2007555345970.3572
1978-02-03T05:42:58,0.12789,0.00012789,901338434952.252
1978-02-03T05:43:33,0.10367,0.00010367,730641610380.0137
1978-02-03T05:43:44,0.08567,8.567e-05,603781872877.9375
1978-02-03T05:51:04,0.05398,5.398e-05,380438257242.3376
1978-02-03T06:01:22,0.05521,5.521e-05,389107005971.6462
1978-02-03T06:28:38,0.06066,6.066e-05,427517315381.997
1978-02-03T06:40:23,0.05489,5.4890000000000005e-05,386851721749.387
1978-02-03T06:51:27,0.0484,4.84e-05,341111738616.694
1978-02-03T07:03:54,0.04685,4.685e-05,330187705665.12634
1978-02-03T07:13:31,0.04375,4.375e-05,308339639761.9909
1978-02-03T07:33:39,0.04132,4.1320000000000004e-05,291213575199.2107
1978-02-03T07:36:21,0.10096,0.00010096,711542172122.7567
1978-02-03T07:36:41,0.16596,0.00016596,1169646779769.1433
1978-02-03T07:37:34,0.2222,0.0002222,1566012981831.186
1978-02-03T07:37:43,0.07537,7.537e-05,531189911973.9716
1978-02-03T07:37:50,0.05208,5.208e-05,367047507172.674
1978-02-03T07:39:43,0.06458,6.458e-05,455144547104.6714
1978-02-03T07:44:15,0.0393,3.93e-05,276977093546.1998
1978-02-03T08:04:35,0.04195,4.195e-05,295653666011.7834
1978-02-03T08:11:32,0.04647,4.647e-05,327509555651.1936
1978-02-03T08:14:27,0.18203,0.00018203,1282904334305.7192
1978-02-03T08:14:59,0.21608,0.00021608,1522880671080.48
1978-02-03T08:14:59,0.42975,0.00042975,3028776232862.071
1978-02-03T08:15:13,0.27085,0.00027085,1908886661246.5198
1978-02-03T08:15:31,0.14414,0.00014413999999999999,1015864586863.8485
1978-02-03T08:15:31,0.55202,0.00055202,3890506238660.8965
1978-02-03T08:15:31,0.34053,0.00034053,2399974800643.4463
1978-02-03T08:15:52,0.10738,0.00010738,756788811831.8306
1978-02-03T08:16:35,0.06224,6.224e-05,438652781229.4015
1978-02-03T08:16:46,0.07667,7.667000000000001e-05,540352004126.8994
1978-02-03T08:17:57,0.05233,5.233e-05,368809447971.31396
1978-02-03T08:18:53,0.09127,9.127000000000001e-05,643249346767.4724
1978-02-03T08:21:08,0.05051,5.051e-05,355982518957.21515
1978-02-03T08:23:32,0.06168,6.168e-05,434706033840.44806
1978-02-03T08:24:41,0.07541,7.541000000000001e-05,531471822501.7541
1978-02-03T08:25:51,0.09284,9.284000000000001e-05,654314334982.9313
1978-02-03T08:29:38,0.11454,0.00011454000000000001,807250796304.8787
1978-02-03T08:38:07,0.10262,0.00010262,723241459025.726
1978-02-03T08:45:27,0.08819,8.819000000000001e-05,621542236128.2283
1978-02-03T08:55:04,0.07635,7.635e-05,538096719904.64014
1978-02-03T09:07:32,0.06736,6.736e-05,474737328785.54767
1978-02-03T09:11:59,0.063,6.3e-05,444009081257.26697
1978-02-03T09:14:46,0.12261,0.00012261,864126245284.9762
1978-02-03T09:14:51,0.20029,0.00020029,1411596490238.3809
1978-02-03T09:14:51,0.17938,0.00017938,1264227761840.1357
1978-02-03T09:17:14,0.07881,7.881000000000001e-05,555434217363.2573
1978-02-03T09:20:03,0.06556,6.555999999999999e-05,462051355035.3399
1978-02-03T09:22:51,0.05962,5.962e-05,420187641659.6549
1978-02-03T09:33:33,0.04941,4.941e-05,348229979443.19934
1978-02-03T09:45:37,0.04899,4.899e-05,345269918901.4842
1978-02-03T09:58:04,0.05018,5.0180000000000004e-05,353656757103.01044
1978-02-03T10:08:49,0.059,5.9e-05,415818028479.0278
1978-02-03T10:20:35,0.0571,5.71e-05,402427278409.3642
1978-02-03T10:29:08,0.0531,5.31e-05,374236225631.12506
1978-02-03T10:41:43,0.04933,4.933e-05,347666158387.6346
1978-02-03T10:52:07,0.04661,4.661e-05,328496242498.43195
1978-02-03T10:59:53,0.04174,4.1740000000000004e-05,294173635740.9258
1978-02-03T11:09:45,0.04113,4.113e-05,289874500192.24426
1978-02-03T11:26:51,0.04583,4.583000000000001e-05,322998987206.67535
1978-02-03T11:40:56,0.06062,6.062e-05,427235404854.2146
1978-02-03T11:41:10,0.04843,4.843e-05,341323171512.5308
1978-02-03T11:58:55,0.04564,4.5640000000000003e-05,321659912199.709
1978-02-03T12:02:07,0.05169,5.169e-05,364298879526.7957
1978-02-03T12:24:34,0.04329,4.329e-05,305097668692.4934
1978-02-03T12:34:11,0.04816,4.816e-05,339420275449.9996
1978-02-03T12:39:00,0.05205,5.205e-05,366836074276.8372
1978-02-03T12:55:55,0.0681,6.81e-05,479952673549.5219
1978-02-03T12:56:06,0.08259,8.259e-05,582074762238.6934
1978-02-03T12:57:42,0.06039,6.039e-05,425614419319.46594
1978-02-03T13:16:34,0.09951,9.951e-05,701322915490.645
1978-02-03T13:17:11,0.07819,7.819e-05,551064604182.6301
1978-02-03T13:18:19,0.1288,0.00012880000000000001,907751899459.3014
1978-02-03T13:19:37,0.15138,0.00015137999999999998,1066890392392.4613
1978-02-03T13:36:43,0.12611,0.00012611,888793416465.9354
1978-02-03T13:39:59,0.09714,9.714000000000001e-05,684619716719.5385
1978-02-03T13:41:00,0.06562,6.562e-05,462474220827.0136
1978-02-03T13:41:46,0.07471,7.471e-05,526538388265.5621
1978-02-03T13:43:08,0.10859,0.00010859,765316605297.2479
1978-02-03T13:59:55,0.07712,7.712e-05,543523497564.4512
1978-02-03T14:10:23,0.09629,9.629e-05,678629118004.1625
1978-02-03T14:12:28,0.08005,8.005e-05,564173443724.5114
1978-02-03T14:36:35,0.03885,3.885e-05,273805600108.64798
1978-02-03T14:55:17,0.03579,3.579e-05,252239444733.295
1978-02-03T15:10:09,0.03963,3.963e-05,279302855400.4046
1978-02-03T15:10:47,0.0479,4.79e-05,337587857019.41406
1978-02-03T15:40:43,0.12765,0.00012765,899646971785.5576
1978-02-03T15:40:46,0.05206,5.2060000000000006e-05,366906551908.78284
1978-02-03T15:41:19,0.09593,9.593e-05,676091923254.1208
1978-02-03T15:42:44,0.07513,7.513000000000001e-05,529498448807.2773
1978-02-03T15:47:39,0.06081,6.081e-05,428574479861.181
1978-02-03T15:47:39,0.04972,4.972e-05,350414786033.51294
1978-02-03T16:11:19,0.06491,6.491e-05,457470308958.87616
1978-02-03T16:17:12,0.0507,5.0700000000000006e-05,357321593964.1815
1978-02-03T16:24:00,0.0662,6.62e-05,466561923479.8583
1978-02-03T16:24:38,0.05622,5.622e-05,396225246798.15155
1978-02-03T16:26:08,0.04782,4.782e-05,337024035963.8493
1978-02-03T16:27:44,0.1575,0.0001575,1110022703143.1675
1978-02-03T16:27:52,0.11319,0.00011319,797736315992.223
1978-02-03T16:28:59,0.08895,8.895000000000001e-05,626898536156.0936
1978-02-03T16:29:09,0.07384,7.384e-05,520406834286.29504
1978-02-03T16:30:06,0.19585,0.00019585,1380304421654.5354
1978-02-03T16:37:00,0.08888,8.888e-05,626405192732.4744
1978-02-03T16:38:58,0.10581,0.00010581,745723823616.3718
1978-02-03T16:39:19,0.11946,0.00011946,841925791222.1128
1978-02-03T17:04:37,0.11491,0.00011491,809858468686.8657
1978-02-03T17:07:14,0.09646,9.646000000000001e-05,679827237747.2377
1978-02-03T17:07:37,0.20166,0.00020166000000000002,1421251925814.928
1978-02-03T17:07:37,0.17266,0.00017266000000000002,1216866793172.6938
1978-02-03T17:07:49,0.14851,0.00014851,1046663312024.0748
1978-02-03T17:07:49,0.34865,0.00034865000000000004,2457202637783.272
1978-02-03T17:07:49,0.31136,0.00031136000000000005,2194391548258.1375
1978-02-03T17:08:01,0.25626,0.00025626,1806059796237.8926
1978-02-03T17:08:54,0.124,0.000124,873922636125.4143
1978-02-03T17:18:31,0.09628,9.628e-05,678558640372.2169
1978-02-03T17:19:51,0.12848,0.00012848000000000002,905496615237.0424
1978-02-03T17:20:33,0.15476,0.00015476000000000002,1090711831990.0737
1978-02-03T17:29:48,0.09385,9.385e-05,661432575809.4366
1978-02-03T17:33:14,0.07604,7.604e-05,535911913314.32666
1978-02-03T17:45:14,0.0587,5.8700000000000004e-05,413703699520.65985
1978-02-03T18:09:17,0.11105,0.00011105,782654102755.865
1978-02-03T18:10:25,0.09157,9.157e-05,645363675725.8403
1978-02-03T18:11:18,0.04527,4.527e-05,319052239817.7218
1978-02-03T18:18:11,0.07154,7.154000000000001e-05,504196978938.8077
1978-02-03T18:20:31,0.13913,0.00013913,980555293259.104
1978-02-03T18:21:21,0.0959,9.59e-05,675880490358.2842
1978-02-03T18:21:27,0.05465,5.465e-05,385160258582.6927
1978-02-03T18:39:58,0.03863,3.863e-05,272255092205.84482
1978-02-03T18:45:06,0.08155,8.155e-05,574745088516.3512
1978-02-03T18:45:38,0.06956,6.956e-05,490242407813.5792
1978-02-03T18:45:38,0.05101,5.101e-05,359506400554.49506
1978-02-03T18:45:38,0.15192,0.00015192,1070696184517.5237
1978-02-03T18:45:54,0.10126,0.00010126,713656501081.1248
1978-02-03T18:46:02,0.1294,0.0001294,911980557376.0371
1978-02-03T18:47:35,0.03608,3.608e-05,254283296059.71732
1978-02-03T20:04:23,0.03359,3.359e-05,236734365705.26343
1978-02-03T20:06:52,0.04682,4.682e-05,329976272769.28955
1978-02-03T20:19:41,0.04007,4.007e-05,282403871206.0109
1978-02-03T20:27:10,0.13424,0.00013424,946091731237.7065
1978-02-03T20:27:33,0.09855,9.855e-05,694557062823.8676
1978-02-03T20:27:57,0.0631,6.31e-05,444713857576.7229
1978-02-03T20:28:46,0.117,0.00011700000000000001,824588293763.4958
1978-02-03T20:28:46,0.07518,7.518e-05,529850836967.0052
1978-02-03T21:56:34,0.03229,3.229e-05,227572273552.3357
1978-02-03T22:14:57,0.03049,3.049e-05,214886299802.12808
1978-02-03T22:23:41,0.03031,3.031e-05,213617702427.1073
1978-02-04T03:36:58,0.0604,6.0400000000000004e-05,425684896951.41156
1978-02-04T08:32:27,0.02884,2.8840000000000002e-05,203257490531.10443
1978-02-04T08:43:49,0.06553,6.553e-05,461839922139.50323
1978-02-04T08:44:15,0.04929,4.9290000000000004e-05,347384247859.85223
1978-02-04T08:44:47,0.03939,3.939e-05,277611392233.71027
1978-02-04T08:45:30,0.0315,3.15e-05,222004540628.63348
1978-02-04T09:24:19,0.0303,3.03e-05,213547224795.1617
1978-02-04T09:27:34,0.03914,3.914e-05,275849451435.0703
1978-02-04T09:32:17,0.04449,4.449e-05,313554984525.9652
1978-02-04T09:33:21,0.13743,0.00013743,968574095828.3523
1978-02-04T09:35:12,0.11049,0.00011049000000000001,778707355366.9116
1978-02-04T09:36:02,0.07976,7.976e-05,562129592398.089
1978-02-04T09:36:16,0.05622,5.622e-05,396225246798.15155
1978-02-04T09:38:57,0.04626,4.626e-05,326029525380.336
1978-02-04T10:08:59,0.02768,2.768e-05,195082085225.41507
1978-02-04T10:15:46,0.02589,2.589e-05,182466589107.15305
1978-02-04T10:20:34,0.03101,3.101e-05,218551136663.2992
1978-02-04T10:27:59,0.04118,4.118e-05,290226888351.9723
1978-02-04T10:29:11,0.04844,4.844e-05,341393649144.4764
1978-02-04T10:30:51,0.03345,3.345e-05,235747678858.02505
1978-02-04T10:42:14,0.03364,3.364e-05,237086753864.99146
1978-02-04T10:54:01,0.03285,3.285e-05,231519020941.28918
1978-02-04T11:05:49,0.03189,3.189e-05,224753168274.5118
1978-02-04T11:16:01,0.03087,3.087e-05,217564449816.06082
1978-02-04T12:27:20,0.04426,4.426e-05,311933998991.21643
1978-02-04T12:28:52,0.03589,3.589e-05,252944221052.75095
1978-02-04T12:32:42,0.03036,3.036e-05,213970090586.83533
1978-02-04T12:44:30,0.02972,2.972e-05,209459522142.31705
1978-02-04T12:51:53,0.02555,2.555e-05,180070349621.00272
1978-02-04T12:56:04,0.03099,3.099e-05,218410181399.408
1978-02-04T13:04:01,0.03393,3.393e-05,239130605191.4138
1978-02-04T13:05:25,0.04329,4.329e-05,305097668692.4934
1978-02-04T13:24:19,0.02555,2.555e-05,180070349621.00272
1978-02-04T13:29:10,0.03001,3.001e-05,211503373468.73938
1978-02-04T13:30:05,0.03576,3.576e-05,252028011837.45822
1978-02-04T13:40:16,0.028,2.8e-05,197337369447.6742
1978-02-04T13:52:04,0.02923,2.923e-05,206006118176.98276
1978-02-04T13:59:34,0.03009,3.0089999999999998e-05,212067194524.30414
1978-02-04T14:15:40,0.02871,2.871e-05,202341281315.81165
1978-02-04T14:29:20,0.02956,2.956e-05,208331880031.1875
1978-02-04T14:39:15,0.02984,2.984e-05,210305253725.6642
1978-02-04T14:48:22,0.02915,2.915e-05,205442297121.41797
1978-02-04T15:36:20,0.29637,0.00029637,2088745577971.6858
1978-02-04T15:37:10,0.20123,0.00020123,1418221387641.267
1978-02-04T15:37:10,0.15708,0.00015708,1107062642601.4521
1978-02-04T15:39:32,0.07048,7.048e-05,496726349952.5742
1978-02-04T15:39:38,0.12133,0.00012132999999999999,855105108395.9397
1978-02-04T15:40:31,0.04698,4.698e-05,331103914880.41907
1978-02-04T15:40:39,0.03472,3.472e-05,244698338115.116
1978-02-04T15:58:37,0.03382,3.3820000000000005e-05,238355351240.0122
1978-02-04T17:53:23,0.06737,6.737e-05,474807806417.4932
1978-02-04T17:53:30,0.39137,0.00039137,2758283081454.8657
1978-02-04T17:54:06,0.27275,0.00027275,1922277411316.1836
1978-02-04T17:55:32,0.18036,0.00018036,1271134569770.8042
1978-02-04T17:56:43,0.09618,9.618e-05,677853864052.761
1978-02-04T18:02:30,0.93564,0.0009356400000000001,6594169155357.925
1978-02-04T18:04:07,0.42031,0.00042031,2962245348305.427
1978-02-04T18:04:07,0.35992,0.00035992,2536630928985.9604
1978-02-04T18:05:58,0.5383,0.0005383,3793810927631.5366
1978-02-04T18:07:05,0.20637,0.00020637,1454446890461.3042
1978-02-04T18:07:20,0.28971,0.00028971000000000004,2041807475095.918
1978-02-04T18:07:41,0.11704,0.00011704,824870204291.2782
1978-02-04T18:08:43,0.09711,9.711000000000001e-05,684408283823.7015
1978-02-04T18:09:07,0.02125,2.125e-05,149764967884.3956
1978-02-04T18:09:11,0.04749,4.749e-05,334698274109.6446
1978-02-04T18:09:43,0.03018,3.018e-05,212701493211.81454
1978-02-04T18:10:00,0.06047,6.047e-05,426178240375.0307
1978-02-04T19:38:30,0.03523,3.523e-05,248292697344.34152
1978-02-04T19:45:39,0.0581,5.81e-05,409475041603.92395
1978-02-04T19:45:50,0.04684,4.684e-05,330117228033.1807
1978-02-04T19:46:47,0.06932,6.932000000000001e-05,488550944646.8849
1978-02-04T19:47:01,0.09183,9.183e-05,647196094156.4257
1978-02-04T19:50:16,0.14678,0.00014678,1034470681697.4863
1978-02-04T20:07:06,0.04201,4.201e-05,296076531803.45685
1978-02-04T20:07:27,0.06999,6.999e-05,493272945987.2399
1978-02-04T20:07:27,0.05772,5.772e-05,406796891589.9913
1978-02-04T20:07:27,0.04942,4.942e-05,348300457075.1449
1978-02-04T20:08:31,0.02027,2.027e-05,142858159953.727
1978-02-04T20:08:31,0.01482,1.482e-05,104447850543.37614
1978-02-04T20:08:31,0.01269,1.269e-05,89436114938.96378
1978-02-04T20:08:31,0.01087,1.087e-05,76609185924.86494
1978-02-04T20:09:18,0.00678,6.7799999999999995e-06,47783834459.115395
1978-02-04T20:09:36,0.00485,4.85e-06,34181651493.614994
1978-02-04T20:09:57,0.02791,2.7910000000000002e-05,196703070760.16385
1978-02-04T20:11:58,0.03373,3.3730000000000004e-05,237721052552.50186
1978-02-04T20:12:54,0.00895,8.949999999999999e-06,63077480591.31014
1978-02-04T20:19:02,0.0321,3.2099999999999994e-05,226233198545.36932
1978-02-04T20:19:15,0.04235,4.235e-05,298472771289.60724
1978-02-04T20:20:06,0.00949,9.49e-06,66883272716.37244
1978-02-04T21:23:04,0.03973,3.973e-05,280007631719.8606
1978-02-04T21:23:36,0.0543,5.4300000000000005e-05,382693541464.5968
1978-02-04T21:24:08,0.02946,2.946e-05,207627103711.73148
1978-02-04T21:33:31,0.02622,2.622e-05,184792350961.35776
1978-02-04T21:41:18,0.05187,5.187e-05,365567476901.8165
1978-02-04T21:42:14,0.02773,2.773e-05,195434473385.14307
1978-02-04T23:04:37,0.02726,2.726e-05,192122024683.69995
1978-02-04T23:10:19,0.02084,2.084e-05,146875384974.62607
1978-02-04T23:11:56,0.02576,2.576e-05,181550379891.86026
1978-02-04T23:15:52,0.02961,2.9610000000000003e-05,208684268190.9155
1978-02-04T23:28:49,0.02884,2.8840000000000002e-05,203257490531.10443
1978-02-04T23:36:36,0.02864,2.864e-05,201847937892.19244
1978-02-04T23:51:37,0.02853,2.853e-05,201072683940.7909
1978-02-04T23:59:39,0.02824,2.824e-05,199028832614.36856
1978-02-05T00:04:10,0.03006,3.006e-05,211855761628.46738
1978-02-05T00:14:50,0.02838,2.838e-05,200015519461.60693
1978-02-05T00:18:02,0.02476,2.476e-05,174502616697.30048
1978-02-05T00:34:16,0.02867,2.867e-05,202059370788.02927
1978-02-05T00:43:23,0.03036,3.036e-05,213970090586.83533
1978-02-05T01:31:56,0.03809,3.809e-05,268449300080.78253
1978-02-05T01:35:11,0.03417,3.417e-05,240822068358.10812
1978-02-05T01:49:36,0.03554,3.554e-05,250477503934.65506
1978-02-05T01:59:41,0.03388,3.388e-05,238778217031.6858
1978-02-05T02:03:58,0.03368,3.368e-05,237368664392.77383
1978-02-05T02:11:26,0.14119,0.00014119000000000002,995073685439.8973
1978-02-05T02:11:52,0.08347,8.347e-05,588276793849.906
1978-02-05T02:11:53,0.05111,5.1110000000000004e-05,360211176873.951
1978-02-05T02:12:29,0.04048,4.0480000000000005e-05,285293454115.78046
1978-02-05T02:15:37,0.03583,3.583e-05,252521355261.0774
1978-02-05T02:21:13,0.03714,3.714e-05,261753925045.9507
1978-02-05T03:15:05,0.03492,3.492e-05,246107890754.02795
1978-02-05T03:26:49,0.03213,3.213e-05,226444631441.20612
1978-02-05T03:38:33,0.03195,3.195e-05,225176034066.18536
1978-02-05T03:48:41,0.0328,3.2800000000000004e-05,231166632781.56122
1978-02-05T04:02:37,0.0321,3.2099999999999994e-05,226233198545.36932
1978-02-05T04:16:29,0.03325,3.325e-05,234338126219.11313
1978-02-05T04:18:03,0.12376,0.00012376,872231172958.7198
1978-02-05T04:19:20,0.06509,6.509e-05,458738906333.897
1978-02-05T04:19:26,0.10816,0.00010816000000000001,762286067123.5873
1978-02-05T04:19:28,0.04082,4.0820000000000006e-05,287689693601.9308
1978-02-05T04:19:29,0.07875,7.875e-05,555011351571.5837
1978-02-05T04:27:36,0.03293,3.2930000000000005e-05,232082841996.85403
1978-02-05T04:39:27,0.03436,3.436e-05,242161143365.07452
1978-02-05T04:46:43,0.05055,5.0549999999999995e-05,356264429484.9975
1978-02-05T04:47:03,0.04481,4.4810000000000006e-05,315810268748.22437
1978-02-05T04:49:43,0.03375,3.375e-05,237862007816.39304
1978-02-05T04:59:16,0.03008,3.008e-05,211996716892.35855
1978-02-05T05:11:20,0.03283,3.2829999999999996e-05,231378065677.39798
1978-02-05T05:23:04,0.03243,3.243e-05,228558960399.57407
1978-02-05T05:34:48,0.03217,3.217e-05,226726541968.98853
1978-02-05T05:46:32,0.03328,3.328e-05,234549559114.94992
1978-02-05T05:57:33,0.03648,3.6479999999999996e-05,257102401337.5412
1978-02-05T06:09:06,0.03587,3.587e-05,252803265788.85977
1978-02-05T06:16:45,0.03243,3.243e-05,228558960399.57407
1978-02-05T06:25:48,0.03245,3.245e-05,228699915663.4653
1978-02-05T06:28:40,0.04084,4.084e-05,287830648865.82196
1978-02-05T06:31:04,0.08563,8.563e-05,603499962350.1552
1978-02-05T06:31:20,0.19796,0.00019796,1395175201995.0566
1978-02-05T06:31:20,0.15853,0.00015853000000000002,1117281899233.564
1978-02-05T06:31:20,0.13549,0.00013549,954901435230.9064
1978-02-05T06:31:20,0.1158,0.0001158,816130977930.024
1978-02-05T06:31:20,0.26118,0.00026118,1840734791155.127
1978-02-05T06:31:51,0.37504,0.00037504,2643193108487.705
1978-02-05T06:31:52,0.07337,7.337000000000001e-05,517094385584.8521
1978-02-05T06:35:02,0.05745,5.745e-05,404893995527.4601
1978-02-05T06:36:11,0.0314,3.14e-05,221299764309.1775
1978-02-05T06:45:54,0.14209,0.00014209,1001416672315.001
1978-02-05T06:46:16,0.19845,0.00019845,1398628605960.3909
1978-02-05T06:46:58,0.04666,4.6660000000000004e-05,328848630658.16
1978-02-05T06:47:20,0.08871,8.871e-05,625207072989.3992
1978-02-05T06:47:20,0.06489,6.489000000000001e-05,457329353694.98505
1978-02-05T06:48:24,0.03977,3.977e-05,280289542247.64294
1978-02-05T06:48:33,0.03398,3.398e-05,239482993351.14178
1978-02-05T06:49:21,0.02605,2.605e-05,183594231218.2826
1978-02-05T06:50:58,0.02248,2.248e-05,158433716613.70416
1978-02-05T13:29:26,0.04806,4.806e-05,338715499130.54364
1978-02-05T13:42:14,0.04806,4.806e-05,338715499130.54364
1978-02-05T13:57:10,0.05217,5.2170000000000004e-05,367681805860.18445
1978-02-05T14:08:54,0.05035,5.035e-05,354854876846.0856
1978-02-05T14:20:38,0.04867,4.867e-05,343014634679.2251
1978-02-05T14:32:22,0.04526,4.5260000000000004e-05,318981762185.7763
1978-02-05T14:44:06,0.04382,4.382e-05,308832983185.6101
1978-02-05T14:52:38,0.04452,4.452e-05,313766417421.80194
1978-02-05T15:31:59,0.04193,4.193e-05,295512710747.89215
1978-02-05T15:44:11,0.04223,4.223e-05,297627039706.2601
1978-02-05T15:55:33,0.04217,4.217e-05,297204173914.5864
1978-02-05T16:07:17,0.04365,4.3650000000000004e-05,307634863442.535
1978-02-05T16:19:01,0.04645,4.645e-05,327368600387.30237
1978-02-05T16:30:45,0.04588,4.588e-05,323351375366.4033
1978-02-05T16:42:29,0.04351,4.351e-05,306648176595.29663
1978-02-05T16:54:13,0.04442,4.4420000000000005e-05,313061641102.34607
1978-02-05T17:05:50,0.04338,4.338e-05,305731967380.00385
1978-02-05T17:15:01,0.04213,4.2130000000000005e-05,296922263386.8041
1978-02-05T17:33:41,0.043,4.2999999999999995e-05,303053817366.07104
1978-02-05T17:45:25,0.04588,4.588e-05,323351375366.4033
1978-02-05T17:57:09,0.0488,4.880000000000001e-05,343930843894.51794
1978-02-05T18:08:53,0.0533,5.33e-05,375645778270.037
1978-02-05T18:18:29,0.05538,5.538e-05,390305125714.7213
1978-02-05T18:32:21,0.05351,5.351e-05,377125808540.89453
1978-02-05T18:42:28,0.04933,4.933e-05,347666158387.6346
1978-02-05T18:44:04,0.04535,4.5350000000000005e-05,319616060873.2866
1978-02-05T19:04:44,0.0484,4.84e-05,341111738616.694
1978-02-05T19:10:12,0.13043,0.00013042999999999998,919239753466.4337
1978-02-05T19:11:14,0.10384,0.00010384000000000001,731839730123.0889
1978-02-05T19:12:20,0.05815,5.8150000000000004e-05,409827429763.652
1978-02-05T19:13:32,0.04683,4.683e-05,330046750401.2351
1978-02-05T19:19:48,0.04309,4.309e-05,303688116053.5815
1978-02-05T20:20:47,0.03742,3.7420000000000004e-05,263727298740.4275
1978-02-05T20:28:15,0.03754,3.7539999999999996e-05,264573030323.7746
1978-02-05T21:02:44,0.03549,3.549e-05,250125115774.92703
1978-02-05T21:16:14,0.03403,3.403e-05,239835381510.86972
1978-02-05T21:27:07,0.03538,3.5380000000000003e-05,249349861823.5255
1978-02-05T21:37:11,0.03433,3.433e-05,241949710469.23767
1978-02-05T22:01:59,0.03466,3.4660000000000004e-05,244275472323.44244
1978-02-05T22:02:13,0.06516,6.515999999999999e-05,459232249757.51605
1978-02-05T22:03:59,0.05167,5.1670000000000005e-05,364157924262.90454
1978-02-05T22:06:52,0.02929,2.929e-05,206428983968.6563
1978-02-05T22:12:51,0.03151,3.151e-05,222075018260.5791
1978-02-05T22:22:43,0.03168,3.168e-05,223273138003.65427
1978-02-05T22:34:27,0.03207,3.207e-05,226021765649.5326
1978-02-05T22:42:27,0.0314,3.14e-05,221299764309.1775
1978-02-05T23:18:35,0.033,3.3e-05,232576185420.47318
1978-02-05T23:25:22,0.03716,3.7159999999999997e-05,261894880309.8419
1978-02-05T23:29:00,0.0427,4.27e-05,300939488407.7032
1978-02-05T23:32:35,0.03605,3.605e-05,254071863163.88055
1978-02-05T23:38:27,0.04217,4.217e-05,297204173914.5864
1978-02-06T00:02:41,0.04169,4.1689999999999996e-05,293821247581.19775
1978-02-06T00:12:02,0.0341,3.41e-05,240328724934.48895
1978-02-06T00:13:52,0.02951,2.9510000000000004e-05,207979491871.4595
1978-02-06T00:41:07,0.03124,3.124e-05,220172122198.04794
1978-02-06T05:26:01,0.03772,3.772e-05,265841627698.79535
1978-02-06T05:59:09,0.03388,3.388e-05,238778217031.6858
1978-02-06T06:10:54,0.03366,3.3660000000000006e-05,237227709128.88266
1978-02-06T06:22:40,0.0341,3.41e-05,240328724934.48895
1978-02-06T06:34:42,0.03922,3.922e-05,276413272490.6351
1978-02-06T06:44:03,0.04405,4.405e-05,310453968720.3588
1978-02-06T06:55:48,0.04433,4.4330000000000004e-05,312427342414.8357
1978-02-06T07:06:36,0.0508,5.08e-05,358026370283.6375
1978-02-06T07:07:58,0.04148,4.148e-05,292341217310.3403
1978-02-06T07:19:48,0.03687,3.687e-05,259851028983.41956
1978-02-06T07:31:05,0.03322,3.322e-05,234126693323.2763
1978-02-06T07:42:50,0.03311,3.311e-05,233351439371.87476
1978-02-06T07:54:36,0.03329,3.329e-05,234620036746.8955
1978-02-06T08:06:22,0.03432,3.4320000000000003e-05,241879232837.2921
1978-02-06T08:16:31,0.0382,3.82e-05,269224554032.18408
1978-02-06T08:23:17,0.04476,4.4760000000000005e-05,315457880588.4964
1978-02-06T08:35:13,0.04323,4.323e-05,304674802900.8198
1978-02-06T08:46:59,0.03935,3.935e-05,277329481705.92786
1978-02-06T08:58:44,0.03819,3.8190000000000005e-05,269154076400.23853
1978-02-06T09:10:30,0.03755,3.755e-05,264643507955.7202
1978-02-06T09:21:59,0.03953,3.953e-05,278598079080.9486
1978-02-06T09:34:01,0.03596,3.596e-05,253437564476.37015
1978-02-06T09:45:47,0.03344,3.344e-05,235677201226.07947
1978-02-06T09:57:32,0.03163,3.163e-05,222920749843.92624
1978-02-06T10:09:18,0.03114,3.1140000000000003e-05,219467345878.59195
1978-02-06T10:21:03,0.0315,3.15e-05,222004540628.63348
1978-02-06T10:32:49,0.03279,3.279e-05,231096155149.61563
1978-02-06T10:44:34,0.03399,3.399e-05,239553470983.08734
1978-02-06T10:55:28,0.0321,3.2099999999999994e-05,226233198545.36932
1978-02-06T12:38:57,0.03189,3.189e-05,224753168274.5118
1978-02-06T12:50:43,0.03072,3.0720000000000004e-05,216507285336.87686
1978-02-06T13:02:28,0.02914,2.914e-05,205371819489.47235
1978-02-06T13:14:14,0.02909,2.909e-05,205019431329.7444
1978-02-06T13:25:59,0.02851,2.851e-05,200931728676.8997
1978-02-06T13:37:45,0.02928,2.928e-05,206358506336.71072
1978-02-06T13:49:30,0.0297,2.97e-05,209318566878.42584
1978-02-06T14:01:16,0.02913,2.913e-05,205301341857.52676
1978-02-06T14:13:01,0.02897,2.897e-05,204173699746.3972
1978-02-06T14:24:47,0.02947,2.947e-05,207697581343.6771
1978-02-06T14:36:32,0.03227,3.227e-05,227431318288.44452
1978-02-06T14:48:18,0.03136,3.136e-05,221017853781.39508
1978-02-06T14:54:43,0.0308,3.08e-05,217071106392.44165
1978-02-06T16:11:19,0.0306,3.06e-05,215661553753.52966
1978-02-06T16:19:10,0.03331,3.331e-05,234760992010.78668
1978-02-06T16:36:16,0.04931,4.931e-05,347525203123.7434
1978-02-06T16:37:20,0.0673,6.73e-05,474314462993.874
1978-02-06T16:37:36,0.04037,4.037e-05,284518200164.37885
1978-02-06T16:37:38,0.05596,5.5960000000000006e-05,394392828367.5661
1978-02-06T16:50:55,0.0376,3.76e-05,264995896115.4482
1978-02-06T16:59:00,0.11526,0.00011526,812325185804.9618
1978-02-06T16:59:26,0.06466,6.466e-05,455708368160.2362
1978-02-06T16:59:47,0.07673,7.673e-05,540774869918.57294
1978-02-06T17:01:04,0.04605,4.605e-05,324549495109.4785
1978-02-06T17:02:00,0.09191,9.191e-05,647759915211.9906
1978-02-06T17:03:42,0.05384,5.384e-05,379451570395.09924
1978-02-06T17:15:49,0.04724,4.7239999999999995e-05,332936333311.0046
1978-02-06T17:27:35,0.04691,4.691e-05,330610571456.79987
1978-02-06T17:39:20,0.04703,4.703e-05,331456303040.14703
1978-02-06T17:51:06,0.04721,4.7210000000000004e-05,332724900415.16785
1978-02-06T18:02:51,0.04295,4.295e-05,302701429206.3431
1978-02-06T18:14:08,0.04115,4.115e-05,290015455456.13544
1978-02-06T18:17:49,0.04865,4.865e-05,342873679415.33386
1978-02-06T18:28:31,0.03707,3.707e-05,261260581622.33154
1978-02-06T18:40:16,0.03552,3.5520000000000006e-05,250336548670.7639
1978-02-06T18:49:53,0.03389,3.389e-05,238848694663.6314
1978-02-06T19:21:58,0.03212,3.2120000000000004e-05,226374153809.2606
1978-02-06T19:33:43,0.03163,3.163e-05,222920749843.92624
1978-02-06T19:45:29,0.03324,3.324e-05,234267648587.1675
1978-02-06T19:54:34,0.03203,3.203e-05,225739855121.75018
1978-02-06T20:09:32,0.03047,3.047e-05,214745344538.2369
1978-02-06T21:00:24,0.04518,4.518e-05,318417941130.2114
1978-02-06T21:01:23,0.05205,5.205e-05,366836074276.8372
1978-02-06T21:01:41,0.02993,2.993e-05,210939552413.1746
1978-02-06T21:01:48,0.03675,3.675e-05,259005297400.0724
1978-02-06T21:13:08,0.03048,3.048e-05,214815822170.18246
1978-02-06T21:24:54,0.03208,3.208e-05,226092243281.47815
1978-02-06T21:36:07,0.03336,3.336e-05,235113380170.5147
1978-02-06T21:51:37,0.03912,3.9120000000000005e-05,275708496171.17914
1978-02-06T22:03:23,0.03997,3.997e-05,281699094886.55493
1978-02-06T22:11:56,0.03958,3.958e-05,278950467240.6766
1978-02-06T22:27:58,0.03984,3.984e-05,280782885671.26215
1978-02-06T22:37:51,0.04024,4.024e-05,283601990949.08606
1978-02-06T22:51:29,0.03777,3.777e-05,266194015858.52338
1978-02-06T23:01:06,0.03636,3.6360000000000004e-05,256256669754.1941
1978-02-06T23:16:04,0.03607,3.607e-05,254212818427.7717
1978-02-06T23:27:50,0.03547,3.5470000000000004e-05,249984160511.03586
1978-02-06T23:39:35,0.03612,3.612e-05,254565206587.49973
1978-02-06T23:46:32,0.0344,3.44e-05,242443053892.8569
1978-02-07T00:09:32,0.0348,3.48e-05,245262159170.6808
1978-02-07T00:20:25,0.0349,3.49e-05,245966935490.13678
1978-02-07T00:32:36,0.03644,3.6440000000000003e-05,256820490809.75888
1978-02-07T00:39:01,0.03696,3.696e-05,260485327670.92993
1978-02-07T01:18:02,0.29988,0.00029988,2113483226784.5906
1978-02-07T01:18:20,0.21504,0.00021504,1515550997358.138
1978-02-07T01:19:38,0.16721,0.00016721,1178456483762.343
1978-02-07T01:19:38,0.13994,0.00013994000000000002,986263981446.6976
1978-02-07T01:19:49,0.07821,7.821e-05,551205559446.5214
1978-02-07T01:20:21,0.06421,6.421000000000001e-05,452536874722.6844
1978-02-07T01:21:14,0.05456,5.456e-05,384525959895.1823
1978-02-07T01:21:14,0.04669,4.669e-05,329060063553.99677
1978-02-07T01:23:22,0.03747,3.7470000000000005e-05,264079686900.1555
1978-02-07T01:55:59,0.04144,4.1439999999999996e-05,292059306782.5578
1978-02-07T02:06:08,0.04274,4.274e-05,301221398935.4856
1978-02-07T02:23:14,0.04249,4.249e-05,299459458136.8456
1978-02-07T02:40:52,0.03955,3.9550000000000006e-05,278739034344.83984
1978-02-07T02:53:16,0.04044,4.044e-05,285011543587.99805
1978-02-07T02:56:54,0.05055,5.0549999999999995e-05,356264429484.9975
1978-02-07T03:04:32,0.03971,3.9710000000000004e-05,279866676455.9694
1978-02-07T03:08:40,0.03615,3.6150000000000005e-05,254776639483.33655
1978-02-07T03:18:17,0.04314,4.314e-05,304040504213.30945
1978-02-07T03:24:42,0.04443,4.443e-05,313132118734.29156
1978-02-07T04:23:29,0.41587,0.00041587000000000004,2930953279721.5815
1978-02-07T04:23:43,0.32838,0.00032838,2314344477829.545
1978-02-07T04:24:55,0.21811,0.00021811,1537187630365.4365
1978-02-07T04:25:05,0.15728,0.00015728,1108472195240.3643
1978-02-07T04:25:16,0.08385,8.384999999999999e-05,590954943863.8386
1978-02-07T04:25:37,0.13548,0.00013548,954830957598.9607
1978-02-07T04:25:37,0.09905,9.905e-05,698080944421.1475
1978-02-07T04:26:41,0.0612,6.12e-05,431323107507.0593
1978-02-07T04:26:41,0.05237,5.237e-05,369091358499.0964
1978-02-07T04:26:41,0.04603,4.6030000000000005e-05,324408539845.58734
1978-02-07T04:43:09,0.15896,0.00015895999999999998,1120312437407.2246
1978-02-07T04:43:26,0.13192,0.00013192000000000002,929740920626.328
1978-02-07T04:44:52,0.04665,4.6649999999999996e-05,328778153026.2143
1978-02-07T04:44:52,0.08524,8.524e-05,600751334704.2767
1978-02-07T04:44:52,0.07305,7.305e-05,514839101362.59283
1978-02-07T04:45:06,0.10625,0.00010625,748824839421.9779
1978-02-07T04:45:34,0.05469,5.469000000000001e-05,385442169110.47516
1978-02-07T06:20:00,0.04269,4.269e-05,300869010775.75757
1978-02-07T07:18:36,0.03722,3.7220000000000006e-05,262317746101.51553
1978-02-07T07:20:39,0.03129,3.129e-05,220524510357.77594
1978-02-07T07:38:55,0.65602,0.0006560200000000001,4623473610895.115
1978-02-07T07:39:06,0.4486,0.0004486,3161626569079.5234
1978-02-07T07:39:48,0.34724,0.00034724,2447265291678.9424
1978-02-07T07:39:48,0.25308,0.00025308000000000004,1783647909279.1926
1978-02-07T07:40:23,0.20513,0.00020513,1445707664100.0503
1978-02-07T07:40:42,0.74962,0.00074962,5283144245905.912
1978-02-07T07:41:14,0.13565,0.00013565,956029077342.0358
1978-02-07T07:41:14,0.11608,0.00011608,818104351624.5009
1978-02-07T07:42:02,0.04981,4.981e-05,351049084721.02325
1978-02-07T07:42:18,0.05882,5.8819999999999996e-05,414549431104.007
1978-02-07T07:42:18,0.08769,8.769000000000001e-05,618018354530.9482
1978-02-07T07:42:42,0.07205,7.205e-05,507791338168.03314
1978-02-07T08:19:43,0.13603,0.00013603,958707227355.9688
1978-02-07T08:20:47,0.05169,5.169e-05,364298879526.7957
1978-02-07T08:21:51,0.07598,7.598e-05,535489047522.6531
1978-02-07T08:22:03,0.11286,0.00011286,795410554138.0182
1978-02-07T08:22:05,0.15163,0.00015162999999999998,1068652333191.1013
1978-02-07T08:22:18,0.08833,8.833e-05,622528922975.4666
1978-02-07T08:24:31,0.06337,6.337e-05,446616753639.2541
1978-02-07T08:40:01,0.0555,5.55e-05,391150857298.06854
1978-02-07T09:33:28,0.0427,4.27e-05,300939488407.7032
1978-02-07T09:41:29,0.05294,5.2940000000000005e-05,373108583519.9955
1978-02-07T09:59:54,0.0341,3.41e-05,240328724934.48895
1978-02-07T10:01:47,0.0301,3.01e-05,212137672156.24976
1978-02-07T10:13:15,0.03506,3.506e-05,247094577601.26633
1978-02-07T10:19:52,0.03034,3.034e-05,213829135322.94412
1978-02-07T10:26:22,0.0317,3.17e-05,223414093267.54544
1978-02-07T10:59:55,0.03561,3.5610000000000006e-05,250970847358.2743
1978-02-07T11:01:23,0.04035,4.035e-05,284377244900.4876
1978-02-07T11:03:31,0.03035,3.035e-05,213899612954.8897
1978-02-07T11:10:26,0.03655,3.655e-05,257595744761.16043
1978-02-07T11:22:54,0.0222,2.22e-05,156460342919.22742
1978-02-07T11:23:14,0.02797,2.7969999999999998e-05,197125936551.8374
1978-02-07T11:35:58,0.03349,3.349e-05,236029589385.80746
1978-02-07T11:42:48,0.033,3.3e-05,232576185420.47318
1978-02-07T11:58:18,0.03058,3.058e-05,215520598489.6385
1978-02-07T12:15:56,0.02631,2.631e-05,185426649648.86816
1978-02-07T12:17:29,0.05242,5.242e-05,369443746658.82434
1978-02-07T12:19:37,0.03054,3.054e-05,215238687961.85608
1978-02-07T12:19:57,0.04014,4.0140000000000005e-05,282897214629.6301
1978-02-07T12:28:46,0.0834,8.340000000000001e-05,587783450426.2867
1978-02-07T12:28:46,0.06716,6.716e-05,473327776146.6357
1978-02-07T12:28:46,0.10512,0.00010512000000000001,740860867012.1255
1978-02-07T12:29:23,0.03315,3.315e-05,233633349899.65714
1978-02-07T12:29:34,0.05777,5.7770000000000004e-05,407149279749.71924
1978-02-07T12:29:50,0.04837,4.8370000000000006e-05,340900305720.85724
1978-02-07T12:30:11,0.04208,4.208e-05,296569875227.07605
1978-02-07T12:32:30,0.0301,3.01e-05,212137672156.24976
1978-02-07T12:46:35,0.03471,3.471e-05,244627860483.1704
1978-02-07T12:46:39,0.07646,7.646e-05,538871973856.04175
1978-02-07T12:46:56,0.05217,5.2170000000000004e-05,367681805860.18445
1978-02-07T12:46:56,0.09807,9.807e-05,691174136490.4789
1978-02-07T12:51:45,0.03029,3.0290000000000003e-05,213476747163.21613
1978-02-07T12:52:27,0.04247,4.2470000000000005e-05,299318502872.9544
1978-02-07T13:01:59,0.08332,8.332000000000001e-05,587219629370.7219
1978-02-07T13:04:02,0.05999,5.999e-05,422795314041.64197
1978-02-07T13:05:09,0.12696,0.00012696,894784015181.3112
1978-02-07T13:14:44,0.02897,2.897e-05,204173699746.3972
1978-02-07T13:21:43,0.03645,3.6450000000000005e-05,256890968441.7045
1978-02-07T13:24:02,0.03143,3.143e-05,221511197205.0143
1978-02-07T13:30:40,0.02837,2.837e-05,199945041829.66135
1978-02-07T13:41:59,0.02989,2.989e-05,210657641885.3922
1978-02-07T13:56:25,0.02945,2.945e-05,207556626079.7859
1978-02-07T14:08:10,0.03187,3.1870000000000005e-05,224612213010.62064
1978-02-07T14:19:01,0.02992,2.9919999999999998e-05,210869074781.22897
1978-02-07T14:33:07,0.02996,2.996e-05,211150985309.0114
1978-02-07T14:43:27,0.02943,2.943e-05,207415670815.8947
1978-02-07T14:51:28,0.02926,2.926e-05,206217551072.81955
1978-02-07T15:06:34,0.02921,2.921e-05,205865162913.09155
1978-02-07T15:18:43,0.02802,2.802e-05,197478324711.56537
1978-02-07T20:11:36,0.13037,0.00013037000000000001,918816887674.7604
1978-02-07T20:12:08,0.10617,0.00010617000000000001,748261018366.4132
1978-02-07T20:12:31,0.08672,8.672000000000001e-05,611182024232.2253
1978-02-07T20:13:12,0.06331,6.331e-05,446193887847.5805
1978-02-07T20:14:20,0.04489,4.489e-05,316374089803.78906
1978-02-07T20:53:54,0.17254,0.00017254,1216021061589.3467
1978-02-07T20:54:09,0.29932,0.00029932,2109536479395.6372
1978-02-07T20:54:53,0.3661,0.0003661,2580186105528.3403
1978-02-07T20:55:38,0.1456,0.00014560000000000002,1026154321127.906
1978-02-07T20:55:57,0.43659,0.00043659,3076982933112.86
1978-02-07T20:56:45,0.12015,0.00012015,846788747826.3591
1978-02-07T20:58:16,0.07346,7.346e-05,517728684272.3624
1978-02-07T20:59:33,0.06176,6.176e-05,435269854896.0129
1978-02-07T20:59:37,0.0907,9.070000000000001e-05,639232121746.5732
1978-02-07T21:37:39,0.05165,5.165e-05,364016968999.0133
1978-02-07T22:24:08,0.04037,4.037e-05,284518200164.37885
1978-02-07T22:36:58,0.0482,4.82e-05,339702185977.782
1978-02-07T22:38:56,0.0399,3.99e-05,281205751462.9357
1978-02-07T22:39:06,0.05713,5.7130000000000004e-05,402638711305.201
1978-02-07T22:39:06,0.03542,3.542e-05,249631772351.3079
1978-02-07T23:04:45,0.03116,3.116e-05,219608301142.48312
1978-02-07T23:16:31,0.03027,3.027e-05,213335791899.32495
1978-02-07T23:28:16,0.02998,2.998e-05,211291940572.9026
1978-02-07T23:40:02,0.02969,2.9690000000000002e-05,209248089246.48026
1978-02-07T23:46:59,0.03021,3.021e-05,212912926107.65137
1978-02-08T00:01:16,0.03826,3.826e-05,269647419823.8577
1978-02-08T00:14:04,0.03715,3.715e-05,261824402677.8963
1978-02-08T00:23:58,0.03884,3.884e-05,273735122476.70236
1978-02-08T00:36:38,0.03927,3.927e-05,276765660650.36304
1978-02-08T00:48:23,0.04053,4.053e-05,285645842275.5084
1978-02-08T00:58:32,0.03907,3.9070000000000004e-05,275356108011.4511
1978-02-08T01:15:06,0.03996,3.9960000000000004e-05,281628617254.6094
1978-02-08T01:26:52,0.04508,4.508e-05,317713164810.7555
1978-02-08T01:38:37,0.04581,4.581e-05,322858031942.78406
1978-02-08T01:47:42,0.88463,0.0008846300000000001,6234662754803.431
1978-02-08T01:49:36,0.05012,5.012e-05,353233891311.33685
1978-02-08T01:51:26,0.71251,0.00071251,5021601753755.798
1978-02-08T01:51:45,0.10486,0.00010486,739028448581.5398
1978-02-08T01:51:58,0.30269,0.00030269000000000004,2133287441361.304
1978-02-08T01:51:58,0.58414,0.00058414,4116880392470.1577
1978-02-08T01:51:58,0.49973,0.00049973,3521978701217.365
1978-02-08T01:52:01,0.37729,0.00037729,2659050575675.464
1978-02-08T01:52:03,0.22439,0.00022439,1581447583227.272
1978-02-08T01:52:23,0.06625,6.625000000000001e-05,466914311639.58636
1978-02-08T01:52:30,0.16328,0.00016328000000000002,1150758774407.7231
1978-02-08T01:52:30,0.14013,0.00014013,987603056453.6638
1978-02-08T01:52:41,0.08001,8.001e-05,563891533196.729
1978-02-08T01:52:50,0.05789,5.7889999999999996e-05,407995011333.0664
1978-02-08T02:03:53,0.05159,5.159e-05,363594103207.3397
1978-02-08T02:14:57,0.04284,4.284e-05,301926175254.9415
1978-02-08T02:24:02,0.04192,4.192e-05,295442233115.94653
1978-02-08T02:38:28,0.04217,4.217e-05,297204173914.5864
1978-02-08T02:50:13,0.03988,3.988e-05,281064796199.0445
1978-02-08T03:01:58,0.03773,3.773e-05,265912105330.74097
1978-02-08T03:14:00,0.04099,4.099e-05,288887813345.0059
1978-02-08T03:23:21,0.04373,4.3729999999999996e-05,308198684498.09973
1978-02-08T03:35:06,0.04074,4.074e-05,287125872546.3659
1978-02-08T03:47:13,0.04108,4.108e-05,289522112032.5163
1978-02-08T03:54:11,0.10221,0.00010221,720351876115.9564
1978-02-08T03:54:52,0.04034,4.0340000000000003e-05,284306767268.54205
1978-02-08T03:56:55,0.05706,5.706e-05,402145367881.5818
1978-02-08T03:56:55,0.07956,7.956e-05,560720039759.1771
1978-02-08T03:58:22,0.04613,4.613e-05,325113316165.0432
1978-02-08T03:59:11,0.14637,0.00014637,1031581098787.7168
1978-02-08T04:00:59,0.1138,0.0001138,802035451540.9044
1978-02-08T04:03:41,0.09558,9.558e-05,673625206136.025
1978-02-08T04:08:46,0.07879,7.879e-05,555293262099.3661
1978-02-08T04:13:27,0.06716,6.716e-05,473327776146.6357
1978-02-08T04:19:59,0.05689,5.6890000000000006e-05,400947248138.50665
1978-02-08T04:31:44,0.04833,4.833e-05,340618395193.07477
1978-02-08T04:43:35,0.04754,4.754e-05,335050662269.37256
1978-02-08T04:47:28,0.05788,5.788e-05,407924533701.12085
1978-02-08T04:47:59,0.07197,7.197e-05,507227517112.4683
1978-02-08T04:57:17,0.08142,8.142e-05,573828879301.0585
1978-02-08T05:01:47,0.06029,6.029000000000001e-05,424909643000.00995
1978-02-08T05:11:17,0.05198,5.198e-05,366342730853.218
1978-02-08T05:27:18,0.04531,4.5310000000000005e-05,319334150345.5042
1978-02-08T05:39:04,0.04306,4.3060000000000004e-05,303476683157.74475
1978-02-08T05:48:05,0.04626,4.626e-05,326029525380.336
1978-02-08T05:50:17,0.05746,5.7459999999999995e-05,404964473159.4057
1978-02-08T05:55:05,0.07165,7.165000000000001e-05,504972232890.2092
1978-02-08T06:06:19,0.07276,7.276e-05,512795250036.17053
1978-02-08T06:16:28,0.06052,6.0519999999999997e-05,426530628534.75867
1978-02-08T06:27:09,0.05178,5.178e-05,364933178214.3061
1978-02-08T06:38:54,0.04817,4.817e-05,339490753081.9452
1978-02-08T06:49:04,0.04911,4.911e-05,346115650484.8314
1978-02-08T07:04:33,0.04191,4.1910000000000004e-05,295371755484.001
1978-02-08T07:12:23,0.04838,4.838e-05,340970783352.8028
1978-02-08T07:13:38,0.05962,5.962e-05,420187641659.6549
1978-02-08T07:14:26,0.07294,7.294e-05,514063847411.19135
1978-02-08T07:16:38,0.11788,0.00011788,830790325374.7084
1978-02-08T07:17:52,0.10514,0.00010514,741001822276.0166
1978-02-08T07:26:36,0.09952,9.952e-05,701393393122.5906
1978-02-08T07:31:23,0.08493,8.493e-05,598566528113.9633
1978-02-08T07:38:02,0.07068,7.068000000000001e-05,498135902591.4862
1978-02-08T07:48:54,0.06124,6.124e-05,431605018034.84174
1978-02-08T07:59:03,0.05223,5.223e-05,368104671651.85803
1978-02-08T08:09:45,0.04625,4.625e-05,325959047748.3904
1978-02-08T08:21:30,0.04251,4.251e-05,299600413400.73676
1978-02-08T08:30:03,0.04232,4.232e-05,298261338393.77045
1978-02-08T08:51:25,0.04326,4.326e-05,304886235796.6566
1978-02-08T09:07:27,0.04323,4.323e-05,304674802900.8198
1978-02-08T09:19:12,0.04311,4.3110000000000006e-05,303829071317.4727
1978-02-08T09:30:58,0.0406,4.06e-05,286139185699.12756
1978-02-08T09:42:43,0.03978,3.978e-05,280360019879.58856
1978-02-08T09:54:28,0.03869,3.8690000000000004e-05,272677957997.51843
1978-02-08T10:06:14,0.03836,3.836e-05,270352196143.31363
1978-02-08T10:17:59,0.04037,4.037e-05,284518200164.37885
1978-02-08T10:29:44,0.041,4.1e-05,288958290976.95154
1978-02-08T10:41:29,0.04311,4.3110000000000006e-05,303829071317.4727
1978-02-08T10:53:15,0.04239,4.239e-05,298754681817.3896
1978-02-08T11:05:00,0.04084,4.084e-05,287830648865.82196
1978-02-08T11:13:41,0.04479,4.479e-05,315669313484.3332
1978-02-08T11:17:04,0.05419,5.419e-05,381918287513.1952
1978-02-08T11:20:25,0.06477,6.476999999999999e-05,456483622111.6377
1978-02-08T11:25:50,0.07794,7.794e-05,549302663383.99023
1978-02-08T11:37:04,0.08292,8.292e-05,584400524092.8981
1978-02-08T11:48:17,0.07214,7.214e-05,508425636855.5434
1978-02-08T11:54:42,0.06663,6.662999999999999e-05,469592461653.5189
1978-02-08T12:14:28,0.05678,5.6779999999999995e-05,400171994187.10504
1978-02-08T12:26:38,0.05929,5.929e-05,417861879805.4502
1978-02-08T12:36:50,0.06651,6.651e-05,468746730070.1718
1978-02-08T12:41:11,0.0564,5.64e-05,397493844173.17236
1978-02-08T13:10:37,0.04501,4.5010000000000004e-05,317219821387.1363
1978-02-08T13:12:42,0.03951,3.9510000000000006e-05,278457123817.05743
1978-02-08T13:28:12,0.04337,4.337e-05,305661489748.0582
1978-02-08T13:40:21,0.04258,4.258e-05,300093756824.356
1978-02-08T13:41:42,0.09962,9.962e-05,702098169442.0465
1978-02-08T13:42:23,0.0734,7.340000000000001e-05,517305818480.68884
1978-02-08T13:43:42,0.12588,0.00012588,887172430931.1868
1978-02-08T13:44:14,0.14715,0.00014715,1037078354079.4735
1978-02-08T13:51:43,0.04695,4.695e-05,330892481984.5823
1978-02-08T14:03:09,0.04918,4.918e-05,346608993908.4506
1978-02-08T14:12:10,0.05799,5.799e-05,408699787652.5224
1978-02-08T14:17:22,0.06331,6.331e-05,446193887847.5805
1978-02-08T14:22:21,0.05489,5.4890000000000005e-05,386851721749.387
1978-02-08T14:28:22,0.06919,6.919e-05,487634735431.59216
1978-02-08T14:36:23,0.08142,8.142e-05,573828879301.0585
1978-02-08T14:37:12,0.16158,0.00016158,1138777576976.9714
1978-02-08T14:37:40,0.19428,0.00019428000000000002,1369239433439.077
1978-02-08T14:37:40,0.12724,0.00012723999999999998,896757388875.788
1978-02-08T14:37:40,0.10168,0.00010168,716616561622.8397
1978-02-08T14:38:12,0.23979,0.00023979,1689983136423.493
1978-02-08T14:38:12,0.35676,0.00035676,2514359997291.152
1978-02-08T14:42:34,0.07499,7.499e-05,528511761960.0389
1978-02-08T14:50:29,0.07098,7.098e-05,500250231549.85406
1978-02-08T15:02:15,0.06173,6.173000000000001e-05,435058422000.1761
1978-02-08T15:14:00,0.05606,5.606e-05,395097604687.022
1978-02-08T15:25:45,0.04867,4.867e-05,343014634679.2251
1978-02-08T15:37:30,0.04505,4.5050000000000004e-05,317501731914.9187
1978-02-08T15:49:41,0.04336,4.3360000000000005e-05,305591012116.1127
1978-02-08T16:01:49,0.04737,4.737e-05,333852542526.29736
1978-02-08T16:09:02,0.05044,5.044e-05,355489175533.59595
1978-02-08T16:12:32,0.04089,4.089e-05,288183037025.5499
1978-02-08T16:22:23,0.04374,4.3740000000000005e-05,308269162130.04535
1978-02-08T16:28:16,0.04749,4.749e-05,334698274109.6446
1978-02-08T23:17:02,0.19829,0.00019829,1397500963849.2612
1978-02-08T23:17:02,0.48231,0.00048231,3399206666368.1333
1978-02-08T23:17:23,0.38074,0.00038074,2683365358696.696
1978-02-08T23:17:34,0.28783,0.00028783,2028557680290.1453
1978-02-08T23:19:10,0.14101,0.00014101,993805088064.8765
1978-02-08T23:19:10,0.12135,0.00012135000000000001,855246063659.8309
1978-02-08T23:19:53,0.06012,6.012e-05,423711523256.93475
1978-02-08T23:20:28,0.0733,7.33e-05,516601042161.2329
1978-02-08T23:21:18,0.08913,8.913000000000001e-05,628167133531.1145
1978-02-09T06:16:03,0.05345,5.345e-05,376702942749.22095
1978-02-09T06:25:04,0.05176,5.176e-05,364792222950.4149
1978-02-09T06:31:02,0.04458,4.4580000000000003e-05,314189283213.4756
1978-02-09T06:40:40,0.04327,4.3270000000000004e-05,304956713428.60223
1978-02-09T07:00:06,0.04158,4.158e-05,293045993629.79614
1978-02-09T07:00:27,0.05087,5.087e-05,358519713707.25665
1978-02-09T07:18:06,0.0365,3.65e-05,257243356601.43243
1978-02-09T07:29:52,0.03537,3.537e-05,249279384191.5799
1978-02-09T07:36:17,0.03512,3.5119999999999996e-05,247517443392.9399
1978-02-09T08:08:59,0.05088,5.088e-05,358590191339.2023
1978-02-09T08:19:04,0.04626,4.626e-05,326029525380.336
1978-02-09T08:28:42,0.03921,3.9210000000000006e-05,276342794858.6895
1978-02-09T08:38:52,0.03882,3.8820000000000004e-05,273594167212.8112
1978-02-09T08:56:30,0.03411,3.4110000000000004e-05,240399202566.43457
1978-02-09T09:09:01,0.03347,3.347e-05,235888634121.9163
1978-02-09T09:19:03,0.0364,3.6400000000000004e-05,256538580281.9765
1978-02-09T09:31:48,0.03299,3.299e-05,232505707788.52756
1978-02-09T09:44:04,0.03412,3.412e-05,240469680198.38013
1978-02-09T09:50:00,0.0416,4.16e-05,293186948893.6874
1978-02-09T09:55:55,0.04893,4.893e-05,344847053109.81067
1978-02-09T10:05:11,0.04314,4.314e-05,304040504213.30945
1978-02-09T10:17:48,0.03848,3.8480000000000004e-05,271197927726.66086
1978-02-09T10:31:43,0.03807,3.807e-05,268308344816.89133
1978-02-09T10:43:55,0.03504,3.504e-05,246953622337.37515
1978-02-09T10:54:10,0.04792,4.7919999999999995e-05,337728812283.30524
1978-02-09T10:54:16,0.09081,9.081e-05,640007375697.9749
1978-02-09T10:54:16,0.1962,0.00019620000000000003,1382771138772.6313
1978-02-09T10:54:23,0.14522,0.00014522,1023476171113.973
1978-02-09T10:54:35,0.03181,3.1809999999999995e-05,224189347218.947
1978-02-09T10:54:42,0.0636,6.36e-05,448237739174.0028
1978-02-09T10:55:15,0.11435,0.00011435,805911721297.9124
1978-02-09T10:55:15,0.07566,7.566e-05,533233763300.394
1978-02-09T10:55:15,0.23855,0.00023855000000000003,1681243910062.2388
1978-02-09T10:56:10,0.03788,3.7879999999999996e-05,266969269809.92493
1978-02-09T11:08:30,0.04603,4.6030000000000005e-05,324408539845.58734
1978-02-09T11:08:43,0.03178,3.1780000000000004e-05,223977914323.11023
1978-02-09T11:11:17,0.03781,3.7810000000000006e-05,266475926386.30582
1978-02-09T11:13:26,0.04438,4.4380000000000005e-05,312779730574.56366
1978-02-09T11:13:58,0.0572,5.72e-05,403132054728.8202
1978-02-09T11:15:02,0.07273,7.273e-05,512583817140.33374
1978-02-09T11:15:02,0.084,8.400000000000001e-05,592012108343.0226
1978-02-09T11:19:08,0.0989,9.89e-05,697023779941.9635
1978-02-09T11:29:32,0.0961,9.61e-05,677290042997.1962
1978-02-09T11:35:53,0.08325,8.325e-05,586726285947.1028
1978-02-09T11:47:39,0.0804,8.04e-05,566640160842.6074
1978-02-09T11:54:05,0.0777,7.77e-05,547611200217.29596
1978-02-09T12:10:45,0.05087,5.087e-05,358519713707.25665
1978-02-09T12:17:04,0.04849,4.849e-05,341746037304.20435
1978-02-09T12:17:37,0.21769,0.00021769,1534227569823.7214
1978-02-09T12:17:37,0.18214,0.00018214,1283679588257.1206
1978-02-09T12:17:37,0.13332,0.00013332,939607789098.7117
1978-02-09T12:17:37,0.08859,8.859e-05,624361341406.052
1978-02-09T12:17:37,0.34504,0.00034504,2431760212650.911
1978-02-09T12:18:09,0.07159,7.159e-05,504549367098.5356
1978-02-09T12:21:26,0.05476,5.4760000000000004e-05,385935512534.09424
1978-02-09T12:33:39,0.0499,4.99e-05,351683383408.5336
1978-02-09T12:45:25,0.04857,4.8570000000000004e-05,342309858359.7692
1978-02-09T12:57:11,0.04682,4.682e-05,329976272769.28955
1978-02-09T13:08:57,0.04598,4.5980000000000004e-05,324056151685.8593
1978-02-09T13:20:43,0.04395,4.3950000000000004e-05,309749192400.90295
1978-02-09T13:31:57,0.04259,4.2590000000000004e-05,300164234456.30164
1978-02-09T13:49:36,0.04158,4.158e-05,293045993629.79614
1978-02-09T14:08:51,0.07485,7.485e-05,527525075112.80054
1978-02-09T14:19:53,0.06597,6.597000000000001e-05,464940937945.10956
1978-02-09T14:22:07,0.06106,6.106e-05,430336420659.8209
1978-02-09T14:34:32,0.06699,6.699e-05,472129656403.5605
1978-02-09T14:43:27,0.0733,7.33e-05,516601042161.2329
1978-02-09T14:45:06,0.08851,8.851e-05,623797520350.4873
1978-02-09T14:46:58,0.10742,0.00010742,757070722359.6129
1978-02-09T14:52:58,0.13103,0.00013103,923468411383.1697
1978-02-09T15:02:39,0.12109,0.00012109000000000001,853413645229.2454
1978-02-09T15:12:37,0.11411,0.00011411,804220258131.2179
1978-02-09T15:17:51,0.30316,0.00030316,2136599890062.747
1978-02-09T15:19:07,0.22184,0.00022184,1563475787081.1445
1978-02-09T15:19:08,0.15834,0.00015834,1115942824226.5977
1978-02-09T15:19:27,0.13754,0.00013754,969349349779.7539
1978-02-09T15:19:40,0.18338,0.00018338,1292418814618.375
1978-02-09T15:26:15,0.1102,0.00011020000000000001,776663504040.4893
1978-02-09T15:26:25,0.20819,0.00020819,1467273819475.4033
1978-02-09T15:30:35,0.17611,0.00017611,1241181576193.925
1978-02-09T15:30:55,0.15055,0.00015055,1061040748940.9768
1978-02-09T15:31:13,0.12719,0.00012719,896405000716.0602
1978-02-09T15:37:18,0.10341,0.00010341,728809191949.4281
1978-02-09T15:43:53,0.12232,0.00012232,862082393958.554
1978-02-09T15:43:54,0.14196,0.00014196,1000500463099.7081
1978-02-09T15:44:12,0.68606,0.0006860600000000001,4835188417259.692
1978-02-09T15:44:28,0.17494,0.00017494000000000003,1232935693256.2905
1978-02-09T15:44:46,0.42708,0.00042708000000000004,3009958705132.5967
1978-02-09T15:46:12,0.23586,0.00023585999999999998,1662285427068.8726
1978-02-09T15:46:26,0.34253,0.00034253,2414070327032.5664
1978-02-09T15:49:28,0.10049,0.00010049,708229723421.3136
1978-02-09T15:49:52,0.20443,0.00020443,1440774229863.8584
1978-02-09T15:49:59,0.06343,6.343000000000001e-05,447039619430.92773
1978-02-09T15:51:03,0.0804,8.04e-05,566640160842.6074
1978-02-09T15:51:33,0.17216,0.00017216,1213342911575.414
1978-02-09T15:51:33,0.12602,0.00012602,888159117778.4249
1978-02-09T15:52:05,0.1457,0.0001457,1026859097447.3618
1978-02-09T16:02:15,0.10333,0.00010333,728245370893.8634
1978-02-09T16:06:31,0.44966,0.00044966,3169097198065.757
1978-02-09T16:08:12,0.31346,0.00031346,2209191850966.7124
1978-02-09T16:09:26,0.19226,0.00019225999999999998,1355002951786.0657
1978-02-09T16:10:11,0.25546,0.00025546000000000005,1800421585682.245
1978-02-09T16:10:41,0.12368,0.00012368,871667351903.1552
1978-02-09T16:12:14,0.1031,0.0001031,726624385359.1146
1978-02-09T16:22:42,0.1258,0.0001258,886608609875.622
1978-02-09T16:23:38,0.19615,0.00019615,1382418750612.9033
1978-02-09T16:23:50,0.28387,0.00028387000000000003,2000648538039.6887
1978-02-09T16:23:53,0.37686,0.00037685999999999997,2656020037501.803
1978-02-09T16:24:08,0.09335,9.335e-05,657908694212.1567
1978-02-09T16:24:10,0.52706,0.00052706,3714594069324.6846
1978-02-09T16:26:19,0.07692,7.692e-05,542113944925.5393
1978-02-09T16:30:03,0.06566,6.565999999999999e-05,462756131354.79596
1978-02-09T16:41:49,0.06363,6.363000000000001e-05,448449172069.8397
1978-02-09T16:49:51,0.06009,6.0089999999999996e-05,423500090361.09796
1978-02-10T19:15:01,0.04393,4.3929999999999994e-05,309608237137.01166
1978-02-10T19:15:33,0.03634,3.634e-05,256115714490.3029
1978-02-10T19:21:56,0.03162,3.1620000000000006e-05,222850272211.98068
1978-02-10T19:34:36,0.02994,2.994e-05,211010030045.1202
1978-02-10T19:38:27,0.0535,5.35e-05,377055330908.9489
1978-02-10T19:38:27,0.04579,4.579e-05,322717076678.8929
1978-02-10T19:38:27,0.03918,3.918e-05,276131361962.8527
1978-02-10T19:38:30,0.06643,6.643e-05,468182909014.607
1978-02-10T19:38:50,0.08471,8.471e-05,597016020211.16
1978-02-10T19:40:16,0.03408,3.408e-05,240187769670.59772
1978-02-10T19:45:23,0.02673,2.673e-05,188386710190.58328
1978-02-10T19:57:06,0.02711,2.711e-05,191064860204.516
1978-02-10T20:08:50,0.02852,2.852e-05,201002206308.8453
1978-02-10T20:20:33,0.02929,2.929e-05,206428983968.6563
1978-02-10T20:32:17,0.02949,2.949e-05,207838536607.5683
1978-02-10T20:38:40,0.02966,2.966e-05,209036656350.64343
1978-02-10T20:54:39,0.03275,3.275e-05,230814244621.83325
1978-02-10T21:11:43,0.38786,0.00038786,2733545432641.9614
1978-02-10T21:12:12,0.33148,0.00033148,2336192543732.68
1978-02-10T21:21:18,0.29121,0.00029121,2052379119887.7573
1978-02-10T21:22:22,0.36396,0.00036396000000000003,2565103892291.9824
1978-02-10T21:24:11,0.45942,0.00045942,3237883366844.66
1978-02-10T21:24:30,0.51014,0.0005101400000000001,3595345916072.733
1978-02-10T21:28:46,0.09891,9.891e-05,697094257573.9092
1978-02-10T21:37:46,0.10935,0.00010935,770672905325.1133
1978-02-10T21:45:29,0.09574,9.574e-05,674752848247.1545
1978-02-10T21:53:16,0.10119,0.00010119,713163157657.5054
1978-02-10T22:12:23,0.05797,5.797e-05,408558832388.6312
1978-02-10T22:18:51,0.064,6.4e-05,451056844451.8267
1978-02-10T22:22:23,0.05279,5.279e-05,372051419040.81146
1978-02-10T22:33:46,0.05103,5.103e-05,359647355818.38617
1978-02-10T22:48:42,0.04702,4.702e-05,331385825408.2015
1978-02-10T22:58:17,0.04409,4.409e-05,310735879248.14124
1978-02-10T23:15:20,0.04633,4.6330000000000005e-05,326522868803.95526
1978-02-10T23:21:44,0.046,4.6e-05,324197106949.7505
1978-02-10T23:42:28,0.05399,5.399e-05,380508734874.2832
1978-02-10T23:44:27,0.03921,3.9210000000000006e-05,276342794858.6895
1978-02-10T23:45:02,0.03132,3.132e-05,220735943253.6127
1978-02-10T23:53:00,0.04163,4.163e-05,293398381789.5242
1978-02-11T00:59:57,0.05609,5.609e-05,395309037582.85876
1978-02-11T01:24:41,0.09102,9.102e-05,641487405968.8324
1978-02-11T01:27:21,0.19012,0.00019012,1339920738549.7078
1978-02-11T01:27:21,0.15564,0.00015564,1096913863601.2861
1978-02-11T01:27:54,0.07682,7.682e-05,541409168606.08325
1978-02-11T01:27:54,0.13449,0.00013449,947853672036.3466
1978-02-11T01:27:54,0.11478,0.00011478,808942259471.573
1978-02-11T01:28:58,0.06127,6.127e-05,431816450930.6785
1978-02-11T01:30:23,0.09876,9.876e-05,696037093094.7252
1978-02-11T01:35:23,0.05223,5.223e-05,368104671651.85803
1978-02-11T01:47:36,0.04624,4.6240000000000005e-05,325888570116.4448
1978-02-11T01:59:08,0.04267,4.267e-05,300728055511.8664
1978-02-11T02:10:09,0.04367,4.367e-05,307775818706.42615
1978-02-11T02:25:39,0.03588,3.588e-05,252873743420.80536
1978-02-11T02:33:39,0.03006,3.006e-05,211855761628.46738
1978-02-11T02:43:50,0.03067,3.067e-05,216154897177.14886
1978-02-11T02:47:46,0.02782,2.782e-05,196068772072.65344
1978-02-11T03:00:57,0.0278,2.7799999999999998e-05,195927816808.7622
1978-02-11T03:11:07,0.02677,2.677e-05,188668620718.36563
1978-02-11T03:27:37,0.0332,3.32e-05,233985738059.38513
1978-02-11T03:29:50,0.04195,4.195e-05,295653666011.7834
1978-02-11T03:38:24,0.02689,2.6890000000000002e-05,189514352301.71286
1978-02-11T03:49:29,0.02946,2.946e-05,207627103711.73148
1978-02-11T04:00:24,0.02671,2.671e-05,188245754926.69208
1978-02-11T04:04:50,0.02393,2.393e-05,168652973245.81583
1978-02-11T04:16:54,0.02499,2.499e-05,176123602232.04922
1978-02-11T04:28:40,0.02486,2.486e-05,175207393016.75647
1978-02-11T04:38:50,0.0228,2.2800000000000002e-05,160689000835.9633
1978-02-11T04:50:04,0.02417,2.417e-05,170344436412.5102
1978-02-11T05:00:46,0.02778,2.7779999999999998e-05,195786861544.87106
1978-02-11T05:08:47,0.03105,3.105e-05,218833047191.0816
1978-02-11T05:14:24,0.0377,3.7699999999999995e-05,265700672434.90414
1978-02-11T05:24:50,0.03596,3.596e-05,253437564476.37015
1978-02-11T05:35:00,0.03019,3.019e-05,212771970843.76016
1978-02-11T05:46:46,0.0285,2.85e-05,200861251044.9541
1978-02-11T05:57:38,0.02895,2.895e-05,204032744482.506
1978-02-11T06:07:26,0.03076,3.076e-05,216789195864.6592
1978-02-11T06:11:54,0.03712,3.7120000000000004e-05,261612969782.05954
1978-02-11T06:18:51,0.04433,4.4330000000000004e-05,312427342414.8357
1978-02-11T06:31:32,0.0413,4.13e-05,291072619935.31946
1978-02-11T06:35:58,0.05744,5.744e-05,404823517895.51447
1978-02-11T06:36:27,0.03368,3.368e-05,237368664392.77383
1978-02-11T06:40:15,0.0481,4.81e-05,338997409658.32605
1978-02-11T06:48:16,0.02948,2.948e-05,207768058975.62268
1978-02-11T06:51:33,0.03832,3.832e-05,270070285615.53128
1978-02-11T07:05:18,0.03521,3.521e-05,248151742080.4503
1978-02-11T07:15:33,0.03375,3.375e-05,237862007816.39304
1978-02-11T07:17:14,0.04549,4.549000000000001e-05,320602747720.525
1978-02-11T07:17:53,0.02649,2.649e-05,186695247023.88892
1978-02-11T07:18:13,0.02158,2.158e-05,152090729738.60034
1978-02-11T07:18:16,0.05827,5.827e-05,410673161346.99915
1978-02-11T07:18:52,0.08733,8.733e-05,615481159780.9067
1978-02-11T07:21:58,0.03663,3.663000000000001e-05,258159565816.72528
1978-02-11T07:29:19,0.02674,2.674e-05,188457187822.52887
1978-02-11T07:43:21,0.0298,2.98e-05,210023343197.88184
1978-02-11T08:02:09,0.07916,7.916e-05,557900934481.3531
1978-02-11T08:02:37,0.05487,5.487e-05,386710766485.49585
1978-02-11T08:02:37,0.04701,4.7010000000000006e-05,331315347776.25586
1978-02-11T08:02:46,0.03967,3.967e-05,279584765928.187
1978-02-11T08:02:47,0.06511,6.511e-05,458879861597.78815
1978-02-11T08:03:09,0.09903,9.903e-05,697939989157.2563
1978-02-11T08:07:20,0.03482,3.4819999999999995e-05,245403114434.57193
1978-02-11T08:17:31,0.04345,4.3450000000000006e-05,306225310803.62305
1978-02-11T08:20:48,0.05181,5.181e-05,365144611110.1429
1978-02-11T08:28:32,0.04219,4.219e-05,297345129178.47766
1978-02-11T08:34:42,0.03611,3.6110000000000005e-05,254494728955.55414
1978-02-11T08:46:28,0.04095,4.095e-05,288605902817.2235
1978-02-11T08:58:14,0.04225,4.2250000000000004e-05,297767994970.1513
1978-02-11T09:10:00,0.03827,3.827e-05,269717897455.80325
1978-02-11T09:21:46,0.0342,3.4200000000000005e-05,241033501253.94498
1978-02-11T09:34:27,0.03298,3.2980000000000006e-05,232435230156.582
1978-02-11T09:43:53,0.03194,3.194e-05,225105556434.23978
1978-02-11T09:50:44,0.03923,3.923e-05,276483750122.5807
1978-02-11T10:02:52,0.04,4e-05,281910527782.3917
1978-02-11T10:10:59,0.04572,4.5719999999999996e-05,322223733255.2737
1978-02-11T10:13:57,0.03691,3.691e-05,260132939511.20193
1978-02-11T10:21:08,0.03463,3.463e-05,244064039427.60562
1978-02-11T15:46:52,0.02709,2.709e-05,190923904940.6248
1978-02-11T16:02:54,0.02945,2.945e-05,207556626079.7859
1978-02-11T16:14:40,0.03035,3.035e-05,213899612954.8897
1978-02-11T16:32:51,0.02795,2.795e-05,196984981287.9462
1978-02-11T16:44:37,0.02872,2.872e-05,202411758947.75723
1978-02-11T16:52:39,0.0293,2.93e-05,206499461600.60193
1978-02-11T17:13:30,0.03793,3.793e-05,267321657969.65292
1978-02-11T17:23:51,0.03475,3.4750000000000004e-05,244909771010.95285
1978-02-11T17:37:48,0.03348,3.3480000000000005e-05,235959111753.8619
1978-02-11T17:38:43,0.04188,4.188e-05,295160322588.1641
1978-02-11T18:00:34,0.03131,3.131e-05,220665465621.66708
1978-02-11T18:12:20,0.0301,3.01e-05,212137672156.24976
1978-02-11T18:24:22,0.03198,3.198e-05,225387466962.0222
1978-02-11T18:30:56,0.03844,3.8440000000000005e-05,270916017198.87848
1978-02-11T18:39:37,0.04278,4.278e-05,301503309463.2679
1978-02-11T18:44:47,0.0379,3.7900000000000006e-05,267110225073.8162
1978-02-11T19:06:54,0.03494,3.494e-05,246248846017.91916
1978-02-11T19:18:40,0.0352,3.52e-05,248081264448.50473
1978-02-11T19:30:00,0.04055,4.055e-05,285786797539.3996
1978-02-11T19:37:18,0.04603,4.6030000000000005e-05,324408539845.58734
1978-02-11T19:41:40,0.0542,5.4199999999999996e-05,381988765145.14075
1978-02-11T19:47:36,0.06397,6.397e-05,450845411555.9899
1978-02-11T19:52:53,0.09789,9.789000000000001e-05,689905539115.4583
1978-02-11T20:04:39,0.09616,9.616e-05,677712908788.8698
1978-02-11T20:11:05,0.09102,9.102e-05,641487405968.8324
1978-02-11T20:20:42,0.07095,7.095e-05,500038798654.01733
1978-02-11T20:30:20,0.05914,5.914e-05,416804715326.2662
1978-02-11T20:41:02,0.054,5.4e-05,380579212506.22876
1978-02-11T20:52:48,0.05411,5.411e-05,381354466457.63043
1978-02-11T21:03:55,0.05043,5.043e-05,355418697901.6504
1978-02-11T21:13:07,0.04869,4.8689999999999996e-05,343155589943.1163
1978-02-11T21:26:55,0.04708,4.7079999999999996e-05,331808691199.875
1978-02-11T21:40:56,0.05338,5.338e-05,376209599325.60175
1978-02-11T21:51:38,0.04564,4.5640000000000003e-05,321659912199.709
1978-02-11T22:00:33,0.03726,3.726e-05,262599656629.29788
1978-02-11T22:11:57,0.03524,3.524e-05,248363174976.2871
1978-02-11T22:29:04,0.03551,3.5510000000000004e-05,250266071038.81827
1978-02-11T22:40:50,0.03683,3.6830000000000005e-05,259569118455.6372
1978-02-11T22:49:56,0.03578,3.578e-05,252168967101.3494
1978-02-11T23:04:54,0.03834,3.834e-05,270211240879.42245
1978-02-11T23:27:43,0.03226,3.226e-05,227360840656.49893
1978-02-11T23:32:04,0.03598,3.598e-05,253578519740.26132
1978-02-11T23:40:39,0.03999,3.999e-05,281840050150.4461
1978-02-11T23:43:03,0.05145,5.1450000000000004e-05,362607416360.1014
1978-02-12T00:34:08,0.09924,9.923999999999999e-05,699420019428.1138
1978-02-12T00:35:48,0.08299,8.298999999999999e-05,584893867516.5171
1978-02-12T00:51:10,0.08422,8.422e-05,593562616245.8258
1978-02-12T01:06:09,0.07582,7.582e-05,534361405411.52356
1978-02-12T01:22:44,0.05849,5.8490000000000004e-05,412223669249.8023
1978-02-12T01:34:30,0.05311,5.311e-05,374306703263.07056
1978-02-12T01:45:44,0.05099,5.0990000000000005e-05,359365445290.6039
1978-02-12T01:58:02,0.04288,4.288e-05,302208085782.72394
1978-02-12T02:08:44,0.04859,4.859e-05,342450813623.66034
1978-02-12T02:10:24,0.03978,3.978e-05,280360019879.58856
1978-02-12T02:17:44,0.05761,5.7610000000000006e-05,406021637638.5897
1978-02-12T02:22:23,0.036,3.6e-05,253719475004.15256
1978-02-12T02:33:20,0.03514,3.514e-05,247658398656.83112
1978-02-12T22:26:13,0.04313,4.313e-05,303970026581.3639
1978-02-12T22:36:22,0.04143,4.143e-05,291988829150.61224
1978-02-12T22:49:21,0.04195,4.195e-05,295653666011.7834
1978-02-12T22:58:24,0.03543,3.5430000000000005e-05,249702249983.2535
1978-02-12T23:13:17,0.03031,3.031e-05,213617702427.1073
1978-02-12T23:22:26,0.02417,2.417e-05,170344436412.5102
1978-02-12T23:25:19,0.02852,2.852e-05,201002206308.8453
1978-02-12T23:30:11,0.06407,6.407e-05,451550187875.4459
1978-02-12T23:30:24,0.0391,3.91e-05,275567540907.2879
1978-02-12T23:30:24,0.05501,5.5010000000000004e-05,387697453332.73425
1978-02-12T23:30:56,0.07803,7.803000000000001e-05,549936962071.5007
1978-02-12T23:32:00,0.11056,0.00011056000000000001,779200698790.5308
1978-02-12T23:33:00,0.03174,3.174e-05,223696003795.3278
1978-02-12T23:38:15,0.03062,3.062e-05,215802509017.42087
1978-02-12T23:45:59,0.03369,3.369e-05,237439142024.71942
1978-02-12T23:47:10,0.04195,4.195e-05,295653666011.7834
1978-02-12T23:47:31,0.06193,6.193e-05,436467974639.08795
1978-02-12T23:47:31,0.05301,5.301e-05,373601926943.6146
1978-02-12T23:47:40,0.07503,7.503e-05,528793672487.8213
1978-02-12T23:48:03,0.11293,0.00011293,795903897561.6375
1978-02-12T23:49:07,0.09481,9.481000000000001e-05,668198428476.214
1978-02-13T00:03:10,0.03588,3.588e-05,252873743420.80536
1978-02-13T00:14:22,0.03674,3.6740000000000004e-05,258934819768.1268
1978-02-13T00:26:05,0.03775,3.775e-05,266053060594.6322
1978-02-13T00:36:13,0.04095,4.095e-05,288605902817.2235
1978-02-13T00:50:36,0.0417,4.1700000000000004e-05,293891725213.1434
1978-02-13T01:02:19,0.04167,4.167e-05,293680292317.3066
1978-02-13T01:14:03,0.04135,4.1349999999999995e-05,291425008095.0474
1978-02-13T01:25:23,0.046,4.6e-05,324197106949.7505
1978-02-13T01:31:38,0.05411,5.411e-05,381354466457.63043
1978-02-13T01:40:41,0.08506,8.506e-05,599482737329.256
1978-02-13T01:42:36,0.10088,0.00010088,710978351067.1919
1978-02-13T01:48:47,0.12485,0.00012485,879913234840.79
1978-02-13T01:52:25,0.15501,0.00015501000000000002,1092473772788.7136
1978-02-13T01:56:09,0.1828,0.0001828,1288331111965.53
1978-02-13T02:05:25,0.21322,0.00021322,1502724068344.0388
1978-02-13T02:11:36,0.24818,0.00024818,1749113869625.8494
1978-02-13T02:18:31,0.29303,0.00029303,2065206048901.856
1978-02-13T02:36:07,0.41004,0.00041004,2889864820297.2974
1978-02-13T02:48:17,0.46537,0.00046537,3279817557852.291
1978-02-13T02:56:14,0.55287,0.00055287,3896496837376.2725
1978-02-13T03:08:05,0.54596,0.0005459600000000001,3847796793701.8647
1978-02-13T03:19:48,0.51664,0.00051664,3641156376837.371
1978-02-13T03:33:40,0.45323,0.00045323000000000005,3194257712670.3354
1978-02-13T03:45:23,0.41162,0.00041162,2901000286144.702
1978-02-13T03:57:07,0.37002,0.00037002000000000004,2607813337251.0146
1978-02-13T04:08:50,0.35195,0.00035195,2480460256325.319
1978-02-13T04:19:29,0.31696,0.00031696000000000003,2233859022147.6724
1978-02-13T04:30:09,0.27665,0.00027665000000000003,1949763687774.967
1978-02-13T04:41:52,0.25598,0.00025598,1804086422543.4158
1978-02-13T04:53:36,0.23868,0.00023868,1682160119277.5315
1978-02-13T05:05:19,0.21635,0.00021635,1524783567143.0112
1978-02-13T05:16:09,0.2018,0.0002018,1422238612662.1663
1978-02-13T05:28:46,0.19004,0.00019004,1339356917494.143
1978-02-13T05:40:29,0.18919,0.00018919,1333366318778.767
1978-02-13T05:52:13,0.18076,0.00018076,1273953675048.6282
1978-02-13T06:00:12,0.18184,0.00018184,1281565259298.7527
1978-02-13T07:06:49,0.1355,0.00013550000000000001,954971912862.852
1978-02-13T07:16:25,0.14099,0.00014099000000000002,993664132800.9854
1978-02-13T07:30:16,0.13893,0.00013893,979145740620.192
1978-02-13T07:41:59,0.13559,0.00013559,955606211550.3622
1978-02-13T07:53:43,0.13147,0.00013147,926569427188.776
1978-02-13T08:04:54,0.12609,0.00012609,888652461202.0443
1978-02-13T08:20:28,0.1322,0.00013220000000000001,931714294320.8047
1978-02-13T08:31:01,0.14028,0.00014027999999999998,988660220932.8475
1978-02-13T08:42:44,0.13071,0.00013071,921213127160.9105
1978-02-13T09:13:39,0.11849,0.00011849,835089460923.3899
1978-02-13T09:25:22,0.11408,0.00011408,804008825235.3812
1978-02-13T09:37:06,0.10583,0.00010583,745864778880.2628
1978-02-13T09:48:49,0.10388,0.00010388,732121640650.8712
1978-02-13T10:00:32,0.10308,0.00010308000000000001,726483430095.2235
1978-02-13T10:12:16,0.09805,9.805e-05,691033181226.5876
1978-02-13T10:23:59,0.09183,9.183e-05,647196094156.4257
1978-02-13T10:36:01,0.09267,9.267e-05,653116215239.856
1978-02-13T10:40:26,0.10046,0.00010046,708018290525.4767
1978-02-13T10:47:45,0.08685,8.685e-05,612098233447.518
1978-02-13T10:59:03,0.08449,8.449e-05,595465512308.3568
1978-02-13T11:06:37,0.08457,8.457000000000001e-05,596029333363.9218
1978-02-13T11:41:40,0.10011,0.00010011,705551573407.3809
1978-02-13T11:44:27,0.12296,0.00012296,866592962403.0721
1978-02-13T11:45:10,0.08343,8.343e-05,587994883322.1237
1978-02-13T11:56:43,0.07953,7.953e-05,560508606863.3403
1978-02-13T12:06:31,0.07665,7.664999999999999e-05,540211048863.00806
1978-02-13T12:42:32,0.07395,7.395000000000001e-05,521182088237.6967
1978-02-13T13:01:43,0.07368,7.368e-05,519279192175.1655
1978-02-13T13:13:27,0.07223,7.223e-05,509059935543.05383
1978-02-13T13:25:10,0.07411,7.411e-05,522309730348.82623
1978-02-13T13:36:54,0.07707,7.707e-05,543171109404.7233
1978-02-13T13:48:37,0.08092,8.092e-05,570304997703.7784
1978-02-13T13:58:45,0.07841,7.840999999999999e-05,552615112085.4333
1978-02-13T15:05:21,0.07076,7.076000000000001e-05,498699723647.051
1978-02-13T15:17:05,0.06658,6.658e-05,469240073493.791
1978-02-13T15:28:48,0.06423,6.423e-05,452677829986.5755
1978-02-13T15:40:31,0.06308,6.308e-05,444572902312.8317
1978-02-13T15:48:10,0.06559,6.559e-05,462262787931.1768
1978-02-13T16:46:36,0.06312,6.311999999999999e-05,444854812840.6141
1978-02-13T16:58:20,0.07018,7.018000000000001e-05,494612020994.2063
1978-02-13T17:09:31,0.07219,7.219000000000001e-05,508778025015.2715
1978-02-13T17:16:14,0.076,7.6e-05,535630002786.5443
1978-02-13T17:21:46,0.07607,7.607e-05,536123346210.1634
1978-02-13T19:06:24,0.17626,0.00017626,1242238740673.1091
1978-02-13T19:14:13,0.23389,0.00023389,1648401333575.59
1978-02-13T19:15:49,0.38341,0.00038341,2702182886426.17
1978-02-13T19:16:21,0.30557,0.00030557,2153584999361.636
1978-02-13T19:16:25,0.2475,0.0002475,1744321390653.5488
1978-02-13T19:17:09,0.19545,0.00019545,1377485316376.7117
1978-02-13T19:24:15,0.16165,0.00016165,1139270920400.5906
1978-02-13T19:31:48,0.20539,0.00020538999999999998,1447540082530.6357
1978-02-13T19:34:51,0.17034,0.00017034,1200515982561.315
1978-02-13T19:35:00,0.33861,0.00033861000000000004,2386443095309.892
1978-02-13T19:35:15,0.27242,0.00027242,1919951649461.9788
1978-02-13T19:35:32,0.2212,0.0002212,1558965218636.6262
1978-02-13T19:37:22,0.13573,0.00013573,956592898397.6007
1978-02-13T19:37:40,0.12223,0.00012223,861448095271.0436
1978-02-14T10:21:35,0.14414,0.00014413999999999999,1015864586863.8485
1978-02-14T10:33:16,0.14001,0.00014001,986757324870.3167
1978-02-14T10:44:56,0.13786,0.00013786,971604634002.0131
1978-02-14T10:56:36,0.14386,0.00014386,1013891213169.3718
1978-02-14T11:05:37,0.15155,0.00015155,1068088512135.5366
1978-02-14T11:22:04,0.29303,0.00029303,2065206048901.856
1978-02-14T11:37:17,0.29675,0.00029675000000000003,2091423727985.6187
1978-02-14T11:44:35,0.26418,0.00026418000000000004,1861878080738.8064
1978-02-14T11:46:10,0.33018,0.00033017999999999996,2327030451579.752
1978-02-14T11:54:58,0.37902,0.00037902000000000004,2671243206002.0527
1978-02-14T12:06:38,0.38594,0.00038594000000000004,2720013727308.4067
1978-02-14T12:18:18,0.40054,0.00040054,2822911069948.9795
1978-02-14T12:29:59,0.43887,0.00043887,3093051833196.4565
1978-02-14T12:41:39,0.45353,0.00045353,3196372041628.7026
1978-02-14T12:53:19,0.44086,0.00044086,3107076881953.63
1978-02-14T13:05:00,0.45917,0.00045917,3236121426046.02
1978-02-14T13:12:57,0.47793,0.00047793000000000005,3368337463575.962
1978-02-14T13:39:31,0.45054,0.00045054,3175299229676.9688
1978-02-14T13:50:37,0.51113,0.0005111299999999999,3602323201635.3467
1978-02-14T14:02:18,0.5621,0.0005621000000000001,3961547691662.06
1978-02-14T14:07:23,0.72155,0.0007215500000000001,5085313533034.618
1978-02-14T14:08:08,0.92534,0.0009253400000000001,6521577194453.959
1978-02-14T14:10:11,0.59507,0.00059507,4193912444186.696
1978-02-14T14:14:38,0.33038,0.00033038,2328440004218.6646
1978-02-14T14:15:13,0.48059,0.00048059000000000003,3387084513673.491
1978-02-14T14:16:05,0.38108,0.00038108,2685761598182.8457
1978-02-14T14:26:10,0.94752,0.0009475200000000001,6677896582109.296
1978-02-14T14:30:19,0.7433,0.0007433,5238602382516.295
1978-02-14T14:34:08,0.58394,0.00058394,4115470839831.2456
1978-02-14T14:39:13,0.7595,0.0007595,5352776146268.163
1978-02-14T15:13:34,0.40781,0.00040781000000000004,2874148308373.4297
1978-02-14T15:13:55,0.48077,0.00048077,3388353111048.5117
1978-02-14T16:57:23,0.2916,0.00029160000000000004,2055127747533.636
1978-02-14T17:09:03,0.2933,0.00029330000000000003,2067108944964.3875
1978-02-14T17:18:36,0.30332,0.00030332,2137727532173.8762
1978-02-14T18:28:38,0.38197,0.00038197,2692034107426.004
1978-02-14T18:40:18,0.3847,0.00038469999999999997,2711274500947.152
1978-02-14T18:51:58,0.39071,0.00039071,2753631557746.4565
1978-02-14T19:03:39,0.41758,0.00041758,2943004954784.2783
1978-02-14T19:15:19,0.42603,0.00042603000000000004,3002558553778.3086
1978-02-14T19:26:59,0.41275,0.00041275000000000003,2908964258554.5547
1978-02-14T19:38:08,0.45088,0.00045088,3177695469163.1196
1978-02-14T19:55:11,0.44606,0.00044606,3143725250565.3413
1978-02-14T20:05:11,0.38894,0.00038894,2741157016892.086
1978-02-14T20:08:58,0.447,0.000447,3150350147968.2275
1978-02-14T20:15:17,0.48654,0.00048654,3429018704681.1216
1978-02-14T20:21:37,0.48654,0.00048654,3429018704681.1216
1978-02-14T20:30:22,0.52417,0.00052417,3694226033692.4067
1978-02-14T20:34:17,0.91873,0.0009187300000000001,6474991479737.919
1978-02-14T20:34:17,0.7433,0.0007433,5238602382516.295
1978-02-14T20:36:56,0.61337,0.00061337,4322886510647.14
1978-02-14T20:50:20,0.68167,0.00068167,4804248736835.574
1978-02-14T20:53:16,1.0,0.001,7047763194559.793
1978-02-14T20:54:16,0.78306,0.00078306,5518821447131.991
1978-02-14T21:04:26,0.71127,0.00071127,5012862527394.544
1978-02-15T13:21:12,0.04442,4.4420000000000005e-05,313061641102.34607
1978-02-15T13:32:59,0.04903,4.9029999999999996e-05,345551829429.2666
1978-02-15T13:35:07,0.14802,0.00014802,1043209908058.7406
1978-02-15T13:35:07,0.12632,0.00012632,890273446736.793
1978-02-15T13:35:07,0.26409,0.00026409,1861243782051.2954
1978-02-15T13:35:47,0.07987,7.986999999999999e-05,562904846349.4906
1978-02-15T13:35:49,0.0998,9.98e-05,703366766817.0673
1978-02-15T13:35:59,0.3207,0.0003207,2260217656495.3257
1978-02-15T13:53:34,0.36637,0.00036637,2582089001590.871
1978-02-15T13:53:51,0.2505,0.0002505,1765464680237.2283
1978-02-15T13:53:59,0.18298,0.00018298,1289599709340.551
1978-02-15T13:54:55,0.13219,0.00013219,931643816688.859
1978-02-15T13:54:55,0.11352,0.00011352,800062077846.4277
1978-02-15T14:10:13,0.10146,0.00010146,715066053720.0365
1978-02-15T14:11:31,0.07812,7.811999999999999e-05,550571260759.011
1978-02-15T14:12:50,0.06076,6.076e-05,428222091701.453
1978-02-15T14:33:42,0.04643,4.643e-05,327227645123.4112
1978-02-15T14:45:46,0.0433,4.33e-05,305168146324.439
1978-02-15T14:57:33,0.04468,4.468e-05,314894059532.9315
1978-02-15T15:09:20,0.04275,4.275e-05,301291876567.4312
1978-02-15T15:21:32,0.04455,4.455e-05,313977850317.63873
1978-02-15T15:32:48,0.04777,4.777e-05,336671647804.1213
1978-02-15T15:44:39,0.04682,4.682e-05,329976272769.28955
1978-02-15T15:56:56,0.04565,4.5650000000000005e-05,321730389831.6546
1978-02-15T16:04:50,0.03999,3.999e-05,281840050150.4461
1978-02-15T16:05:46,0.28629,0.00028628999999999997,2017704124970.523
1978-02-15T16:06:04,0.10116,0.00010116,712951724761.6687
1978-02-15T16:06:04,0.36109,0.00036109000000000005,2544876811923.596
1978-02-15T16:06:12,0.22183,0.00022183,1563405309449.199
1978-02-15T16:06:17,0.13466,0.00013466000000000002,949051791779.4218
1978-02-15T16:06:36,0.0593,5.93e-05,417932357437.39575
1978-02-15T16:06:44,0.04712,4.712e-05,332090601727.6575
1978-02-15T16:06:50,0.08468,8.468000000000001e-05,596804587315.3234
1978-02-15T16:15:42,0.04097,4.097e-05,288746858081.11475
1978-02-15T16:24:59,0.04607,4.607e-05,324690450373.3697
1978-02-15T16:25:20,0.04199,4.199e-05,295935576539.5657
1978-02-15T16:36:35,0.04917,4.917e-05,346538516276.505
1978-02-15T16:56:23,0.04838,4.838e-05,340970783352.8028
1978-02-15T17:13:31,0.05492,5.4919999999999996e-05,387063154645.2238
1978-02-15T17:24:18,0.04662,4.6620000000000004e-05,328566720130.37756
1978-02-16T06:56:00,0.04167,4.167e-05,293680292317.3066
1978-02-16T06:56:36,0.64557,0.00064557,4549824485511.966
1978-02-16T06:56:36,0.04902,4.902e-05,345481351797.32104
1978-02-16T06:56:53,0.07473,7.473000000000001e-05,526679343529.45337
1978-02-16T06:57:04,0.30953,0.00030953,2181494141612.0928
1978-02-16T06:57:16,0.14985,0.00014985,1056107314704.785
1978-02-16T06:57:26,0.36559,0.00036559000000000006,2576591746299.115
1978-02-16T06:57:26,0.06431,6.431000000000001e-05,453241651042.1403
1978-02-16T06:57:42,0.12502,0.00012502,881111354583.8652
1978-02-16T06:57:47,0.50239,0.00050239,3540725751314.894
1978-02-16T06:57:58,0.42565,0.00042564999999999997,2999880403764.3755
1978-02-16T06:58:06,0.2224,0.00022239999999999998,1567422534470.0977
1978-02-16T06:58:30,0.26505,0.00026505,1868009634718.0732
1978-02-16T08:02:20,0.04229,4.229e-05,298049905497.93365
1978-02-16T08:02:41,0.05409,5.409e-05,381213511193.7392
1978-02-16T08:02:56,0.06642,6.642e-05,468112431382.66144
1978-02-16T08:07:44,0.03389,3.389e-05,238848694663.6314
1978-02-16T08:18:17,0.03748,3.748e-05,264150164532.10104
1978-02-16T08:31:25,0.03859,3.859e-05,271973181678.0624
1978-02-16T08:36:23,0.07991,7.991e-05,563186756877.2731
1978-02-16T08:37:11,0.04281,4.281e-05,301714742359.1047
1978-02-16T08:38:00,0.03661,3.661e-05,258018610552.834
1978-02-16T08:38:05,0.06216,6.216e-05,438088960173.83673
1978-02-16T08:38:53,0.22964,0.00022964,1618448339998.711
1978-02-16T08:39:04,0.12201,0.00012200999999999999,859897587368.2402
1978-02-16T08:39:20,0.15102,0.00015102,1064353197642.4199
1978-02-16T08:39:58,0.05036,5.0360000000000006e-05,354925354478.0312
1978-02-16T08:51:22,0.03851,3.851e-05,271409360622.49765
1978-02-16T09:08:45,0.09292,9.292e-05,654878156038.496
1978-02-16T09:10:31,0.06139,6.139000000000001e-05,432662182514.0257
1978-02-16T09:10:32,0.04196,4.196e-05,295724143643.7289
1978-02-16T09:10:52,0.12216,0.00012216,860954751847.4243
1978-02-16T09:11:10,0.05095,5.0950000000000005e-05,359083534762.8215
1978-02-16T09:11:37,0.07225,7.225e-05,509200890806.945
1978-02-16T09:15:14,0.03581,3.5810000000000004e-05,252380399997.18622
1978-02-16T09:29:08,0.03524,3.524e-05,248363174976.2871
1978-02-16T09:35:46,0.03824,3.8240000000000007e-05,269506464559.96652
1978-02-16T09:46:28,0.0379,3.7900000000000006e-05,267110225073.8162
1978-02-16T15:56:39,0.03645,3.6450000000000005e-05,256890968441.7045
1978-02-16T16:17:30,0.12639,0.00012639000000000001,890766790160.4124
1978-02-16T16:18:19,0.05277,5.277e-05,371910463776.9202
1978-02-16T16:18:19,0.08782,8.782e-05,618934563746.241
1978-02-16T16:18:24,0.06559,6.559e-05,462262787931.1768
1978-02-16T16:19:07,0.03674,3.6740000000000004e-05,258934819768.1268
1978-02-16T16:34:05,0.03655,3.655e-05,257595744761.16043
1978-02-16T16:38:48,0.05047,5.047e-05,355700608429.4328
1978-02-16T16:39:26,0.06513,6.513e-05,459020816861.67926
1978-02-16T16:40:37,0.03143,3.143e-05,221511197205.0143
1978-02-16T16:40:58,0.04155,4.155e-05,292834560733.95935
1978-02-16T16:50:46,0.03512,3.5119999999999996e-05,247517443392.9399
1978-02-16T17:02:59,0.03641,3.641e-05,256609057913.92206
1978-02-16T17:13:05,0.04139,4.139e-05,291706918622.82983
1978-02-16T17:13:08,0.04895,4.8950000000000004e-05,344988008373.7019
1978-02-16T17:13:33,0.07133,7.133000000000001e-05,502716948667.9501
1978-02-16T17:13:41,0.11085,0.00011085000000000001,781244550116.9531
1978-02-16T17:14:45,0.0822,8.219999999999999e-05,579326134592.815
1978-02-16T17:18:12,0.03668,3.668e-05,258511953976.4532
1978-02-16T17:27:35,0.03508,3.508e-05,247235532865.15756
1978-02-16T17:40:00,0.03418,3.418e-05,240892545990.05374
1978-02-16T17:46:18,0.03428,3.428e-05,241597322309.50967
1978-02-16T18:11:27,0.03397,3.397e-05,239412515719.1962
1978-02-16T18:23:13,0.03168,3.168e-05,223273138003.65427
1978-02-16T18:34:59,0.03227,3.227e-05,227431318288.44452
1978-02-16T18:46:45,0.03448,3.4479999999999995e-05,243006874948.42163
1978-02-16T18:55:19,0.03487,3.4869999999999996e-05,245755502594.29996
1978-02-16T19:20:59,0.04255,4.255e-05,299882323928.51917
1978-02-16T19:31:14,0.04614,4.614e-05,325183793796.98883
1978-02-16T19:44:32,0.04953,4.953e-05,349075711026.5466
1978-02-16T19:57:08,0.0511,5.11e-05,360140699242.00543
1978-02-16T20:08:11,0.04928,4.9279999999999996e-05,347313770227.90656
1978-02-16T20:08:16,0.11168,0.00011168,787094193568.4377
1978-02-16T20:08:28,0.06782,6.782000000000001e-05,477979299855.0452
1978-02-16T20:08:36,0.14484,0.00014484,1020798021100.0404
1978-02-16T20:10:12,0.08515,8.515000000000001e-05,600117036016.7664
1978-02-16T20:19:50,0.04522,4.5220000000000004e-05,318699851657.9939
1978-02-16T20:30:32,0.04475,4.475e-05,315387402956.5507
1978-02-16T20:43:22,0.04193,4.193e-05,295512710747.89215
1978-02-16T20:55:08,0.04099,4.099e-05,288887813345.0059
1978-02-16T21:04:14,0.04094,4.094e-05,288535425185.2779
1978-02-16T21:32:35,0.05154,5.1540000000000005e-05,363241715047.61176
1978-02-16T21:44:21,0.04374,4.3740000000000005e-05,308269162130.04535
1978-02-16T21:54:47,0.04391,4.391e-05,309467281873.1205
1978-02-16T21:55:48,0.0623,6.23e-05,439075647021.0751
1978-02-16T21:56:07,0.12069,0.00012069000000000001,850594539951.4214
1978-02-16T21:56:07,0.15376,0.00015376000000000002,1083664068795.5139
1978-02-16T21:56:39,0.07741,7.741e-05,545567348890.87366
1978-02-16T21:58:16,0.05163,5.1630000000000005e-05,363876013735.12213
1978-02-16T22:08:58,0.04925,4.9250000000000004e-05,347102337332.0698
1978-02-16T22:20:44,0.04702,4.702e-05,331385825408.2015
1978-02-16T22:32:30,0.04453,4.453e-05,313836895053.74756
1978-02-16T22:43:57,0.04224,4.224e-05,297697517338.2057
1978-02-16T22:56:02,0.03828,3.828e-05,269788375087.74887
1978-02-16T23:08:08,0.0364,3.6400000000000004e-05,256538580281.9765
1978-02-16T23:19:34,0.03386,3.3860000000000004e-05,238637261767.79462
1978-02-16T23:28:08,0.02972,2.972e-05,209459522142.31705
1978-02-17T00:44:13,0.03231,3.231e-05,227713228816.22693
1978-02-17T00:57:51,0.03528,3.528e-05,248645085504.0695
1978-02-17T01:09:47,0.03981,3.981e-05,280571452775.42535
1978-02-17T01:21:31,0.03899,3.899e-05,274792286955.8863
1978-02-17T01:33:41,0.03864,3.864e-05,272325569837.7904
1978-02-17T01:42:18,0.03771,3.771e-05,265771150066.84982
1978-02-17T01:43:06,0.04537,4.537e-05,319757016137.1778
1978-02-17T01:43:10,0.06437,6.437e-05,453664516833.81384
1978-02-17T01:43:17,0.05086,5.0860000000000004e-05,358449236075.3111
1978-02-17T01:45:30,0.15571,0.00015570999999999998,1097407207024.9053
1978-02-17T01:45:34,0.07968,7.968e-05,561565771342.5243
1978-02-17T01:46:43,0.1289,0.0001289,908456675778.7572
1978-02-17T01:50:22,0.09697,9.697e-05,683421596976.4631
1978-02-17T01:53:18,0.06538,6.538e-05,460782757660.3193
1978-02-17T01:53:29,0.07983,7.983e-05,562622935821.7083
1978-02-17T01:56:17,0.05405,5.405e-05,380931600665.9568
1978-02-17T02:06:16,0.05049,5.049e-05,355841563693.324
1978-02-17T02:18:00,0.04355,4.355e-05,306930087123.07904
1978-02-17T02:29:43,0.04017,4.0169999999999997e-05,283108647525.46686
1978-02-17T02:41:27,0.03778,3.778e-05,266264493490.46896
1978-02-17T02:52:06,0.03633,3.633e-05,256045236858.35727
1978-02-17T03:12:14,0.04421,4.421e-05,311581610831.4884
1978-02-17T03:12:53,0.02353,2.353e-05,165833867967.9919
1978-02-17T03:13:57,0.02905,2.905e-05,204737520801.96198
1978-02-17T03:14:16,0.03552,3.5520000000000006e-05,250336548670.7639
1978-02-17T03:14:29,0.05826,5.826e-05,410602683715.0535
1978-02-17T03:15:01,0.1452,0.0001452,1023335215850.0819
1978-02-17T03:15:16,0.07335,7.335e-05,516953430320.96075
1978-02-17T03:19:01,0.23663,0.00023663000000000002,1667712204728.684
1978-02-17T03:20:46,0.19272,0.00019272,1358244922855.5632
1978-02-17T03:30:09,0.03506,3.506e-05,247094577601.26633
1978-02-17T03:37:24,0.04566,4.566e-05,321800867463.6001
1978-02-17T03:41:14,0.03478,3.478e-05,245121203906.7896
1978-02-17T03:52:51,0.03271,3.2710000000000004e-05,230532334094.05087
1978-02-17T04:04:34,0.03189,3.189e-05,224753168274.5118
1978-02-17T04:16:18,0.03298,3.2980000000000006e-05,232435230156.582
1978-02-17T04:25:21,0.0335,3.35e-05,236100067017.75308
1978-02-17T04:37:37,0.02125,2.125e-05,149764967884.3956
1978-02-17T04:39:45,0.06076,6.076e-05,428222091701.453
1978-02-17T04:39:45,0.05294,5.2940000000000005e-05,373108583519.9955
1978-02-17T04:41:30,0.03528,3.528e-05,248645085504.0695
1978-02-17T04:42:01,0.04343,4.343e-05,306084355539.7318
1978-02-17T04:52:52,0.03643,3.6429999999999995e-05,256750013177.81323
1978-02-17T05:01:04,0.03169,3.169e-05,223343615635.59988
1978-02-17T05:55:33,0.04222,4.222e-05,297556562074.31445
1978-02-17T05:55:49,0.05419,5.419e-05,381918287513.1952
1978-02-17T05:56:29,0.0765,7.65e-05,539153884383.82416
1978-02-17T05:57:15,0.11092,0.00011092,781737893540.5723
1978-02-17T05:57:33,0.14097,0.00014097000000000003,993523177537.0942
1978-02-17T06:37:43,0.03335,3.335e-05,235042902538.5691
1978-02-17T06:54:42,0.03601,3.601e-05,253789952636.09818
1978-02-17T07:06:49,0.03339,3.3390000000000004e-05,235324813066.3515
1978-02-17T07:17:01,0.03237,3.2370000000000003e-05,228136094607.9005
1978-02-17T07:28:40,0.03146,3.146e-05,221722630100.8511
1978-02-17T07:38:48,0.03525,3.5249999999999996e-05,248433652608.23267
1978-02-17T07:55:03,0.03478,3.478e-05,245121203906.7896
1978-02-17T08:04:22,0.02997,2.997e-05,211221462940.957
1978-02-17T08:14:39,0.03038,3.038e-05,214111045850.7265
1978-02-17T08:14:40,0.04651,4.651000000000001e-05,327791466178.9761
1978-02-17T08:15:02,0.06328,6.328e-05,445982454951.7437
1978-02-17T08:15:02,0.1005,0.0001005,708300201053.2592
1978-02-17T08:15:34,0.07827,7.827000000000001e-05,551628425238.1951
1978-02-17T08:28:53,0.0297,2.97e-05,209318566878.42584
1978-02-17T08:40:41,0.03033,3.033e-05,213758657690.9985
1978-02-17T09:05:14,0.02657,2.657e-05,187259068079.4537
1978-02-17T10:08:32,0.02759,2.7590000000000002e-05,194447786537.90472
1978-02-17T10:26:50,0.06404,6.404e-05,451338754979.60913
1978-02-17T10:27:11,0.07815,7.815e-05,550782693654.8478
1978-02-17T10:29:03,0.05219,5.219e-05,367822761124.0756
1978-02-17T10:29:19,0.02048,2.048e-05,144338190224.58456
1978-02-17T10:29:30,0.02519,2.519e-05,177533154870.96118
1978-02-17T10:31:02,0.0308,3.08e-05,217071106392.44165
1978-02-17T10:31:27,0.04293,4.2930000000000004e-05,302560473942.4519
1978-02-17T10:31:27,0.03691,3.691e-05,260132939511.20193
1978-02-17T10:38:54,0.03169,3.169e-05,223343615635.59988
1978-02-17T10:39:26,0.03588,3.588e-05,252873743420.80536
1978-02-17T10:40:27,0.0262,2.6200000000000003e-05,184651395697.46658
1978-02-17T11:16:27,0.03954,3.954e-05,278668556712.89417
1978-02-17T11:17:11,0.03131,3.131e-05,220665465621.66708
1978-02-17T11:22:11,0.04351,4.351e-05,306648176595.29663
1978-02-17T11:44:59,0.04035,4.035e-05,284377244900.4876
1978-02-17T11:49:05,0.03301,3.301e-05,232646663052.41873
1978-02-17T18:26:57,0.02404,2.404e-05,169428227197.21744
1978-02-17T18:27:00,0.03853,3.8530000000000005e-05,271550315886.3889
1978-02-17T18:27:40,0.01605,1.6049999999999997e-05,113116599272.68466
1978-02-17T18:27:50,0.01899,1.899e-05,133837023064.69046
1978-02-17T18:28:18,0.03058,3.058e-05,215520598489.6385
1978-02-17T18:28:54,0.07606,7.606e-05,536052868578.21783
1978-02-17T18:28:54,0.06505,6.505e-05,458456995806.1145
1978-02-17T18:28:54,0.05564,5.564e-05,392137544145.3069
1978-02-17T18:28:54,0.04758,4.7579999999999995e-05,335332572797.1549
1978-02-17T18:29:26,0.1028,0.0001028,724510056400.7468
1978-02-17T18:29:41,0.12811,0.00012811,902888942855.0549
1978-02-17T18:32:00,0.08941,8.941e-05,630140507225.5911
1978-02-17T20:22:37,0.02905,2.905e-05,204737520801.96198
1978-02-17T20:37:15,0.03378,3.378e-05,238073440712.22977
1978-02-17T20:43:12,0.02949,2.949e-05,207838536607.5683
1978-02-17T20:56:45,0.04748,4.748e-05,334627796477.699
1978-02-17T20:57:58,0.05887,5.887e-05,414901819263.735
1978-02-17T21:15:10,0.02754,2.754e-05,194095398378.1767
1978-02-17T21:20:30,0.03223,3.223e-05,227149407760.66214
1978-02-17T21:21:02,0.05449,5.4489999999999995e-05,384032616471.56305
1978-02-17T21:21:02,0.04041,4.041e-05,284800110692.16125
1978-02-17T21:22:06,0.07704,7.704e-05,542959676508.8864
1978-02-17T21:22:06,0.12172,0.00012172,857853736041.818
1978-02-17T21:22:16,0.09499,9.499000000000001e-05,669467025851.2349
1978-02-17T21:28:40,0.02742,2.7420000000000002e-05,193249666794.82953
1978-02-17T21:38:37,0.02776,2.7760000000000002e-05,195645906280.9799
1978-02-17T21:50:20,0.02719,2.719e-05,191628681260.08075
1978-02-17T22:02:03,0.02821,2.821e-05,198817399718.53174
1978-02-17T22:11:39,0.03091,3.091e-05,217846360343.8432
1978-02-17T22:19:53,0.30649,0.00030649,2160068941500.6309
1978-02-17T22:20:01,0.43511,0.00043511,3066552243584.9116
1978-02-17T22:21:15,0.2374,0.0002374,1673138982388.4946
1978-02-17T22:22:06,0.0462,4.62e-05,325606659588.6624
1978-02-17T22:22:54,0.03621,3.621e-05,255199505275.0101
1978-02-17T22:23:44,0.12482,0.00012482000000000001,879701801944.9535
1978-02-17T22:23:54,0.16982,0.00016982,1196851145700.144
1978-02-17T22:24:05,0.07908,7.908e-05,557337113425.7883
1978-02-17T22:24:20,0.09242,9.242e-05,651354274441.2161
1978-02-17T22:24:58,0.05812,5.812e-05,409615996867.8151
1978-02-17T22:25:43,0.04203,4.2029999999999996e-05,296217487067.348
1978-02-17T22:26:20,0.02536,2.536e-05,178731274614.03635
1978-02-17T22:30:07,0.03323,3.3230000000000005e-05,234197170955.22195
1978-02-17T22:45:25,0.02698,2.6980000000000003e-05,190148650989.2232
1978-02-17T22:56:50,0.0462,4.62e-05,325606659588.6624
1978-02-17T22:57:20,0.0302,3.0200000000000002e-05,212842448475.70578
1978-02-17T22:57:50,0.04054,4.054e-05,285716319907.454
1978-02-17T23:06:32,0.03679,3.6790000000000005e-05,259287207927.85483
1978-02-17T23:06:55,0.04139,4.139e-05,291706918622.82983
1978-02-17T23:09:15,0.02937,2.9370000000000002e-05,206992805024.22113
1978-02-17T23:17:44,0.03137,3.137e-05,221088331413.3407
1978-02-17T23:36:55,0.02942,2.9420000000000003e-05,207345193183.94913
1978-02-17T23:47:52,0.03138,3.138e-05,221158809045.28632
1978-02-17T23:55:47,0.03297,3.297e-05,232364752524.63635
1978-02-18T00:20:17,0.02969,2.9690000000000002e-05,209248089246.48026
1978-02-18T00:32:10,0.03079,3.079e-05,217000628760.49603
1978-02-18T00:40:25,0.03702,3.702e-05,260908193462.60355
1978-02-18T00:48:31,0.04245,4.245e-05,299177547609.06323
1978-02-18T00:59:07,0.04095,4.095e-05,288605902817.2235
1978-02-18T00:59:40,0.0516,5.16e-05,363664580839.2853
1978-02-18T00:59:40,0.0718,7.180000000000001e-05,506029397369.3932
1978-02-18T01:00:17,0.05882,5.8819999999999996e-05,414549431104.007
1978-02-18T01:05:00,0.03342,3.342e-05,235536245962.1883
1978-02-18T01:16:42,0.03074,3.074e-05,216648240600.76804
1978-02-18T01:25:13,0.03152,3.152e-05,222145495892.5247
1978-02-18T01:41:02,0.03002,3.002e-05,211573851100.685
1978-02-18T01:51:16,0.0347,3.47e-05,244557382851.22482
1978-02-18T02:02:55,0.03698,3.698e-05,260626282934.82114
1978-02-18T02:17:23,0.03388,3.388e-05,238778217031.6858
1978-02-18T02:29:06,0.03442,3.442e-05,242584009156.74805
1978-02-18T02:40:05,0.03397,3.397e-05,239412515719.1962
1978-02-18T02:52:31,0.03078,3.078e-05,216930151128.5504
1978-02-18T03:04:14,0.0307,3.07e-05,216366330072.98563
1978-02-18T03:15:57,0.03255,3.2550000000000005e-05,229404691982.92126
1978-02-18T03:25:32,0.03195,3.195e-05,225176034066.18536
1978-02-18T03:26:36,0.02607,2.607e-05,183735186482.1738
1978-02-18T03:27:08,0.02404,2.404e-05,169428227197.21744
1978-02-18T03:39:22,0.03321,3.321e-05,234056215691.33072
1978-02-18T03:55:20,0.03266,3.266e-05,230179945934.32285
1978-02-18T04:07:03,0.03278,3.2779999999999994e-05,231025677517.66995
1978-02-18T04:18:46,0.03362,3.362e-05,236945798601.10022
1978-02-18T04:30:28,0.03193,3.193e-05,225035078802.2942
1978-02-18T04:42:11,0.0313,3.13e-05,220594987989.72156
1978-02-18T04:53:54,0.03177,3.177e-05,223907436691.16464
1978-02-18T05:04:33,0.03319,3.319e-05,233915260427.4395
1978-02-18T05:43:56,0.0346,3.46e-05,243852606531.76886
1978-02-18T06:08:25,0.0369,3.69e-05,260062461879.25635
1978-02-18T06:20:08,0.03813,3.8129999999999996e-05,268731210608.56485
1978-02-18T06:31:51,0.037,3.7e-05,260767238198.7123
1978-02-18T06:43:33,0.0403,4.0300000000000004e-05,284024856740.75964
1978-02-18T06:55:16,0.04069,4.069e-05,286773484386.638
1978-02-18T07:06:59,0.03757,3.757e-05,264784463219.61142
1978-02-18T07:18:41,0.03755,3.755e-05,264643507955.7202
1978-02-18T07:30:24,0.03892,3.892000000000001e-05,274298943532.26718
1978-02-18T07:42:07,0.03801,3.8010000000000004e-05,267885479025.21774
1978-02-18T07:55:44,0.03897,3.897e-05,274651331691.99512
1978-02-18T08:05:32,0.03813,3.8129999999999996e-05,268731210608.56485
1978-02-18T08:17:15,0.03723,3.723e-05,262388223733.4611
1978-02-18T08:28:57,0.03615,3.6150000000000005e-05,254776639483.33655
1978-02-18T08:40:40,0.03747,3.7470000000000005e-05,264079686900.1555
1978-02-18T08:52:23,0.03728,3.728e-05,262740611893.18912
1978-02-18T09:04:05,0.03573,3.573e-05,251816578941.6214
1978-02-18T09:15:48,0.03346,3.3459999999999995e-05,235818156489.97064
1978-02-18T09:22:43,0.03224,3.2239999999999996e-05,227219885392.6077
1978-02-18T09:39:52,0.03293,3.2930000000000005e-05,232082841996.85403
1978-02-18T09:42:57,0.21709,0.00021709,1529998911906.9854
1978-02-18T09:43:29,0.26994,0.00026994000000000003,1902473196739.4707
1978-02-18T09:44:01,0.14444,0.00014444000000000002,1017978915822.2166
1978-02-18T09:44:01,0.07723,7.722999999999999e-05,544298751515.8527
1978-02-18T09:44:15,0.11646,0.00011645999999999999,820782501638.4335
1978-02-18T09:44:15,0.06232,6.232e-05,439216602284.96625
1978-02-18T09:46:04,0.04125,4.125e-05,290720231775.59143
1978-02-18T09:50:56,0.03383,3.383e-05,238425828871.9578
1978-02-18T10:02:07,0.03361,3.361e-05,236875320969.15463
1978-02-18T10:21:49,0.03175,3.175e-05,223766481427.2734
1978-02-18T10:33:31,0.03181,3.1809999999999995e-05,224189347218.947
1978-02-18T10:45:14,0.03323,3.3230000000000005e-05,234197170955.22195
1978-02-18T10:56:57,0.03314,3.3140000000000005e-05,233562872267.71158
1978-02-18T11:08:39,0.03338,3.338e-05,235254335434.40588
1978-02-18T11:20:22,0.03355,3.355e-05,236452455177.48108
1978-02-18T11:29:57,0.03419,3.4189999999999996e-05,240963023621.99927
1978-02-18T11:44:51,0.03454,3.4540000000000005e-05,243429740740.09528
1978-02-18T11:56:34,0.03539,3.539e-05,249420339455.47107
1978-02-18T12:05:05,0.03446,3.446e-05,242865919684.53046
1978-02-18T12:50:52,0.0327,3.27e-05,230461856462.10526
1978-02-18T13:21:12,0.03025,3.025e-05,213194836635.43375
1978-02-18T14:23:10,0.03268,3.268e-05,230320901198.21402
1978-02-18T14:34:08,0.03494,3.494e-05,246248846017.91916
1978-02-18T14:46:07,0.035,3.5000000000000004e-05,246671711809.59277
1978-02-18T14:46:55,0.03004,3.004e-05,211714806364.5762
1978-02-18T14:55:20,0.04278,4.278e-05,301503309463.2679
1978-02-18T14:55:26,0.05025,5.025e-05,354150100526.6296
1978-02-18T14:57:51,0.05973,5.973e-05,420962895611.0564
1978-02-18T14:58:56,0.10565,0.00010564999999999999,744596181505.2421
1978-02-18T14:58:56,0.08965,8.965e-05,631831970392.2854
1978-02-18T14:58:56,0.07673,7.673e-05,540774869918.57294
1978-02-18T14:58:59,0.06921,6.921e-05,487775690695.4833
1978-02-18T14:59:04,0.13233,0.00013233,932630503536.0974
1978-02-18T15:01:49,0.32239,0.00032239000000000004,2272128376294.132
1978-02-18T15:02:00,0.15779,0.00015779000000000002,1112066554469.5898
1978-02-18T15:02:21,0.22198,0.00022198,1564462473928.3828
1978-02-18T15:02:21,0.18999,0.00018999,1339004529334.415
1978-02-18T15:02:21,0.5578,0.0005578,3931242309925.4526
1978-02-18T15:02:39,0.46009,0.00046009,3242605368185.015
1978-02-18T15:05:01,0.10141,0.00010141,714713665560.3087
1978-02-18T15:05:01,0.08679,8.679000000000001e-05,611675367655.8446
1978-02-18T15:05:01,0.07428,7.428e-05,523507850091.9014
1978-02-18T15:05:39,0.06251,6.251e-05,440555677291.9326
1978-02-18T15:05:43,0.11276,0.00011276,794705777818.5623
1978-02-18T16:18:28,0.10377,0.00010377,731346386699.4697
1978-02-18T16:20:04,0.07975,7.975e-05,562059114766.1436
1978-02-18T16:20:44,0.05657,5.657e-05,398691963916.2475
1978-02-18T16:22:44,0.03662,3.662e-05,258089088184.7796
1978-02-19T03:40:18,0.03289,3.2890000000000005e-05,231800931469.07162
1978-02-19T03:42:32,0.0428,4.28e-05,301644264727.15906
1978-02-19T03:42:32,0.04911,4.911e-05,346115650484.8314
1978-02-19T03:42:38,0.02885,2.885e-05,203327968163.05002
1978-02-19T03:50:07,0.03262,3.262e-05,229898035406.54047
1978-02-19T04:01:34,0.0696,6.96e-05,490524318341.3616
1978-02-19T04:01:34,0.05962,5.962e-05,420187641659.6549
1978-02-19T04:02:37,0.04349,4.349e-05,306507221331.4054
1978-02-19T04:03:09,0.03728,3.728e-05,262740611893.18912
1978-02-19T04:03:25,0.01025,1.025e-05,72239572744.23788
1978-02-19T04:03:41,0.02002,2.002e-05,141096219155.08707
1978-02-19T04:04:17,0.01341,1.341e-05,94510504439.04683
1978-02-19T04:04:30,0.03114,3.1140000000000003e-05,219467345878.59195
1978-02-19T04:05:08,0.00797,7.97e-06,56170672660.64155
1978-02-19T04:06:06,0.02781,2.7810000000000003e-05,195998294440.70786
1978-02-19T04:14:57,0.03094,3.094e-05,218057793239.67996
1978-02-19T04:33:17,0.04266,4.2659999999999995e-05,300657577879.9207
1978-02-19T04:33:32,0.03059,3.059e-05,215591076121.58405
1978-02-19T04:36:04,0.03541,3.5409999999999995e-05,249561294719.36224
1978-02-19T04:44:41,0.03322,3.322e-05,234126693323.2763
1978-02-19T04:50:12,0.03479,3.4790000000000004e-05,245191681538.73523
1978-02-19T05:06:21,0.02375,2.375e-05,167384375870.79507
1978-02-19T05:07:21,0.03155,3.155e-05,222356928788.36145
1978-02-19T05:17:29,0.03489,3.489e-05,245896457858.19116
1978-02-19T05:18:13,0.02402,2.402e-05,169287271933.32623
1978-02-19T05:19:39,0.03084,3.084e-05,217353016920.22403
1978-02-19T05:24:02,0.03595,3.5950000000000006e-05,253367086844.4246
1978-02-19T05:38:29,0.19103,0.00019103000000000002,1346334203056.7573
1978-02-19T05:39:05,0.24608,0.00024608,1734313566917.2737
1978-02-19T05:39:54,0.16185,0.00016185,1140680473039.5024
1978-02-19T05:40:26,0.13015,0.00013015,917266379771.957
1978-02-19T05:41:06,0.06052,6.0519999999999997e-05,426530628534.75867
1978-02-19T05:41:11,0.07465,7.465e-05,526115522473.8885
1978-02-19T05:43:36,0.04513,4.513e-05,318065552970.48346
1978-02-19T05:44:03,0.03694,3.694e-05,260344372407.03876
1978-02-19T05:58:56,0.03528,3.528e-05,248645085504.0695
1978-02-19T06:13:44,0.03475,3.4750000000000004e-05,244909771010.95285
1978-02-19T06:27:16,0.03373,3.3730000000000004e-05,237721052552.50186
1978-02-19T06:28:11,0.01807,1.8069999999999998e-05,127353080925.69545
1978-02-19T06:28:32,0.02132,2.132e-05,150258311308.01477
1978-02-19T06:28:32,0.01647,1.647e-05,116076659814.3998
1978-02-19T06:29:04,0.02678,2.678e-05,188739098350.31125
1978-02-19T06:35:25,0.03309,3.309e-05,233210484107.98358
1978-02-19T07:15:04,0.03035,3.035e-05,213899612954.8897
1978-02-19T07:20:12,0.24113,0.00024113000000000002,1699427139104.203
1978-02-19T07:20:21,0.03686,3.6859999999999996e-05,259780551351.47394
1978-02-19T07:20:21,0.14482,0.00014482,1020657065836.1493
1978-02-19T07:20:21,0.20213,0.00020213000000000002,1424564374516.371
1978-02-19T07:20:29,0.10426,0.00010426000000000001,734799790664.8041
1978-02-19T07:20:39,0.08254,8.254e-05,581722374078.9653
1978-02-19T07:21:24,0.06931,6.931e-05,488480467014.9392
1978-02-19T07:21:39,0.0496,4.96e-05,349569054450.1657
1978-02-19T07:22:28,0.04187,4.187e-05,295089844956.2185
1978-02-19T07:32:25,0.03746,3.7460000000000004e-05,264009209268.20987
1978-02-19T07:42:48,0.04151,4.151e-05,292552650206.17706
1978-02-19T07:47:39,0.05175,5.175e-05,364721745318.4693
1978-02-19T07:51:13,0.04321,4.321e-05,304533847636.92865
1978-02-19T07:54:38,0.03767,3.7670000000000004e-05,265489239539.06744
1978-02-19T08:10:09,0.04041,4.041e-05,284800110692.16125
1978-02-19T08:12:41,0.04716,4.716e-05,332372512255.4399
1978-02-19T08:20:23,0.05057,5.057e-05,356405384748.88873
1978-02-19T08:28:01,0.0562,5.6200000000000004e-05,396084291534.2604
1978-02-19T08:30:47,0.04666,4.6660000000000004e-05,328848630658.16
1978-02-19T08:37:11,0.04299,4.299e-05,302983339734.1255
1978-02-19T08:44:56,0.04966,4.966e-05,349991920241.83936
1978-02-19T09:06:05,0.45556,0.00045556000000000004,3210679000913.6597
1978-02-19T09:06:05,0.37427,0.00037427,2637766330827.894
1978-02-19T09:06:05,0.32062,0.00032062000000000003,2259653835439.761
1978-02-19T09:07:40,0.18551,0.00018551,1307430550222.7874
1978-02-19T09:07:51,0.07041,7.041e-05,496233006528.955
1978-02-19T09:08:01,0.22536,0.00022536,1588283913525.9949
1978-02-19T09:08:12,0.13367,0.00013367,942074506216.8076
1978-02-19T09:08:12,0.08372,8.372e-05,590038734648.5459
1978-02-19T09:09:15,0.09865,9.865e-05,695261839143.3235
1978-02-19T09:09:15,0.05239,5.239e-05,369232313762.98755
1978-02-19T09:09:15,0.03845,3.845e-05,270986494830.82404
1978-02-19T09:10:27,0.03327,3.3270000000000005e-05,234479081483.00433
1978-02-19T09:24:17,0.0324,3.24e-05,228347527503.7373
1978-02-19T09:36:45,0.03426,3.426e-05,241456367045.6185
1978-02-19T09:48:22,0.03424,3.424e-05,241315411781.7273
1978-02-19T09:59:29,0.03303,3.303e-05,232787618316.30997
1978-02-19T11:00:23,0.06181,6.180999999999999e-05,435622243055.7407
1978-02-19T11:03:00,0.07428,7.428e-05,523507850091.9014
1978-02-19T11:04:48,0.12578,0.00012578,886467654611.7308
1978-02-19T11:06:20,0.09369,9.368999999999999e-05,660304933698.3069
1978-02-19T11:07:48,0.04927,4.927e-05,347243292595.961
1978-02-19T11:08:12,0.06107,6.107e-05,430406898291.76654
1978-02-19T11:09:16,0.07384,7.384e-05,520406834286.29504
1978-02-19T11:56:40,0.02951,2.9510000000000004e-05,207979491871.4595
1978-02-19T12:09:15,0.03848,3.8480000000000004e-05,271197927726.66086
1978-02-19T12:09:24,0.02983,2.983e-05,210234776093.71863
1978-02-19T12:10:04,0.04788,4.788e-05,337446901755.5229
1978-02-19T12:17:59,0.02851,2.851e-05,200931728676.8997
1978-02-19T12:38:26,0.0292,2.92e-05,205794685281.14597
1978-02-19T12:41:54,0.29957,0.00029957000000000003,2111298420194.2773
1978-02-19T12:42:04,0.03864,3.864e-05,272325569837.7904
1978-02-19T12:42:19,0.2243,0.0002243,1580813284539.7617
1978-02-19T12:42:19,0.16288,0.00016288,1147939669129.899
1978-02-19T12:42:19,0.42522,0.00042521999999999997,2996849865590.7153
1978-02-19T12:42:40,0.0511,5.11e-05,360140699242.00543
1978-02-19T12:42:50,0.1193,0.0001193,840798149110.9833
1978-02-19T12:42:50,0.10229,0.00010229000000000001,720915697171.5214
1978-02-19T12:43:04,0.06415,6.415e-05,452114008931.01074
1978-02-19T12:43:54,0.08752,8.752e-05,616820234787.873
1978-02-19T12:43:54,0.0748,7.48e-05,527172686953.0725
1978-02-19T12:46:32,0.03237,3.2370000000000003e-05,228136094607.9005
1978-02-19T12:47:04,0.02817,2.817e-05,198535489190.74936
1978-02-19T12:49:43,0.05495,5.495e-05,387274587541.0606
1978-02-19T12:49:43,0.04708,4.7079999999999996e-05,331808691199.875
1978-02-19T12:49:43,0.04033,4.033e-05,284236289636.59644
1978-02-19T12:50:14,0.06415,6.415e-05,452114008931.01074
1978-02-19T12:50:46,0.08619,8.619e-05,607446709739.1085
1978-02-19T12:50:57,0.07129,7.129e-05,502435038140.1676
1978-02-19T13:00:49,0.02723,2.7230000000000002e-05,191910591787.86316
1978-02-19T13:21:58,0.02865,2.865e-05,201918415524.13803
1978-02-19T13:28:18,0.02837,2.837e-05,199945041829.66135
1978-02-19T14:25:30,0.0407,4.07e-05,286843962018.5836
1978-02-19T14:26:27,0.06392,6.392000000000001e-05,450493023396.262
1978-02-19T14:26:49,0.05104,5.1040000000000006e-05,359717833450.3319
1978-02-19T14:27:31,0.02568,2.568e-05,180986558836.2955
1978-02-19T14:41:50,0.02339,2.339e-05,164847181120.75357
1978-02-19T16:03:44,0.02706,2.7060000000000002e-05,190712472044.788
1978-02-19T16:15:22,0.02648,2.648e-05,186624769391.94333
1978-02-19T16:27:00,0.02624,2.624e-05,184933306225.24896
1978-02-19T16:38:38,0.02629,2.629e-05,185285694384.97696
1978-02-19T16:50:53,0.02593,2.593e-05,182748499634.93546
1978-02-19T17:01:29,0.0264,2.64e-05,186060948336.37854
1978-02-19T17:13:31,0.02673,2.673e-05,188386710190.58328
1978-02-19T17:25:09,0.0278,2.7799999999999998e-05,195927816808.7622
1978-02-19T17:36:47,0.02769,2.769e-05,195152562857.36066
1978-02-19T17:48:25,0.02905,2.905e-05,204737520801.96198
1978-02-19T18:00:03,0.0275,2.75e-05,193813487850.39432
1978-02-19T18:11:40,0.02604,2.604e-05,183523753586.337
1978-02-19T18:23:18,0.02603,2.6030000000000003e-05,183453275954.39142
1978-02-19T18:34:56,0.0268,2.68e-05,188880053614.20245
1978-02-19T18:44:27,0.02712,2.7119999999999998e-05,191135337836.46158
1978-02-19T18:59:15,0.02817,2.817e-05,198535489190.74936
1978-02-19T19:09:18,0.02734,2.734e-05,192685845739.26474
1978-02-19T19:26:45,0.02717,2.717e-05,191487725996.18954
1978-02-19T19:37:51,0.0268,2.68e-05,188880053614.20245
1978-02-19T19:53:11,0.02729,2.7289999999999998e-05,192333457579.53674
1978-02-19T20:03:13,0.02675,2.675e-05,188527665454.47446
1978-02-19T21:13:01,0.02562,2.5620000000000002e-05,180563693044.62192
1978-02-19T21:17:59,0.02955,2.955e-05,208261402399.24188
1978-02-19T21:26:45,0.03131,3.131e-05,220665465621.66708
1978-02-19T23:15:08,0.02318,2.3179999999999998e-05,163367150849.896
1978-02-19T23:22:32,0.0696,6.96e-05,490524318341.3616
1978-02-19T23:23:14,0.03844,3.8440000000000005e-05,270916017198.87848
1978-02-19T23:23:35,0.04539,4.539e-05,319897971401.069
1978-02-19T23:24:07,0.05515,5.515e-05,388684140179.9726
1978-02-19T23:25:03,0.0301,3.01e-05,212137672156.24976
1978-02-19T23:25:42,0.02583,2.583e-05,182043723315.47943
1978-02-20T12:15:04,0.02303,2.3029999999999998e-05,162309986370.71204
1978-02-20T12:36:43,0.0217,2.1700000000000002e-05,152936461321.9475
1978-02-20T12:49:15,0.02199,2.199e-05,154980312648.36987
1978-02-20T12:55:25,0.04107,4.1070000000000005e-05,289451634400.57074
1978-02-20T12:55:27,0.05737,5.737e-05,404330174471.8953
1978-02-20T12:55:44,0.02996,2.996e-05,211150985309.0114
1978-02-20T12:55:44,0.07208,7.208e-05,508002771063.86993
1978-02-20T12:58:33,0.02218,2.2179999999999998e-05,156319387655.3362
1978-02-20T13:08:19,0.01916,1.916e-05,135035142807.76564
1978-02-20T13:16:52,0.02193,2.1930000000000002e-05,154557446856.6963
1978-02-20T13:25:19,0.02265,2.265e-05,159631836356.7793
1978-02-20T13:35:44,0.07019,7.019e-05,494682498626.15186
1978-02-20T13:35:53,0.05867,5.867e-05,413492266624.82306
1978-02-20T13:36:02,0.0429,4.29e-05,302349041046.6151
1978-02-20T13:36:25,0.03052,3.052e-05,215097732697.96487
1978-02-20T13:37:28,0.02457,2.4570000000000004e-05,173163541690.33414
1978-02-20T13:40:44,0.01976,1.976e-05,139263800724.5015
1978-02-20T13:42:28,0.01752,1.752e-05,123476811168.68758
1978-02-20T13:51:17,0.05542,5.542e-05,390587036242.5037
1978-02-20T13:51:59,0.01827,1.8270000000000003e-05,128762633564.60744
1978-02-20T13:53:19,0.04976,4.976e-05,350696696561.2953
1978-02-20T13:55:50,0.02273,2.273e-05,160195657412.3441
1978-02-20T14:03:42,0.02474,2.4740000000000004e-05,174361661433.4093
1978-02-20T14:08:38,0.01759,1.7590000000000003e-05,123970154592.30678
1978-02-20T14:08:42,0.0206,2.06e-05,145183921807.93173
1978-02-20T14:09:42,0.03249,3.2489999999999996e-05,228981826191.24765
1978-02-20T14:10:20,0.0256,2.5600000000000002e-05,180422737780.7307
1978-02-20T15:10:58,0.02612,2.612e-05,184087574641.9018
1978-02-20T15:15:43,0.01915,1.915e-05,134964665175.82005
1978-02-20T15:32:52,0.01865,1.865e-05,131440783578.54013
1978-02-20T15:33:30,0.02854,2.854e-05,201143161572.7365
1978-02-20T15:34:18,0.02299,2.2990000000000002e-05,162028075842.92966
1978-02-20T15:34:58,0.03876,3.876e-05,273171301421.13757
1978-02-20T15:44:25,0.03037,3.0370000000000002e-05,214040568218.7809
1978-02-20T15:44:46,0.04338,4.338e-05,305731967380.00385
1978-02-20T15:44:46,0.03578,3.578e-05,252168967101.3494
1978-02-20T15:46:21,0.02651,2.651e-05,186836202287.78012
1978-02-20T15:46:40,0.02227,2.2270000000000002e-05,156953686342.8466
1978-02-20T15:59:58,0.02124,2.124e-05,149694490252.44998
1978-02-20T16:07:16,0.06629,6.629e-05,467196222167.3687
1978-02-20T16:08:14,0.02408,2.408e-05,169710137724.9998
1978-02-20T16:09:36,0.01882,1.882e-05,132638903321.6153
1978-02-20T16:09:41,0.03409,3.409e-05,240258247302.54333
1978-02-20T16:10:24,0.02978,2.9780000000000003e-05,209882387933.99066
1978-02-20T16:10:31,0.05117,5.117e-05,360634042665.6246
1978-02-20T16:12:14,0.01726,1.726e-05,121644392738.10204
1978-02-20T16:12:49,0.0419,4.19e-05,295301277852.05536
1978-02-20T16:27:14,0.04908,4.908e-05,345904217588.9946
1978-02-20T16:27:14,0.04151,4.151e-05,292552650206.17706
1978-02-20T16:30:07,0.03479,3.4790000000000004e-05,245191681538.73523
1978-02-20T16:38:29,0.02915,2.915e-05,205442297121.41797
1978-02-20T16:47:06,0.02468,2.468e-05,173938795641.73572
1978-02-20T17:09:43,0.02084,2.084e-05,146875384974.62607
1978-02-20T17:10:29,0.02962,2.962e-05,208754745822.86108
1978-02-20T17:11:45,0.03676,3.676e-05,259075775032.01797
1978-02-20T17:13:10,0.02431,2.431e-05,171331123259.74854
1978-02-20T17:32:32,0.07561,7.561e-05,532881375140.66595
1978-02-20T17:33:04,0.05452,5.452e-05,384244049367.3999
1978-02-20T17:33:12,0.03569,3.569e-05,251534668413.839
1978-02-20T17:33:43,0.02439,2.439e-05,171894944315.31335
1978-02-20T17:35:42,0.02232,2.232e-05,157306074502.5746
1978-02-20T17:58:25,0.02125,2.125e-05,149764967884.3956
1978-02-20T18:12:41,0.02152,2.152e-05,151667863946.92676
1978-02-20T18:24:18,0.02155,2.155e-05,151879296842.76355
1978-02-20T18:35:55,0.02229,2.2290000000000002e-05,157094641606.7378
1978-02-20T18:45:26,0.02328,2.328e-05,164071927169.35196
1978-02-20T18:59:10,0.02403,2.403e-05,169357749565.27182
1978-02-20T19:10:15,0.02435,2.435e-05,171613033787.53094
1978-02-20T19:27:41,0.02424,2.4240000000000002e-05,170837779836.1294
1978-02-20T19:40:13,0.02439,2.439e-05,171894944315.31335
1978-02-20T19:50:56,0.02413,2.4129999999999998e-05,170062525884.72778
1978-02-20T20:02:33,0.02424,2.4240000000000002e-05,170837779836.1294
1978-02-20T20:14:10,0.02345,2.345e-05,165270046912.42715
1978-02-20T20:33:11,0.02329,2.3290000000000002e-05,164142404801.29758
1978-02-20T20:44:48,0.0238,2.3800000000000003e-05,167736764030.5231
1978-02-20T20:54:19,0.02362,2.3619999999999997e-05,166468166655.5023
1978-02-21T00:25:39,0.0185,1.85e-05,130383619099.35616
1978-02-21T00:35:16,0.01931,1.931e-05,136092307286.9496
1978-02-21T01:00:56,0.01931,1.931e-05,136092307286.9496
1978-02-21T01:12:43,0.01944,1.944e-05,137008516502.24237
1978-02-21T01:30:16,0.02021,2.0209999999999998e-05,142435294162.0534
1978-02-21T01:30:37,0.02634,2.634e-05,185638082544.70496
1978-02-21T01:30:37,0.03115,3.115e-05,219537823510.53754
1978-02-21T01:31:54,0.0221,2.2100000000000002e-05,155755566599.77142
1978-02-21T01:46:57,0.01978,1.978e-05,139404755988.3927
1978-02-21T01:58:32,0.0195,1.95e-05,137431382293.91595
1978-02-21T02:05:54,0.01947,1.947e-05,137219949398.07918
1978-02-21T03:26:00,0.02123,2.123e-05,149624012620.5044
1978-02-21T03:28:15,0.02417,2.417e-05,170344436412.5102
1978-02-21T03:36:28,0.02055,2.0549999999999998e-05,144831533648.20374
1978-02-21T03:48:03,0.01982,1.982e-05,139686666516.1751
1978-02-21T03:59:38,0.01955,1.955e-05,137783770453.64395
1978-02-21T04:11:13,0.01942,1.942e-05,136867561238.35118
1978-02-21T04:23:37,0.01931,1.931e-05,136092307286.9496
1978-02-21T04:34:23,0.0202,2.02e-05,142364816530.10782
1978-02-21T04:45:58,0.02045,2.045e-05,144126757328.74777
1978-02-21T04:57:54,0.02106,2.1059999999999998e-05,148425892877.42923
1978-02-21T05:05:55,0.02509,2.5090000000000002e-05,176828378551.50522
1978-02-21T05:06:40,0.03228,3.228e-05,227501795920.39014
1978-02-21T05:07:33,0.04482,4.482e-05,315880746380.17
1978-02-21T05:07:57,0.03878,3.8780000000000005e-05,273312256685.02878
1978-02-21T05:08:20,0.02156,2.156e-05,151949774474.70914
1978-02-21T06:22:50,0.02321,2.3210000000000003e-05,163578583745.73282
1978-02-21T06:33:43,0.02175,2.175e-05,153288849481.6755
1978-02-21T06:45:08,0.02303,2.3029999999999998e-05,162309986370.71204
1978-02-21T06:57:35,0.02376,2.376e-05,167454853502.74066
1978-02-21T07:09:10,0.02478,2.478e-05,174643571961.19165
1978-02-21T07:20:45,0.02254,2.254e-05,158856582405.37775
1978-02-21T07:32:20,0.02324,2.324e-05,163790016641.5696
1978-02-21T07:44:41,0.02478,2.478e-05,174643571961.19165
1978-02-21T07:46:33,0.03457,3.4569999999999996e-05,243641173635.932
1978-02-21T07:46:33,0.04392,4.392e-05,309537759505.0661
1978-02-21T07:48:39,0.02957,2.957e-05,208402357663.1331
1978-02-21T07:50:14,0.02301,2.3009999999999998e-05,162169031106.82083
1978-02-21T08:48:05,0.02317,2.317e-05,163296673217.9504
1978-02-21T08:54:46,0.02916,2.916e-05,205512774753.36356
1978-02-21T08:57:38,0.034,3.4000000000000007e-05,239623948615.03302
1978-02-21T09:09:13,0.03129,3.129e-05,220524510357.77594
1978-02-21T13:26:09,0.04187,4.187e-05,295089844956.2185
1978-02-21T13:43:14,0.02651,2.651e-05,186836202287.78012
1978-02-21T13:44:03,0.03286,3.286e-05,231589498573.2348
1978-02-21T13:45:06,0.03853,3.8530000000000005e-05,271550315886.3889
1978-02-21T14:39:30,0.02122,2.122e-05,149553534988.5588
1978-02-21T14:43:35,0.03252,3.252e-05,229193259087.08447
1978-02-21T14:43:35,0.02616,2.616e-05,184369485169.68417
1978-02-21T14:47:14,0.01902,1.9019999999999997e-05,134048455960.52725
1978-02-21T14:50:17,0.02175,2.175e-05,153288849481.6755
1978-02-21T14:53:01,0.03663,3.663000000000001e-05,258159565816.72528
1978-02-21T14:53:01,0.05885,5.885e-05,414760863999.8438
1978-02-21T14:53:16,0.04651,4.651000000000001e-05,327791466178.9761
1978-02-21T14:53:26,0.0303,3.03e-05,213547224795.1617
1978-02-21T14:54:49,0.02572,2.572e-05,181268469364.07788
1978-02-21T15:01:06,0.02117,2.1170000000000002e-05,149201146828.83084
1978-02-21T15:19:27,0.0252,2.52e-05,177603632502.90677
1978-02-21T15:22:31,0.03024,3.024e-05,213124359003.48813
1978-02-21T15:23:18,0.03688,3.6880000000000006e-05,259921506615.3652
1978-02-21T15:28:18,0.04749,4.749e-05,334698274109.6446
1978-02-21T15:39:53,0.04104,4.104e-05,289240201504.73395
1978-02-21T15:51:28,0.03676,3.676e-05,259075775032.01797
1978-02-21T15:59:53,0.03452,3.452e-05,243288785476.20407
1978-02-21T16:14:06,0.03126,3.126e-05,220313077461.93915
1978-02-21T16:29:23,0.0291,2.9100000000000003e-05,205089908961.68997
1978-02-21T16:44:07,0.0265,2.65e-05,186765724655.83453
1978-02-21T16:55:42,0.02477,2.4770000000000002e-05,174573094329.24606
1978-02-21T17:07:17,0.02342,2.342e-05,165058614016.59036
1978-02-21T17:18:52,0.02267,2.2669999999999998e-05,159772791620.67047
1978-02-21T17:30:09,0.02192,2.192e-05,154486969224.75067
1978-02-21T17:42:02,0.0219,2.19e-05,154346013960.85947
1978-02-21T17:53:37,0.02203,2.203e-05,155262223176.15222
1978-02-21T18:05:12,0.02266,2.266e-05,159702313988.72488
1978-02-21T18:16:47,0.0235,2.3500000000000002e-05,165622435072.15515
1978-02-21T18:25:12,0.02497,2.497e-05,175982646968.15802
1978-02-21T18:43:07,0.02425,2.425e-05,170908257468.07498
1978-02-21T18:54:42,0.02542,2.542e-05,179154140405.70993
1978-02-21T19:06:16,0.02564,2.564e-05,180704648308.5131
1978-02-21T19:17:52,0.02567,2.567e-05,180916081204.34988
1978-02-21T19:29:26,0.02538,2.538e-05,178872229877.92755
1978-02-21T19:41:01,0.02492,2.4920000000000002e-05,175630258808.43005
1978-02-21T19:52:36,0.02483,2.483e-05,174995960120.91968
1978-02-21T20:13:40,0.02478,2.478e-05,174643571961.19165
1978-02-21T20:25:15,0.02374,2.374e-05,167313898238.8495
1978-02-21T20:36:50,0.0226,2.26e-05,159279448197.05133
1978-02-21T20:48:25,0.02165,2.165e-05,152584073162.2195
1978-02-21T21:00:00,0.02158,2.158e-05,152090729738.60034
1978-02-21T21:12:46,0.02171,2.171e-05,153006938953.8931
1978-02-21T21:23:10,0.02214,2.214e-05,156037477127.55383
1978-02-21T21:34:45,0.02164,2.164e-05,152513595530.2739
1978-02-21T21:46:20,0.02159,2.159e-05,152161207370.54596
1978-02-21T21:57:55,0.02136,2.1360000000000002e-05,150540221835.7972
1978-02-21T22:07:55,0.02039,2.039e-05,143703891537.07416
1978-02-21T22:24:25,0.02193,2.1930000000000002e-05,154557446856.6963
1978-02-21T22:30:27,0.02621,2.621e-05,184721873329.41217
1978-02-21T22:34:18,0.03305,3.3050000000000004e-05,232928573580.20117
1978-02-21T22:41:41,0.03435,3.435e-05,242090665733.1289
1978-02-21T22:53:35,0.0299,2.9900000000000002e-05,210728119517.3378
1978-02-21T22:59:31,0.02965,2.965e-05,208966178718.69788
1978-02-21T23:00:19,0.03669,3.669e-05,258582431608.3988
1978-02-21T23:03:44,0.04663,4.663e-05,328637197762.3231
1978-02-21T23:09:37,0.04848,4.8480000000000003e-05,341675559672.2588
1978-02-21T23:18:05,0.04242,4.242e-05,298966114713.2264
1978-02-21T23:25:51,0.03999,3.999e-05,281840050150.4461
1978-02-21T23:41:07,0.03206,3.206e-05,225951288017.58698
1978-02-21T23:47:10,0.02841,2.841e-05,200226952357.4437
1978-02-22T00:40:56,0.02555,2.555e-05,180070349621.00272
1978-02-22T00:50:48,0.02267,2.2669999999999998e-05,159772791620.67047
1978-02-22T01:02:33,0.02215,2.215e-05,156107954759.49942
1978-02-22T01:19:58,0.02136,2.1360000000000002e-05,150540221835.7972
1978-02-22T01:31:35,0.02134,2.1340000000000002e-05,150399266571.906
1978-02-22T01:43:32,0.02054,2.054e-05,144761056016.25815
1978-02-22T01:56:18,0.02262,2.262e-05,159420403460.94254
1978-02-22T02:02:42,0.02386,2.386e-05,168159629822.19662
1978-02-22T02:14:50,0.02778,2.7779999999999998e-05,195786861544.87106
1978-02-22T02:26:27,0.02606,2.606e-05,183664708850.2282
1978-02-22T02:37:42,0.02494,2.4940000000000002e-05,175771214072.32123
1978-02-22T02:49:08,0.02482,2.482e-05,174925482488.97406
1978-02-22T03:06:33,0.02229,2.2290000000000002e-05,157094641606.7378
1978-02-22T03:16:34,0.02238,2.2380000000000003e-05,157728940294.2482
1978-02-22T03:53:58,0.02262,2.262e-05,159420403460.94254
1978-02-22T04:04:08,0.02253,2.2530000000000003e-05,158786104773.43216
1978-02-22T04:14:36,0.02453,2.453e-05,172881631162.55173
1978-02-22T04:28:51,0.0278,2.7799999999999998e-05,195927816808.7622
1978-02-22T04:40:27,0.02602,2.602e-05,183382798322.44583
1978-02-22T04:52:04,0.02287,2.2870000000000003e-05,161182344259.58246
1978-02-22T04:58:55,0.02221,2.2210000000000002e-05,156530820551.17303
1978-02-22T05:15:48,0.02305,2.305e-05,162450941634.6032
1978-02-22T05:33:13,0.02198,2.198e-05,154909835016.42426
1978-02-22T05:44:49,0.02145,2.145e-05,151174520523.30756
1978-02-22T05:56:08,0.02222,2.222e-05,156601298183.1186
1978-02-22T06:08:02,0.02382,2.3820000000000002e-05,167877719294.41428
1978-02-22T06:19:39,0.02295,2.2950000000000002e-05,161746165315.14728
1978-02-22T06:28:05,0.02301,2.3009999999999998e-05,162169031106.82083
1978-02-22T07:35:37,0.02563,2.563e-05,180634170676.5675
1978-02-22T07:47:14,0.02729,2.7289999999999998e-05,192333457579.53674
1978-02-22T07:58:50,0.02695,2.695e-05,189937218093.38644
1978-02-22T08:10:26,0.02587,2.587e-05,182325633843.26187
1978-02-22T08:21:00,0.0245,2.4500000000000003e-05,172670198266.71494
1978-02-22T08:48:05,0.02462,2.462e-05,173515929850.0621
1978-02-22T08:51:49,0.03384,3.384e-05,238496306503.90338
1978-02-22T08:52:39,0.04754,4.754e-05,335050662269.37256
1978-02-22T08:52:39,0.0732,7.32e-05,515896265841.77686
1978-02-22T08:52:54,0.05893,5.893000000000001e-05,415324685055.4086
1978-02-22T08:54:27,0.04097,4.097e-05,288746858081.11475
1978-02-22T08:54:46,0.01854,1.8540000000000002e-05,130665529627.13858
1978-02-22T08:56:40,0.02169,2.169e-05,152865983690.00192
1978-02-22T08:56:52,0.02841,2.841e-05,200226952357.4437
1978-02-22T08:58:59,0.03335,3.335e-05,235042902538.5691
1978-02-22T09:12:21,0.08089,8.089e-05,570093564807.9417
1978-02-22T09:13:45,0.0698,6.98e-05,491933870980.27356
1978-02-22T09:13:45,0.04526,4.5260000000000004e-05,318981762185.7763
1978-02-22T09:14:36,0.01455,1.4550000000000001e-05,102544954480.84499
1978-02-22T09:15:27,0.05506,5.506e-05,388049841492.4622
1978-02-22T09:15:28,0.02037,2.037e-05,143562936273.18295
1978-02-22T09:15:52,0.02968,2.9680000000000004e-05,209177611614.53467
1978-02-22T09:16:06,0.02539,2.539e-05,178942707509.87314
1978-02-22T09:16:19,0.0169,1.6899999999999997e-05,119107197988.06047
1978-02-22T10:20:45,0.06472,6.472e-05,456131233951.9098
1978-02-22T10:20:45,0.02978,2.9780000000000003e-05,209882387933.99066
1978-02-22T10:21:24,0.03397,3.397e-05,239412515719.1962
1978-02-22T10:22:20,0.04921,4.921e-05,346820426804.2874
1978-02-22T10:22:31,0.04131,4.131e-05,291143097567.2651
1978-02-22T10:28:40,0.01975,1.975e-05,139193323092.5559
1978-02-22T10:55:03,0.13331,0.00013331,939537311466.766
1978-02-22T10:56:47,0.01816,1.816e-05,127987379613.20583
1978-02-22T10:57:47,0.109,0.000109,768206188207.0175
1978-02-22T10:58:31,0.02239,2.239e-05,157799417926.1938
1978-02-22T10:59:16,0.0714,7.14e-05,503210292091.5692
1978-02-22T10:59:16,0.06123,6.123e-05,431534540402.8961
1978-02-22T10:59:16,0.04565,4.5650000000000005e-05,321730389831.6546
1978-02-22T10:59:23,0.02862,2.862e-05,201706982628.3013
1978-02-22T10:59:40,0.03884,3.884e-05,273735122476.70236
1978-02-22T10:59:56,0.08782,8.782e-05,618934563746.241
1978-02-22T11:05:05,0.02007,2.0070000000000003e-05,141448607314.81506
1978-02-22T11:05:12,0.01733,1.7330000000000002e-05,122137736161.72122
1978-02-22T11:06:08,0.14098,0.00014098,993593655169.0396
1978-02-22T11:06:39,0.02411,2.411e-05,169921570620.8366
1978-02-22T11:07:57,0.24107,0.00024107000000000002,1699004273312.5295
1978-02-22T11:08:07,0.18774,0.00018774,1323147062146.6555
1978-02-22T11:08:19,0.10757,0.00010757,758127886838.7969
1978-02-22T11:09:18,0.05508,5.508e-05,388190796756.3534
1978-02-22T11:09:18,0.0405,4.05e-05,285434409379.67163
1978-02-22T11:09:18,0.03473,3.4729999999999994e-05,244768815747.06158
1978-02-22T11:09:18,0.30555,0.00030555,2153444044097.7446
1978-02-22T11:09:22,0.0653,6.53e-05,460218936604.7545
1978-02-22T11:10:04,0.0912,9.120000000000001e-05,642756003343.8531
1978-02-22T11:10:07,0.02968,2.9680000000000004e-05,209177611614.53467
1978-02-22T19:47:24,0.02007,2.0070000000000003e-05,141448607314.81506
1978-02-22T20:01:46,0.02348,2.3480000000000002e-05,165481479808.26395
1978-02-22T20:02:10,0.02925,2.9250000000000003e-05,206147073440.87396
1978-02-22T20:02:42,0.03579,3.579e-05,252239444733.295
1978-02-22T20:05:01,0.02116,2.116e-05,149130669196.88522
1978-02-22T20:16:25,0.01989,1.989e-05,140180009939.79428
1978-02-22T20:17:44,0.01836,1.836e-05,129396932252.1178
1978-02-22T20:26:58,0.02035,2.035e-05,143421981009.2918
1978-02-22T20:52:18,0.01987,1.9869999999999998e-05,140039054675.90308
1978-02-22T21:29:13,0.02154,2.154e-05,151808819210.81796
1978-02-22T22:00:29,0.02091,2.091e-05,147368728398.24527
1978-02-22T22:12:17,0.02241,2.241e-05,157940373190.085
1978-02-22T22:22:45,0.07122,7.122000000000001e-05,501941694716.5486
1978-02-22T22:23:34,0.03303,3.303e-05,232787618316.30997
1978-02-22T22:23:34,0.02864,2.864e-05,201847937892.19244
1978-02-22T22:23:42,0.02089,2.0889999999999998e-05,147227773134.35406
1978-02-22T22:24:06,0.02437,2.437e-05,171753989051.42215
1978-02-22T22:25:09,0.04773,4.7730000000000005e-05,336389737276.339
1978-02-22T22:33:46,0.02328,2.328e-05,164071927169.35196
1978-02-22T22:47:19,0.02927,2.9270000000000003e-05,206288028704.76514
1978-02-22T22:49:40,0.02405,2.405e-05,169498704829.16302
1978-02-22T22:49:57,0.04112,4.112e-05,289804022560.29865
1978-02-22T22:49:59,0.03257,3.257e-05,229545647246.81244
1978-02-22T22:50:09,0.05163,5.1630000000000005e-05,363876013735.12213
1978-02-22T22:50:13,0.0684,6.840000000000001e-05,482067002507.88995
1978-02-22T23:01:20,0.02082,2.082e-05,146734429710.7349
1978-02-22T23:12:38,0.0206,2.06e-05,145183921807.93173
1978-02-22T23:26:05,0.01955,1.955e-05,137783770453.64395
1978-02-22T23:35:27,0.01911,1.9109999999999998e-05,134682754648.03763
1978-02-22T23:45:35,0.0178,1.78e-05,125450184863.1643
1978-02-23T00:00:00,0.02144,2.144e-05,151104042891.36197
1978-02-23T00:09:47,0.02061,2.061e-05,145254399439.87732
1978-02-23T00:16:12,0.02054,2.054e-05,144761056016.25815
1978-02-23T00:29:54,0.04391,4.391e-05,309467281873.1205
1978-02-23T00:30:44,0.03299,3.299e-05,232505707788.52756
1978-02-23T00:31:54,0.03992,3.992e-05,281346706726.8269
1978-02-23T00:32:58,0.02797,2.7969999999999998e-05,197125936551.8374
1978-02-23T00:46:44,0.02281,2.281e-05,160759478467.90887
1978-02-23T01:00:30,0.01952,1.952e-05,137572337557.80716
1978-02-23T01:12:08,0.01955,1.955e-05,137783770453.64395
1978-02-23T01:23:47,0.01864,1.864e-05,131370305946.59456
1978-02-23T01:35:26,0.01852,1.852e-05,130524574363.24736
1978-02-23T01:42:19,0.01852,1.852e-05,130524574363.24736
1978-02-23T02:06:09,0.019,1.9e-05,133907500696.63608
1978-02-23T02:15:05,0.01998,1.9980000000000002e-05,140814308627.3047
1978-02-23T02:17:19,0.02476,2.476e-05,174502616697.30048
1978-02-23T02:22:38,0.03022,3.0220000000000002e-05,212983403739.59695
1978-02-23T02:29:39,0.0274,2.7400000000000002e-05,193108711530.93832
1978-02-23T02:45:19,0.02079,2.079e-05,146522996814.89807
1978-02-23T02:56:58,0.01987,1.9869999999999998e-05,140039054675.90308
1978-02-23T03:03:19,0.01918,1.918e-05,135176098071.65681
1978-02-23T03:11:16,0.03266,3.266e-05,230179945934.32285
1978-02-23T03:23:26,0.0224,2.24e-05,157869895558.13937
1978-02-23T03:35:05,0.02066,2.0660000000000002e-05,145606787599.60535
1978-02-23T03:46:44,0.01974,1.974e-05,139122845460.61032
1978-02-23T03:58:23,0.01949,1.949e-05,137360904661.97037
1978-02-23T04:10:02,0.01928,1.928e-05,135880874391.1128
1978-02-23T04:21:40,0.02062,2.062e-05,145324877071.8229
1978-02-23T04:32:47,0.02085,2.0850000000000002e-05,146945862606.5717
1978-02-23T04:48:09,0.02157,2.157e-05,152020252106.65472
1978-02-23T04:59:47,0.02317,2.317e-05,163296673217.9504
1978-02-23T05:11:26,0.02334,2.334e-05,164494792961.02557
1978-02-23T05:23:05,0.02116,2.116e-05,149130669196.88522
1978-02-23T05:34:44,0.02236,2.2360000000000003e-05,157587985030.357
1978-02-23T05:45:39,0.02306,2.306e-05,162521419266.5488
1978-02-23T05:58:02,0.02149,2.149e-05,151456431051.08994
1978-02-23T06:09:40,0.02064,2.064e-05,145465832335.7141
1978-02-23T06:21:19,0.02081,2.081e-05,146663952078.78928
1978-02-23T06:32:58,0.02164,2.164e-05,152513595530.2739
1978-02-23T06:40:23,0.02183,2.183e-05,153852670537.24026
1978-02-23T06:59:26,0.0222,2.22e-05,156460342919.22742
1978-02-23T07:11:05,0.02223,2.223e-05,156671775815.06418
1978-02-23T07:22:20,0.0213,2.13e-05,150117356044.1236
1978-02-23T07:34:23,0.02131,2.131e-05,150187833676.06918
1978-02-23T07:46:02,0.02176,2.1760000000000002e-05,153359327113.62112
1978-02-23T07:57:40,0.02144,2.144e-05,151104042891.36197
1978-02-23T08:09:19,0.02187,2.1870000000000002e-05,154134581065.02267
1978-02-23T08:20:58,0.02096,2.096e-05,147721116557.97327
1978-02-23T08:34:23,0.02135,2.135e-05,150469744203.8516
1978-02-23T08:44:16,0.02112,2.112e-05,148848758669.10284
1978-02-23T08:55:55,0.02132,2.132e-05,150258311308.01477
1978-02-23T09:07:33,0.02199,2.199e-05,154980312648.36987
1978-02-23T09:19:12,0.0221,2.2100000000000002e-05,155755566599.77142
1978-02-23T09:30:51,0.02273,2.273e-05,160195657412.3441
1978-02-23T09:42:30,0.0231,2.31e-05,162803329794.3312
1978-02-23T09:54:09,0.02314,2.3140000000000002e-05,163085240322.11362
1978-02-23T10:05:16,0.02249,2.249e-05,158504194245.64975
1978-02-23T10:16:55,0.02273,2.273e-05,160195657412.3441
1978-02-23T10:35:26,0.02209,2.209e-05,155685088967.82584
1978-02-23T10:47:05,0.02209,2.209e-05,155685088967.82584
1978-02-23T10:58:44,0.02241,2.241e-05,157940373190.085
1978-02-23T11:10:23,0.02178,2.178e-05,153500282377.5123
1978-02-23T11:22:02,0.02157,2.157e-05,152020252106.65472
1978-02-23T11:32:37,0.02184,2.1839999999999998e-05,153923148169.18585
1978-02-23T12:25:46,0.0207,2.0700000000000002e-05,145888698127.38773
1978-02-23T12:36:41,0.0215,2.1499999999999997e-05,151526908683.03552
1978-02-23T13:39:09,0.03363,3.363e-05,237016276233.04584
1978-02-23T13:39:29,0.02725,2.725e-05,192051547051.75436
1978-02-23T13:40:28,0.02228,2.228e-05,157024163974.79218
1978-02-23T13:42:32,0.01997,1.9970000000000004e-05,140743830995.3591
1978-02-23T13:54:30,0.02051,2.0510000000000002e-05,144549623120.4214
1978-02-23T14:06:09,0.02077,2.077e-05,146382041551.00687
1978-02-23T14:17:48,0.02083,2.0830000000000002e-05,146804907342.68048
1978-02-23T14:29:26,0.02045,2.045e-05,144126757328.74777
1978-02-23T14:41:05,0.01977,1.977e-05,139334278356.44708
1978-02-23T14:51:13,0.02015,2.0150000000000002e-05,142012428370.37982
1978-02-23T15:09:41,0.02147,2.147e-05,151315475787.19876
1978-02-24T03:16:27,0.02408,2.408e-05,169710137724.9998
1978-02-24T03:24:23,0.02348,2.3480000000000002e-05,165481479808.26395
1978-02-24T03:52:57,0.02188,2.188e-05,154205058696.96826
1978-02-24T04:14:51,0.02062,2.062e-05,145324877071.8229
1978-02-24T04:25:13,0.02097,2.097e-05,147791594189.91888
1978-02-24T04:41:48,0.02567,2.567e-05,180916081204.34988
1978-02-24T04:42:09,0.05041,5.041000000000001e-05,355277742637.7592
1978-02-24T04:42:09,0.03021,3.021e-05,212912926107.65137
1978-02-24T04:42:09,0.02303,2.3029999999999998e-05,162309986370.71204
1978-02-24T04:42:41,0.03729,3.729e-05,262811089525.13467
1978-02-24T04:43:13,0.0704,7.04e-05,496162528897.00946
1978-02-24T04:58:33,0.02125,2.125e-05,149764967884.3956
1978-02-24T06:00:02,0.0181,1.8100000000000003e-05,127564513821.53227
1978-02-24T06:03:11,0.0199,1.9900000000000003e-05,140250487571.7399
1978-02-24T06:23:44,0.01449,1.449e-05,102122088689.1714
1978-02-24T06:38:09,0.02085,2.0850000000000002e-05,146945862606.5717
1978-02-24T06:45:25,0.02066,2.0660000000000002e-05,145606787599.60535
1978-02-24T06:57:35,0.04159,4.159e-05,293116471261.74176
1978-02-24T06:58:39,0.02701,2.701e-05,190360083885.06
1978-02-24T06:58:48,0.03228,3.228e-05,227501795920.39014
1978-02-24T07:00:46,0.02355,2.3550000000000003e-05,165974823231.88315
1978-02-24T07:01:22,0.02002,2.002e-05,141096219155.08707
1978-02-24T07:47:51,0.06622,6.622e-05,466702878743.7495
1978-02-24T07:48:14,0.05428,5.428e-05,382552586200.70557
1978-02-24T07:48:23,0.04558,4.558e-05,321237046408.0354
1978-02-24T07:50:37,0.02509,2.5090000000000002e-05,176828378551.50522
1978-02-24T07:50:55,0.02115,2.115e-05,149060191564.93964
1978-02-24T07:51:07,0.03829,3.829e-05,269858852719.6945
1978-02-24T07:51:46,0.03127,3.127e-05,220383555093.8847
1978-02-24T07:52:37,0.0185,1.85e-05,130383619099.35616
1978-02-24T08:38:22,0.01988,1.988e-05,140109532307.84866
1978-02-24T08:50:48,0.01968,1.968e-05,138699979668.93674
1978-02-24T09:13:33,0.02009,2.009e-05,141589562578.70624
1978-02-24T09:27:51,0.02088,2.088e-05,147157295502.40848
1978-02-24T09:46:22,0.02573,2.573e-05,181338946996.02344
1978-02-24T09:48:32,0.02089,2.0889999999999998e-05,147227773134.35406
1978-02-24T09:48:54,0.01827,1.8270000000000003e-05,128762633564.60744
1978-02-24T10:10:10,0.01927,1.927e-05,135810396759.1672
1978-02-24T10:21:48,0.01941,1.9410000000000002e-05,136797083606.4056
1978-02-24T10:33:27,0.01921,1.921e-05,135387530967.49362
1978-02-24T10:45:21,0.01957,1.957e-05,137924725717.53516
1978-02-24T10:49:54,0.02672,2.672e-05,188316232558.6377
1978-02-24T10:50:22,0.0236,2.36e-05,166327211391.6111
1978-02-24T11:05:11,0.01947,1.947e-05,137219949398.07918
1978-02-24T11:16:50,0.01963,1.9630000000000003e-05,138347591509.20877
1978-02-24T11:28:28,0.01961,1.961e-05,138206636245.31754
1978-02-24T11:34:49,0.02002,2.002e-05,141096219155.08707
1978-02-24T11:55:59,0.01956,1.9560000000000002e-05,137854248085.58957
1978-02-24T12:05:23,0.02139,2.139e-05,150751654731.63394
1978-02-24T12:11:51,0.02511,2.5110000000000002e-05,176969333815.3964
1978-02-24T12:20:29,0.02898,2.898e-05,204244177378.3428
1978-02-24T12:34:16,0.02641,2.641e-05,186131425968.32413
1978-02-24T12:36:11,0.03318,3.3180000000000004e-05,233844782795.49396
1978-02-24T12:41:41,0.02608,2.608e-05,183805664114.11942
1978-02-24T12:49:56,0.0221,2.2100000000000002e-05,155755566599.77142
1978-02-24T13:02:22,0.02054,2.054e-05,144761056016.25815
1978-02-24T13:13:13,0.02083,2.0830000000000002e-05,146804907342.68048
1978-02-24T13:22:45,0.02246,2.2460000000000002e-05,158292761349.81296
1978-02-24T16:26:20,0.01945,1.945e-05,137078994134.18796
1978-02-24T16:36:09,0.03353,3.353e-05,236311499913.58984
1978-02-24T16:37:47,0.02605,2.605e-05,183594231218.2826
1978-02-24T16:38:30,0.02079,2.079e-05,146522996814.89807
1978-02-24T16:58:04,0.02226,2.226e-05,156883208710.90097
1978-02-24T17:24:31,0.01835,1.8350000000000002e-05,129326454620.17221
1978-02-24T17:38:39,0.06776,6.776e-05,477556434063.3716
1978-02-24T17:39:25,0.0565,5.6500000000000005e-05,398198620492.6283
1978-02-24T17:40:55,0.01858,1.8579999999999998e-05,130947440154.92094
1978-02-24T17:40:55,0.05257,5.257e-05,370500911138.0083
1978-02-24T17:55:44,0.02051,2.0510000000000002e-05,144549623120.4214
1978-02-24T18:32:34,0.01816,1.816e-05,127987379613.20583
1978-02-24T19:03:59,0.01868,1.868e-05,131652216474.37694
1978-02-24T19:14:34,0.02151,2.1510000000000002e-05,151597386314.98117
1978-02-24T19:15:06,0.02464,2.4639999999999998e-05,173656885113.95328
1978-02-24T19:15:20,0.03028,3.028e-05,213406269531.27054
1978-02-24T19:16:09,0.0379,3.7900000000000006e-05,267110225073.8162
1978-02-24T19:21:11,0.01857,1.857e-05,130876962522.97536
1978-02-24T19:25:41,0.01841,1.8409999999999998e-05,129749320411.84578
1978-02-24T19:58:03,0.02026,2.026e-05,142787682321.7814
1978-02-24T20:45:02,0.02011,2.011e-05,141730517842.59744
1978-02-24T20:48:13,0.02319,2.319e-05,163437628481.8416
1978-02-24T21:29:29,0.01889,1.889e-05,133132246745.23448
1978-02-24T21:41:07,0.01883,1.883e-05,132709380953.56091
1978-02-24T21:53:12,0.01909,1.909e-05,134541799384.14644
1978-02-24T22:02:05,0.02143,2.1430000000000003e-05,151033565259.41638
1978-02-24T22:14:27,0.01978,1.978e-05,139404755988.3927
1978-02-24T22:45:40,0.01892,1.892e-05,133343679641.07127
1978-02-24T22:57:18,0.01897,1.897e-05,133696067800.79926
1978-02-24T23:08:56,0.01893,1.893e-05,133414157273.01688
1978-02-24T23:20:35,0.01895,1.8950000000000003e-05,133555112536.9081
1978-02-24T23:32:13,0.01924,1.9240000000000002e-05,135598963863.33043
1978-02-24T23:43:51,0.0192,1.92e-05,135317053335.54802
1978-02-24T23:51:16,0.01925,1.925e-05,135669441495.27602
1978-02-25T00:03:11,0.01978,1.978e-05,139404755988.3927
1978-02-25T00:12:21,0.01878,1.8780000000000003e-05,132356992793.83293
1978-02-25T00:24:21,0.01865,1.865e-05,131440783578.54013
1978-02-25T00:35:34,0.0189,1.8900000000000002e-05,133202724377.1801
1978-02-25T00:48:21,0.0187,1.87e-05,131793171738.26813
1978-02-25T00:58:46,0.01853,1.853e-05,130595051995.19298
1978-02-25T01:10:23,0.01861,1.8610000000000003e-05,131158873050.75777
1978-02-25T01:22:38,0.0192,1.92e-05,135317053335.54802
1978-02-25T01:27:58,0.03442,3.442e-05,242584009156.74805
1978-02-25T01:29:13,0.15359,0.00015359,1082465949052.4386
1978-02-25T01:29:22,0.0855,8.55e-05,602583753134.8624
1978-02-25T01:29:22,0.07322,7.322e-05,516037221105.668
1978-02-25T01:29:22,0.06271,6.271e-05,441965229930.8446
1978-02-25T01:29:28,0.12125,0.00012124999999999999,854541287340.3749
1978-02-25T01:29:39,0.02423,2.4230000000000003e-05,170767302204.1838
1978-02-25T01:29:54,0.05337,5.337e-05,376139121693.6561
1978-02-25T01:29:54,0.0457,4.57e-05,322082777991.3825
1978-02-25T01:29:54,0.03914,3.914e-05,275849451435.0703
1978-02-25T01:30:17,0.02997,2.997e-05,211221462940.957
1978-02-25T01:30:35,0.02108,2.108e-05,148566848141.32043
1978-02-25T01:31:41,0.09882,9.882e-05,696459958886.3987
1978-02-25T02:16:51,0.02664,2.6640000000000002e-05,187752411503.0729
1978-02-25T02:31:13,0.02985,2.985e-05,210375731357.60983
1978-02-25T02:31:37,0.04017,4.0169999999999997e-05,283108647525.46686
1978-02-25T02:44:10,0.02756,2.756e-05,194236353642.0679
1978-02-25T02:45:29,0.03273,3.273e-05,230673289357.94205
1978-02-25T10:31:53,0.0202,2.02e-05,142364816530.10782
1978-02-25T10:34:10,0.06019,6.0190000000000005e-05,424204866680.55396
1978-02-25T10:34:21,0.05012,5.012e-05,353233891311.33685
1978-02-25T10:34:34,0.03647,3.647e-05,257031923705.59567
1978-02-25T10:35:24,0.02316,2.3160000000000002e-05,163226195586.00482
1978-02-25T10:35:28,0.02741,2.741e-05,193179189162.8839
1978-02-25T10:35:40,0.04578,4.5780000000000006e-05,322646599046.9473
1978-02-25T10:47:32,0.02398,2.398e-05,169005361405.54385
1978-02-25T10:59:08,0.02193,2.1930000000000002e-05,154557446856.6963
1978-02-25T11:56:07,0.02186,2.186e-05,154064103433.07706
1978-02-25T12:07:43,0.02255,2.2550000000000003e-05,158927060037.32336
1978-02-25T12:24:05,0.06498,6.497999999999999e-05,457963652382.4953
1978-02-25T12:24:07,0.02195,2.195e-05,154698402120.58746
1978-02-25T12:24:26,0.03346,3.3459999999999995e-05,235818156489.97064
1978-02-25T12:24:31,0.02736,2.736e-05,192826801003.15594
1978-02-25T12:24:36,0.05299,5.2990000000000006e-05,373460971679.72345
1978-02-25T12:24:36,0.04526,4.5260000000000004e-05,318981762185.7763
1978-02-25T12:24:36,0.03869,3.8690000000000004e-05,272677957997.51843
1978-02-25T12:30:05,0.01973,1.9730000000000003e-05,139052367828.66473
1978-02-25T12:41:29,0.02024,2.0240000000000003e-05,142646727057.89023
1978-02-25T12:52:16,0.02145,2.145e-05,151174520523.30756
1978-02-25T13:00:43,0.02568,2.568e-05,180986558836.2955
1978-02-25T13:08:55,0.02873,2.8729999999999998e-05,202482236579.70285
1978-02-25T13:20:32,0.02647,2.6470000000000002e-05,186554291759.99774
1978-02-25T13:38:28,0.03276,3.276e-05,230884722253.77878
1978-02-25T13:38:45,0.03845,3.845e-05,270986494830.82404
1978-02-25T13:40:03,0.05172,5.1720000000000006e-05,364510312422.63257
1978-02-25T14:01:01,0.02336,2.336e-05,164635748224.91675
1978-02-25T14:12:39,0.02493,2.493e-05,175700736440.37564
1978-02-25T15:19:45,0.03041,3.041e-05,214322478746.5633
1978-02-25T15:41:54,0.02555,2.555e-05,180070349621.00272
1978-02-25T15:44:44,0.03194,3.194e-05,225105556434.23978
1978-02-25T15:51:25,0.0323,3.2300000000000006e-05,227642751184.28137
1978-02-25T15:54:47,0.02622,2.622e-05,184792350961.35776
1978-02-25T16:09:37,0.02826,2.826e-05,199169787878.25974
1978-02-25T16:09:52,0.0323,3.2300000000000006e-05,227642751184.28137
1978-02-25T16:15:09,0.04793,4.7930000000000004e-05,337799289915.2509
1978-02-25T16:20:57,0.0256,2.5600000000000002e-05,180422737780.7307
1978-02-25T16:33:05,0.04192,4.192e-05,295442233115.94653
1978-02-25T17:01:34,0.02694,2.694e-05,189866740461.44083
1978-02-25T17:22:25,0.02018,2.018e-05,142223861266.2166
1978-02-25T17:26:50,0.0245,2.4500000000000003e-05,172670198266.71494
1978-02-25T17:27:57,0.04562,4.562e-05,321518956935.81775
1978-02-25T17:28:29,0.02923,2.923e-05,206006118176.98276
1978-02-25T17:29:00,0.0368,3.68e-05,259357685559.80038
1978-02-25T17:29:32,0.06693,6.693000000000001e-05,471706790611.887
1978-02-25T17:29:32,0.05732,5.732000000000001e-05,403977786312.16736
1978-02-25T17:30:04,0.04924,4.924e-05,347031859700.1242
1978-02-25T17:32:17,0.08573,8.573000000000001e-05,604204738669.6111
1978-02-25T17:43:59,0.02133,2.1329999999999997e-05,150328788939.96036
1978-02-25T18:00:53,0.0228,2.2800000000000002e-05,160689000835.9633
1978-02-25T18:12:16,0.0216,2.1600000000000003e-05,152231685002.49158
1978-02-25T20:40:31,0.02292,2.292e-05,161534732419.31046
1978-02-25T20:52:07,0.02411,2.411e-05,169921570620.8366
1978-02-25T21:03:44,0.02542,2.542e-05,179154140405.70993
1978-02-25T21:11:38,0.02952,2.9520000000000002e-05,208049969503.4051
1978-02-25T21:20:36,0.03372,3.372e-05,237650574920.55624
1978-02-25T21:30:06,0.02863,2.863e-05,201777460260.24686
1978-02-25T21:39:36,0.02475,2.4750000000000002e-05,174432139065.3549
1978-02-25T21:44:40,0.02313,2.313e-05,163014762690.168
1978-02-25T21:59:28,0.02691,2.691e-05,189655307565.60403
1978-02-25T22:01:55,0.03002,3.002e-05,211573851100.685
1978-02-25T22:17:35,0.02332,2.332e-05,164353837697.13437
1978-02-25T22:29:11,0.02305,2.305e-05,162450941634.6032
1978-02-25T22:40:48,0.02436,2.436e-05,171683511419.47656
1978-02-25T22:52:24,0.02426,2.426e-05,170978735100.0206
1978-02-25T23:04:01,0.02659,2.659e-05,187400023343.34488
1978-02-25T23:13:36,0.02978,2.9780000000000003e-05,209882387933.99066
1978-02-25T23:18:15,0.03575,3.5749999999999995e-05,251957534205.51257
1978-02-25T23:28:43,0.03946,3.9460000000000005e-05,278104735657.32947
1978-02-25T23:35:53,0.03735,3.735e-05,263233955316.80826
1978-02-25T23:38:34,0.03205,3.205e-05,225880810385.64136
1978-02-25T23:46:13,0.02691,2.691e-05,189655307565.60403
1978-02-25T23:53:04,0.02446,2.446e-05,172388287738.93256
1978-02-26T00:20:14,0.02418,2.4180000000000002e-05,170414914044.4558
1978-02-26T00:31:49,0.02516,2.516e-05,177321721975.1244
1978-02-26T00:43:24,0.02641,2.641e-05,186131425968.32413
1978-02-26T00:55:52,0.02832,2.8320000000000003e-05,199592653669.93335
1978-02-26T01:06:48,0.03243,3.243e-05,228558960399.57407
1978-02-26T01:14:05,0.03698,3.698e-05,260626282934.82114
1978-02-26T01:19:54,0.02927,2.9270000000000003e-05,206288028704.76514
1978-02-26T01:32:15,0.02781,2.7810000000000003e-05,195998294440.70786
1978-02-26T01:42:29,0.02565,2.565e-05,180775125940.45868
1978-02-26T01:54:58,0.02576,2.576e-05,181550379891.86026
1978-02-26T02:04:16,0.02316,2.3160000000000002e-05,163226195586.00482
1978-02-26T02:18:07,0.02481,2.4809999999999998e-05,174855004857.02844
1978-02-26T02:21:19,0.02924,2.9239999999999998e-05,206076595808.9283
1978-02-26T02:23:54,0.03642,3.642e-05,256679535545.86768
1978-02-26T02:24:57,0.04284,4.284e-05,301926175254.9415
1978-02-26T02:25:29,0.07194,7.194e-05,507016084216.63153
1978-02-26T02:25:29,0.05826,5.826e-05,410602683715.0535
1978-02-26T02:25:29,0.09083,9.083e-05,640148330961.866
1978-02-26T02:26:39,0.04918,4.918e-05,346608993908.4506
1978-02-26T02:34:26,0.02612,2.612e-05,184087574641.9018
1978-02-26T02:48:14,0.02364,2.364e-05,166609121919.39352
1978-02-26T03:07:35,0.02962,2.962e-05,208754745822.86108
1978-02-26T03:07:42,0.02227,2.2270000000000002e-05,156953686342.8466
1978-02-26T03:22:49,0.02037,2.037e-05,143562936273.18295
1978-02-26T03:29:25,0.02206,2.206e-05,155473656071.989
1978-02-26T04:31:15,0.02285,2.285e-05,161041388995.69125
1978-02-26T05:22:09,0.02289,2.2890000000000003e-05,161323299523.47366
1978-02-26T05:28:28,0.01845,1.845e-05,130031230939.62817
1978-02-26T05:28:29,0.01351,1.351e-05,95215280758.50279
1978-02-26T05:28:59,0.02748,2.748e-05,193672532586.5031
1978-02-26T05:30:12,0.0225,2.2499999999999998e-05,158574671877.59534
1978-02-26T05:30:12,0.01172,1.172e-05,82599784640.24078
1978-02-27T00:03:14,0.08303,8.303000000000001e-05,585175778044.2997
1978-02-27T00:08:13,0.04855,4.855e-05,342168903095.878
1978-02-27T00:08:29,0.04018,4.018e-05,283179125157.4125
1978-02-27T00:11:48,0.03332,3.3320000000000006e-05,234831469642.73236
1978-02-27T00:21:27,0.02856,2.8559999999999998e-05,201284116836.6277
1978-02-27T00:29:54,0.02612,2.612e-05,184087574641.9018
1978-02-27T00:45:47,0.02236,2.2360000000000003e-05,157587985030.357
1978-02-27T00:57:25,0.02223,2.223e-05,156671775815.06418
1978-02-27T01:09:03,0.02364,2.364e-05,166609121919.39352
1978-02-27T01:20:41,0.02246,2.2460000000000002e-05,158292761349.81296
1978-02-27T01:32:20,0.02155,2.155e-05,151879296842.76355
1978-02-27T01:43:58,0.02158,2.158e-05,152090729738.60034
1978-02-27T01:55:36,0.02125,2.125e-05,149764967884.3956
1978-02-27T02:10:25,0.02124,2.124e-05,149694490252.44998
1978-02-27T02:29:27,0.02228,2.228e-05,157024163974.79218
1978-02-27T02:38:59,0.02483,2.483e-05,174995960120.91968
1978-02-27T02:48:30,0.02862,2.862e-05,201706982628.3013
1978-02-27T02:58:01,0.03238,3.238e-05,228206572239.84607
1978-02-27T03:04:54,0.03845,3.845e-05,270986494830.82404
1978-02-27T03:14:57,0.04472,4.4720000000000006e-05,315175970060.714
1978-02-27T03:26:35,0.05025,5.025e-05,354150100526.6296
1978-02-27T03:38:13,0.05456,5.456e-05,384525959895.1823
1978-02-27T03:49:52,0.05958,5.958e-05,419905731131.8725
1978-02-27T04:01:30,0.06666,6.666e-05,469803894549.35583
1978-02-27T04:13:08,0.06943,6.943e-05,489326198598.28644
1978-02-27T04:24:15,0.06899,6.899e-05,486225182792.6801
1978-02-27T04:45:56,0.06382,6.382000000000001e-05,449788247076.8061
1978-02-27T05:07:05,0.0553,5.53e-05,389741304659.15656
1978-02-27T05:16:37,0.05234,5.234e-05,368879925603.2595
1978-02-27T06:21:09,0.04458,4.4580000000000003e-05,314189283213.4756
1978-02-27T06:32:47,0.04435,4.435e-05,312568297678.72687
1978-02-27T06:44:25,0.04288,4.288e-05,302208085782.72394
1978-02-27T06:56:04,0.04206,4.206e-05,296428919963.1849
1978-02-27T07:07:59,0.04421,4.421e-05,311581610831.4884
1978-02-27T07:08:14,0.13126,0.00013126,925089396917.9183
1978-02-27T07:08:45,0.10755,0.00010755000000000001,757986931574.9058
1978-02-27T07:08:45,0.06646,6.646000000000001e-05,468394341910.4439
1978-02-27T07:09:04,0.05468,5.468e-05,385371691478.5295
1978-02-27T07:09:23,0.08274,8.274e-05,583131926717.8772
1978-02-27T07:15:06,0.04299,4.299e-05,302983339734.1255
1978-02-27T08:04:50,0.03934,3.934e-05,277259004073.98224
1978-02-27T08:21:45,0.03784,3.784e-05,266687359282.14255
1978-02-27T08:33:23,0.03658,3.6580000000000006e-05,257807177656.99725
1978-02-27T08:45:02,0.03626,3.626e-05,255551893434.73813
1978-02-27T08:53:30,0.03642,3.642e-05,256679535545.86768
1978-02-27T10:13:54,0.03417,3.417e-05,240822068358.10812
1978-02-27T10:25:32,0.03419,3.4189999999999996e-05,240963023621.99927
1978-02-27T10:32:56,0.03419,3.4189999999999996e-05,240963023621.99927
1978-02-27T19:11:52,0.03861,3.861e-05,272114136941.95358
1978-02-27T19:28:16,0.03369,3.369e-05,237439142024.71942
1978-02-27T19:28:48,0.04074,4.074e-05,287125872546.3659
1978-02-27T19:29:51,0.03035,3.035e-05,213899612954.8897
1978-02-27T19:56:45,0.03579,3.579e-05,252239444733.295
1978-02-27T19:59:43,0.02644,2.644e-05,186342858864.16092
1978-02-27T20:00:00,0.04103,4.103e-05,289169723872.7883
1978-02-27T20:00:14,0.04897,4.897e-05,345128963637.593
1978-02-27T20:02:49,0.03286,3.286e-05,231589498573.2348
1978-02-27T20:33:33,0.03063,3.063e-05,215872986649.3665
1978-02-27T20:34:55,0.03879,3.879e-05,273382734316.97437
1978-02-27T20:34:55,0.0437,4.3700000000000005e-05,307987251602.26294
1978-02-27T20:39:09,0.03187,3.1870000000000005e-05,224612213010.62064
1978-02-27T21:05:43,0.02553,2.553e-05,179929394357.1115
1978-02-27T21:24:45,0.03593,3.5929999999999997e-05,253226131580.53333
1978-02-27T21:25:58,0.04448,4.448e-05,313484506894.0196
1978-02-27T21:26:03,0.02654,2.654e-05,187047635183.6169
1978-02-27T21:26:45,0.06202,6.202e-05,437102273326.5984
1978-02-27T21:26:45,0.0503,5.0299999999999996e-05,354502488686.35754
1978-02-27T21:27:33,0.08137,8.137e-05,573476491141.3303
1978-02-27T21:30:12,0.02321,2.3210000000000003e-05,163578583745.73282
1978-02-27T21:48:58,0.02276,2.276e-05,160407090308.18088
1978-02-27T21:49:43,0.02588,2.588e-05,182396111475.20746
1978-02-27T21:52:40,0.03297,3.297e-05,232364752524.63635
1978-02-27T22:17:32,0.02391,2.391e-05,168512017981.92465
1978-02-27T22:36:03,0.02374,2.374e-05,167313898238.8495
1978-02-27T23:03:44,0.02517,2.517e-05,177392199607.06998
1978-02-27T23:03:49,0.03504,3.504e-05,246953622337.37515
1978-02-27T23:05:09,0.05874,5.8740000000000003e-05,413985610048.44226
1978-02-27T23:05:09,0.04699,4.6989999999999996e-05,331174392512.3646
1978-02-27T23:05:09,0.07489,7.489e-05,527806985640.5829
1978-02-27T23:05:18,0.02877,2.877e-05,202764147107.48526
1978-02-27T23:05:27,0.02169,2.169e-05,152865983690.00192
1978-02-27T23:14:40,0.02035,2.035e-05,143421981009.2918
1978-02-27T23:27:50,0.03409,3.409e-05,240258247302.54333
1978-02-27T23:29:32,0.02155,2.155e-05,151879296842.76355
1978-02-27T23:30:19,0.02887,2.887e-05,203468923426.94122
1978-02-27T23:30:45,0.0255,2.55e-05,179717961461.27472
1978-02-27T23:37:20,0.09444,9.444e-05,665590756094.2268
1978-02-27T23:40:12,0.04314,4.314e-05,304040504213.30945
1978-02-27T23:40:31,0.06071,6.071e-05,427869703541.72504
1978-02-27T23:40:35,0.02673,2.673e-05,188386710190.58328
1978-02-27T23:40:41,0.02325,2.325e-05,163860494273.51517
1978-02-27T23:40:49,0.03635,3.635e-05,256186192122.24847
1978-02-27T23:41:20,0.02036,2.036e-05,143492458641.23737
1978-02-27T23:50:06,0.0216,2.1600000000000003e-05,152231685002.49158
1978-02-28T00:09:35,0.02401,2.4010000000000002e-05,169216794301.38065
1978-02-28T00:19:43,0.02495,2.495e-05,175841691704.2668
1978-02-28T00:51:13,0.02574,2.574e-05,181409424627.96906
1978-02-28T00:51:28,0.0366,3.66e-05,257948132920.88843
1978-02-28T00:51:43,0.03236,3.236e-05,228065616975.9549
1978-02-28T00:59:24,0.02494,2.4940000000000002e-05,175771214072.32123
1978-02-28T01:10:45,0.0208,2.08e-05,146593474446.8437
1978-02-28T01:18:58,0.02399,2.3990000000000002e-05,169075839037.48944
1978-02-28T01:29:57,0.02435,2.435e-05,171613033787.53094
1978-02-28T01:38:01,0.02714,2.714e-05,191276293100.35278
1978-02-28T01:54:34,0.03193,3.193e-05,225035078802.2942
1978-02-28T02:04:29,0.02746,2.7459999999999998e-05,193531577322.6119
1978-02-28T02:15:04,0.02452,2.452e-05,172811153530.6061
1978-02-28T02:26:42,0.02398,2.398e-05,169005361405.54385
1978-02-28T02:38:20,0.02321,2.3210000000000003e-05,163578583745.73282
1978-02-28T02:49:59,0.02327,2.327e-05,164001449537.40637
1978-02-28T03:01:37,0.02368,2.368e-05,166891032447.17587
1978-02-28T03:13:16,0.02248,2.248e-05,158433716613.70416
1978-02-28T03:17:36,0.01507,1.507e-05,106209791342.01607
1978-02-28T03:17:51,0.01925,1.925e-05,135669441495.27602
1978-02-28T03:18:33,0.01372,1.3719999999999999e-05,96695311029.36035
1978-02-28T03:29:08,0.02264,2.264e-05,159561358724.8337
1978-02-28T03:40:15,0.01932,1.932e-05,136162784918.8952
1978-02-28T03:45:01,0.02257,2.257e-05,159068015301.21454
1978-02-28T03:59:49,0.02596,2.5960000000000002e-05,182959932530.77222
1978-02-28T03:59:49,0.03913,3.913e-05,275778973803.1247
1978-02-28T03:59:49,0.06191,6.191e-05,436327019375.1967
1978-02-28T04:00:04,0.04876,4.876e-05,343648933366.73553
1978-02-28T04:11:28,0.02395,2.395e-05,168793928509.70703
1978-02-28T04:20:59,0.02254,2.254e-05,158856582405.37775
1978-02-28T04:40:34,0.02878,2.8780000000000002e-05,202834624739.43088
1978-02-28T05:00:44,0.0284,2.8400000000000003e-05,200156474725.49814
1978-02-28T05:17:04,0.02957,2.957e-05,208402357663.1331
1978-02-28T05:40:21,0.03204,3.204e-05,225810332753.69574
1978-02-28T05:48:18,0.03898,3.898e-05,274721809323.94073
1978-02-28T05:57:17,0.04451,4.451e-05,313695939789.8564
1978-02-28T06:07:33,0.04379,4.3790000000000006e-05,308621550289.7734
1978-02-28T06:16:34,0.03581,3.5810000000000004e-05,252380399997.18622
1978-02-28T06:18:43,0.03307,3.307e-05,233069528844.09235
1978-02-28T06:31:09,0.03192,3.192e-05,224964601170.3486
1978-02-28T06:42:47,0.03018,3.018e-05,212701493211.81454
1978-02-28T06:54:26,0.032,3.2e-05,225528422225.91336
1978-02-28T07:06:04,0.03469,3.469e-05,244486905219.27924
1978-02-28T07:16:08,0.03875,3.875e-05,273100823789.19196
1978-02-28T07:24:04,0.04383,4.383e-05,308903460817.5557
1978-02-28T07:37:41,0.05549,5.549e-05,391080379666.1229
1978-02-28T07:40:28,0.06502,6.502e-05,458245562910.2777
1978-02-28T07:58:40,0.06959,6.959e-05,490453840709.416
1978-02-28T08:05:20,0.06925,6.925e-05,488057601223.2656
1978-02-28T08:06:24,0.09318,9.318e-05,656710574469.0814
1978-02-28T08:07:23,0.05931,5.931e-05,418002835069.3413
1978-02-28T08:07:38,0.07907,7.907e-05,557266635793.8428
1978-02-28T08:15:55,0.04891,4.8910000000000004e-05,344706097845.9195
1978-02-28T08:27:33,0.04686,4.686e-05,330258183297.07196
1978-02-28T08:38:40,0.04466,4.4659999999999996e-05,314753104269.04034
1978-02-28T09:07:14,0.04664,4.664e-05,328707675394.26874
1978-02-28T09:18:21,0.03943,3.943e-05,277893302761.4926
1978-02-28T09:27:53,0.03591,3.591e-05,253085176316.64215
1978-02-28T09:43:45,0.03333,3.333e-05,234901947274.67792
1978-02-28T09:55:51,0.0353,3.53e-05,248786040767.96066
1978-02-28T09:56:34,0.04434,4.434e-05,312497820046.78125
1978-02-28T09:56:59,0.05115,5.115e-05,360493087401.7334
1978-02-28T10:07:02,0.0326,3.26e-05,229757080142.64923
1978-02-28T10:18:40,0.03135,3.135e-05,220947376149.44952
1978-02-28T10:30:19,0.03285,3.285e-05,231519020941.28918
1978-02-28T10:42:02,0.03307,3.307e-05,233069528844.09235
1978-02-28T10:45:08,0.03957,3.957e-05,278879989608.731
1978-02-28T10:53:36,0.03155,3.155e-05,222356928788.36145
1978-02-28T11:46:30,0.02696,2.6960000000000003e-05,190007695725.33206
1978-02-28T11:56:09,0.02835,2.835e-05,199804086565.77014
1978-02-28T11:59:12,0.03446,3.446e-05,242865919684.53046
1978-02-28T11:59:44,0.04309,4.309e-05,303688116053.5815
1978-02-28T11:59:47,0.0938,9.38e-05,661080187649.7086
1978-02-28T12:00:16,0.0555,5.55e-05,391150857298.06854
1978-02-28T12:00:16,0.03094,3.094e-05,218057793239.67996
1978-02-28T12:00:37,0.06594,6.594e-05,464729505049.2727
1978-02-28T12:38:21,0.0252,2.52e-05,177603632502.90677
1978-02-28T12:50:00,0.02554,2.554e-05,179999871989.0571
1978-02-28T13:01:38,0.02479,2.479e-05,174714049593.13727
1978-02-28T17:14:33,0.02905,2.905e-05,204737520801.96198
1978-02-28T17:14:47,0.03415,3.415e-05,240681113094.21695
1978-02-28T17:15:05,0.05194,5.194e-05,366060820325.4356
1978-02-28T17:15:05,0.04454,4.4540000000000004e-05,313907372685.6932
1978-02-28T17:15:37,0.04152,4.152e-05,292623127838.1226
1978-02-28T17:16:17,0.06531,6.531000000000001e-05,460289414236.70013
1978-02-28T17:18:12,0.09301,9.300999999999999e-05,655512454726.0063
1978-02-28T17:19:16,0.12293,0.00012293,866381529507.2354
1978-02-28T17:19:51,0.18342,0.00018342,1292700725146.1572
1978-02-28T17:20:09,0.15372,0.00015372,1083382158267.7314
1978-02-28T17:21:26,0.21915,0.00021915000000000001,1544517304087.7786
1978-02-28T17:24:41,0.27512,0.00027511999999999995,1938980610087.29
1978-02-28T17:26:51,0.33334,0.00033334000000000006,2349301383274.562
1978-02-28T17:29:59,0.40407,0.00040406999999999997,2847789674025.7754
1978-02-28T17:32:15,0.48677,0.00048677,3430639690215.87
1978-02-28T17:35:35,0.58493,0.00058493,4122448125393.8594
1978-02-28T17:39:11,0.71246,0.00071246,5021249365596.07
1978-02-28T17:46:18,0.62519,0.0006251900000000001,4406191071606.838
1978-02-28T17:47:00,0.49304,0.00049304,3474829165445.7607
1978-02-28T17:47:53,0.39739,0.00039739,2800710615886.116
1978-02-28T17:50:55,0.32559,0.00032559,2294681218516.723
1978-02-28T17:53:06,0.26952,0.00026952,1899513136197.7554
1978-02-28T17:57:22,0.23832,0.00023832,1679622924527.49
1978-02-28T18:02:40,0.32554,0.00032554,2294328830356.995
1978-02-28T18:08:32,0.26287,0.00026287,1852645510953.9329
1978-02-28T18:12:46,0.22892,0.00022892000000000002,1613373950498.6282
1978-02-28T18:15:35,0.19152,0.00019152,1349787607022.0916
1978-02-28T18:16:59,0.16056,0.00016056000000000002,1131588858518.5205
1978-02-28T18:18:51,0.13251,0.00013251,933899100911.118
1978-02-28T18:20:19,0.10608,0.00010608,747626719678.9028
1978-02-28T18:24:44,0.09007,9.007e-05,634792030934.0006
1978-02-28T18:27:47,0.07121,7.120999999999999e-05,501871217084.6028
1978-02-28T18:29:41,0.06367,6.367e-05,448731082597.6221
1978-02-28T18:32:52,0.07639,7.639e-05,538378630432.4226
1978-02-28T18:35:38,0.10209,0.00010209000000000001,719506144532.6093
1978-02-28T18:45:41,0.11355,0.00011355,800273510742.2644
1978-02-28T18:47:41,0.18471,0.00018471,1301792339667.1394
1978-02-28T18:48:02,0.35969,0.00035969,2535009943451.212
1978-02-28T18:49:02,0.15335,0.00015335,1080774485885.7441
1978-02-28T18:49:12,0.20954,0.00020954,1476788299788.059
1978-02-28T18:50:00,0.12406,0.00012406,874345501917.0879
1978-02-28T18:55:59,0.14236,0.00014235999999999999,1003319568377.5321
1978-02-28T18:59:56,0.10515,0.00010515,741072299907.9622
1978-02-28T19:01:08,0.08545,8.545e-05,602231364975.1343
1978-02-28T19:01:44,0.06983,6.983e-05,492145303876.11035
1978-02-28T19:02:30,0.36808,0.00036808,2594140676653.569
1978-02-28T19:03:01,0.20185,0.00020185,1422591000821.894
