time,i082_ergs_per_cm2_per_s,i082_W_per_m2,i082_ph_flux
1978-01-01T00:44:13,0.018,1.8e-05,126859737502.07628
1978-01-01T00:57:43,0.019,1.9e-05,133907500696.63608
1978-01-01T01:17:16,0.018,1.8e-05,126859737502.07628
1978-01-01T01:30:43,0.017,1.7000000000000003e-05,119811974307.51653
1978-01-01T01:44:09,0.017,1.7000000000000003e-05,119811974307.51653
1978-01-01T01:55:47,0.018,1.8e-05,126859737502.07628
1978-01-01T02:03:07,0.628,0.000628,4425995286183.55
1978-01-01T02:03:07,0.098,9.8e-05,690680793066.8597
1978-01-01T02:11:09,0.018,1.8e-05,126859737502.07628
1978-01-01T02:19:11,0.019,1.9e-05,133907500696.63608
1978-01-01T02:27:00,0.018,1.8e-05,126859737502.07628
1978-01-01T02:40:26,0.017,1.7000000000000003e-05,119811974307.51653
1978-01-01T02:53:52,0.018,1.8e-05,126859737502.07628
1978-01-01T03:07:19,0.017,1.7000000000000003e-05,119811974307.51653
1978-01-01T03:20:49,0.018,1.8e-05,126859737502.07628
1978-01-01T03:34:15,0.019,1.9e-05,133907500696.63608
1978-01-01T03:47:41,0.017,1.7000000000000003e-05,119811974307.51653
1978-01-01T04:01:08,0.016,1.6e-05,112764211112.95668
1978-01-01T04:14:38,0.017,1.7000000000000003e-05,119811974307.51653
1978-01-01T04:28:04,0.017,1.7000000000000003e-05,119811974307.51653
1978-01-01T04:41:31,0.018,1.8e-05,126859737502.07628
1978-01-01T04:46:22,0.036,3.6e-05,253719475004.15256
1978-01-01T04:46:22,0.024,2.4e-05,169146316669.43503
1978-01-01T04:49:04,0.018,1.8e-05,126859737502.07628
1978-01-01T05:02:27,0.017,1.7000000000000003e-05,119811974307.51653
1978-01-01T05:07:47,0.02,2e-05,140955263891.19586
1978-01-01T05:07:47,0.032,3.2e-05,225528422225.91336
1978-01-01T05:10:29,0.113,0.000113,796397240985.2566
1978-01-01T05:10:29,0.059,5.9e-05,415818028479.0278
1978-01-01T05:15:50,0.03,3e-05,211432895836.7938
1978-01-01T05:15:50,0.02,2e-05,140955263891.19586
1978-01-01T05:21:10,0.018,1.8e-05,126859737502.07628
1978-01-01T05:28:01,0.019,1.9e-05,133907500696.63608
1978-01-01T05:41:27,0.02,2e-05,140955263891.19586
1978-01-01T05:50:38,0.026,2.6e-05,183241843058.5546
1978-01-01T05:53:16,0.051,5.1e-05,359435922922.54944
1978-01-01T05:55:58,0.135,0.000135,951448031265.572
1978-01-01T06:08:20,0.084,8.400000000000001e-05,592012108343.0226
1978-01-01T06:14:27,0.07,7.000000000000001e-05,493343423619.1856
1978-01-01T06:18:46,0.056,5.6e-05,394674738895.3484
1978-01-01T06:22:30,0.046,4.6e-05,324197106949.7505
1978-01-01T06:27:35,0.038,3.8e-05,267815001393.27216
1978-01-01T06:32:49,0.031,3.1e-05,218480659031.3536
1978-01-01T06:40:47,0.026,2.6e-05,183241843058.5546
1978-01-01T06:51:10,0.022,2.2e-05,155050790280.31546
1978-01-01T07:05:34,0.019,1.9e-05,133907500696.63608
1978-01-01T07:10:55,0.026,2.6e-05,183241843058.5546
1978-01-01T07:18:57,0.018,1.8e-05,126859737502.07628
1978-01-01T07:21:39,0.023,2.3e-05,162098553474.87524
1978-01-01T07:29:38,0.03,3e-05,211432895836.7938
1978-01-01T07:34:40,0.025,2.5e-05,176194079863.99484
1978-01-01T07:40:55,0.021,2.1e-05,148003027085.75565
1978-01-01T07:51:07,0.019,1.9e-05,133907500696.63608
1978-01-01T08:00:54,0.022,2.2e-05,155050790280.31546
1978-01-01T08:09:50,0.02,2e-05,140955263891.19586
1978-01-01T08:20:27,0.018,1.8e-05,126859737502.07628
1978-01-01T08:33:53,0.018,1.8e-05,126859737502.07628
1978-01-01T08:47:20,0.018,1.8e-05,126859737502.07628
1978-01-01T09:00:50,0.019,1.9e-05,133907500696.63608
1978-01-01T09:11:49,0.021,2.1e-05,148003027085.75565
1978-01-01T09:13:04,0.023,2.3e-05,162098553474.87524
1978-01-01T09:14:52,0.032,3.2e-05,225528422225.91336
1978-01-01T09:15:14,0.026,2.6e-05,183241843058.5546
1978-01-01T09:15:28,0.041,4.1e-05,288958290976.95154
1978-01-01T09:17:56,0.067,6.7e-05,472200134035.50616
1978-01-01T09:20:13,0.055,5.5e-05,387626975700.78864
1978-01-01T09:30:46,0.05,5e-05,352388159727.9897
1978-01-01T09:37:08,0.039,3.9e-05,274862764587.8319
1978-01-01T09:43:58,0.032,3.2e-05,225528422225.91336
1978-01-01T09:50:06,0.028,2.8e-05,197337369447.6742
1978-01-01T09:55:37,0.023,2.3e-05,162098553474.87524
1978-01-01T10:10:33,0.023,2.3e-05,162098553474.87524
1978-01-01T10:24:00,0.022,2.2e-05,155050790280.31546
1978-01-01T10:37:26,0.023,2.3e-05,162098553474.87524
1978-01-01T10:52:37,0.022,2.2e-05,155050790280.31546
1978-01-01T11:00:18,0.021,2.1e-05,148003027085.75565
1978-01-01T11:01:08,0.041,4.1e-05,288958290976.95154
1978-01-01T11:01:08,0.076,7.6e-05,535630002786.5443
1978-01-01T11:09:07,0.041,4.1e-05,288958290976.95154
1978-01-01T13:31:01,0.024,2.4e-05,169146316669.43503
1978-01-01T13:31:26,0.021,2.1e-05,148003027085.75565
1978-01-01T13:37:26,0.018,1.8e-05,126859737502.07628
1978-01-01T13:43:08,0.032,3.2e-05,225528422225.91336
1978-01-01T13:45:10,0.027,2.7e-05,190289606253.1144
1978-01-01T13:45:10,0.022,2.2e-05,155050790280.31546
1978-01-01T13:50:52,0.018,1.8e-05,126859737502.07628
1978-01-01T14:03:07,0.02,2e-05,140955263891.19586
1978-01-01T14:08:27,0.018,1.8e-05,126859737502.07628
1978-01-01T14:12:43,0.019,1.9e-05,133907500696.63608
1978-01-01T14:32:34,0.02,2e-05,140955263891.19586
1978-01-01T14:37:55,0.016,1.6e-05,112764211112.95668
1978-01-01T14:45:14,0.02,2e-05,140955263891.19586
1978-01-01T18:30:46,0.025,2.5e-05,176194079863.99484
1978-01-01T18:32:02,0.029,2.9000000000000004e-05,204385132642.23404
1978-01-01T19:02:34,0.025,2.5e-05,176194079863.99484
1978-01-01T19:05:34,0.043,4.3e-05,303053817366.07104
1978-01-01T19:09:10,0.038,3.8e-05,267815001393.27216
1978-01-01T19:09:43,0.03,3e-05,211432895836.7938
1978-01-01T19:16:15,0.061,6.1e-05,429913554868.14734
1978-01-01T19:16:19,0.025,2.5e-05,176194079863.99484
1978-01-01T19:18:28,0.04,4e-05,281910527782.3917
1978-01-01T19:21:14,0.034,3.4000000000000007e-05,239623948615.03305
1978-01-01T19:26:27,0.027,2.7e-05,190289606253.1144
1978-01-01T19:44:09,0.141,0.0001409999999999,993734610432.9308
1978-01-01T19:46:15,0.166,0.000166,1169928690296.9258
1978-01-01T19:47:13,0.126,0.000126,888018162514.5339
1978-01-01T19:47:49,0.09,8.999999999999999e-05,634298687510.3813
1978-01-01T19:48:28,0.074,7.4e-05,521534476397.4246
1978-01-01T19:48:28,0.062,6.2e-05,436961318062.7072
1978-01-01T19:48:28,0.052,5.2e-05,366483686117.1092
1978-01-01T19:48:28,0.043,4.3e-05,303053817366.07104
1978-01-01T19:49:04,0.035,3.5000000000000004e-05,246671711809.5928
1978-01-01T19:49:19,0.029,2.9000000000000004e-05,204385132642.23404
1978-01-01T19:51:00,0.023,2.3e-05,162098553474.87524
1978-01-01T20:07:58,0.019,1.9e-05,133907500696.63608
1978-01-01T20:11:24,0.03,3e-05,211432895836.7938
1978-01-01T20:12:43,0.024,2.4e-05,169146316669.43503
1978-01-01T20:15:21,0.059,5.9e-05,415818028479.0278
1978-01-01T20:15:21,0.049,4.9000000000000005e-05,345340396533.4299
1978-01-01T20:15:57,0.041,4.1e-05,288958290976.95154
1978-01-01T20:18:50,0.028,2.8e-05,197337369447.6742
1978-01-01T20:20:52,0.02,2e-05,140955263891.19586
1978-01-01T20:51:25,0.02,2e-05,140955263891.19586
1978-01-01T21:08:09,0.021,2.1e-05,148003027085.75565
1978-01-01T21:08:41,0.039,3.9e-05,274862764587.8319
1978-01-01T21:09:46,0.454,0.000454,3199684490330.1465
1978-01-01T21:11:24,0.026,2.6e-05,183241843058.5546
1978-01-01T21:15:54,0.02,2e-05,140955263891.19586
1978-01-01T21:16:08,0.189,0.000189,1332027243771.801
1978-01-01T21:16:29,0.331,0.000331,2332809617399.2915
1978-01-01T21:16:29,0.277,0.000277,1952230404893.0625
1978-01-01T21:16:29,0.232,0.000232,1635081061137.8723
1978-01-01T21:17:23,0.049,4.9000000000000005e-05,345340396533.4299
1978-01-01T21:17:45,0.16,0.00016,1127642111129.567
1978-01-01T21:17:45,0.127,0.000127,895065925709.0936
1978-01-01T21:17:45,0.088,8.8e-05,620203161121.2618
1978-01-01T21:17:45,0.073,7.3e-05,514486713202.86487
1978-01-01T21:17:45,0.061,6.1e-05,429913554868.14734
1978-01-01T21:19:22,0.025,2.5e-05,176194079863.99484
1978-01-01T21:20:49,0.036,3.6e-05,253719475004.15256
1978-01-01T22:34:12,0.346,0.000346,2438526065317.688
1978-01-01T22:36:18,0.274,0.000274,1931087115309.3835
1978-01-01T22:36:39,0.071,7.099999999999999e-05,500391186813.7453
1978-01-01T22:36:39,0.209,0.0002089999999999,1472982507662.9968
1978-01-01T22:36:39,0.178,0.000178,1254501848631.643
1978-01-01T22:36:50,0.149,0.000149,1050116715989.409
1978-01-01T22:36:53,0.4,0.0004,2819105277823.917
1978-01-01T22:37:01,0.121,0.000121,852779346541.735
1978-01-01T22:37:08,0.096,9.6e-05,676585266677.7401
1978-01-01T23:02:42,0.213,0.000213,1501173560441.2358
1978-01-01T23:03:25,0.275,0.000275,1938134878503.9436
1978-01-01T23:04:08,0.357,0.000357,2516051460457.846
1978-01-01T23:05:23,0.175,0.000175,1233358559047.9636
1978-01-01T23:05:23,0.146,0.000146,1028973426405.7296
1978-01-01T23:05:23,0.123,0.000123,866874872930.8546
1978-01-01T23:05:23,0.089,8.9e-05,627250924315.8215
1978-01-01T23:06:35,0.059,5.9e-05,415818028479.0278
1978-01-01T23:06:57,0.071,7.099999999999999e-05,500391186813.7453
1978-01-01T23:10:12,0.048,4.8e-05,338292633338.87006
1978-01-01T23:24:57,0.045,4.5e-05,317149343755.1907
1978-01-01T23:28:22,0.139,0.000139,979639084043.8114
1978-01-01T23:28:37,0.177,0.000177,1247454085437.0833
1978-01-01T23:29:13,0.06,6e-05,422865791673.5876
1978-01-01T23:30:10,0.07,7.000000000000001e-05,493343423619.1856
1978-01-01T23:30:25,0.121,0.000121,852779346541.735
1978-01-01T23:32:06,0.097,9.7e-05,683633029872.2999
1978-01-01T23:32:06,0.048,4.8e-05,338292633338.87006
1978-01-01T23:41:27,0.101,0.000101,711824082650.5391
1978-01-02T00:07:36,0.04359,4.359e-05,307211997650.8614
1978-01-02T00:08:52,0.09903,9.903e-05,697939989157.2563
1978-01-02T00:10:34,0.16015,0.00016015,1128699275608.7507
1978-01-02T00:10:43,0.04703,4.703e-05,331456303040.14703
1978-01-02T00:11:19,0.06075,6.075e-05,428151614069.5074
1978-01-02T00:11:23,0.23431,0.00023431,1651361394117.3052
1978-01-02T00:11:56,0.19399,0.00019399,1367195582112.654
1978-01-02T00:15:00,0.2848,0.0002848,2007202957810.629
1978-01-02T00:15:43,0.40729,0.00040729,2870483471512.258
1978-01-02T00:21:46,0.11306,0.0001130599999999,796820106776.93
1978-01-02T00:22:22,0.13475,0.00013475,949686090466.932
1978-01-02T00:40:48,0.14805,0.00014805,1043421340954.5771
1978-01-02T00:41:10,0.04094,4.094e-05,288535425185.2779
1978-01-02T00:42:38,0.11897,0.00011897,838472387256.7787
1978-01-02T00:42:53,0.07805,7.805e-05,550077917335.3918
1978-01-02T00:46:40,0.26855,0.00026855,1892676805899.032
1978-01-02T00:51:05,0.10055,0.00010055,708652589212.9872
1978-01-02T00:51:55,0.30843,0.00030843,2173741602098.077
1978-01-02T00:53:41,0.06809,6.809e-05,479882195917.5762
1978-01-02T00:53:55,0.03078,3.078e-05,216930151128.5504
1978-01-02T00:54:43,0.15391,0.00015391,1084721233274.6976
1978-01-02T00:56:30,0.05552,5.552e-05,391291812561.9598
1978-01-02T00:57:22,0.10613,0.00010613,747979107838.6309
1978-01-02T01:00:26,0.0851,8.51e-05,599764647857.0383
1978-01-02T01:02:17,0.06809,6.809e-05,479882195917.5762
1978-01-02T01:04:44,0.03275,3.275e-05,230814244621.83325
1978-01-02T01:04:51,0.02186,2.186e-05,154064103433.07706
1978-01-02T02:51:30,0.02616,2.616e-05,184369485169.68417
1978-01-02T02:52:23,0.02189,2.189e-05,154275536328.91385
1978-01-02T02:55:52,0.05701,5.701e-05,401792979721.85376
1978-01-02T02:57:13,0.03596,3.596e-05,253437564476.37012
1978-01-02T03:00:39,0.04609,4.609e-05,324831405637.2608
1978-01-02T03:02:49,0.08683,8.683000000000001e-05,611957278183.6268
1978-01-02T03:02:55,0.0271,2.71e-05,190994382572.5704
1978-01-02T03:07:32,0.39121,0.00039121,2757155439343.7363
1978-01-02T03:07:44,0.05651,5.651e-05,398269098124.57385
1978-01-02T03:08:57,0.03721,3.721e-05,262247268469.5699
1978-01-02T03:10:26,0.10672,0.00010672,752137288123.421
1978-01-02T03:11:13,0.06769,6.769e-05,477063090639.7524
1978-01-02T03:13:29,0.25592,0.00025592,1803663556751.742
1978-01-02T03:13:40,0.05056,5.056e-05,356334907116.9432
1978-01-02T03:14:29,0.03024,3.024e-05,213124359003.48813
1978-01-02T03:16:01,0.019,1.9e-05,133907500696.63608
1978-01-02T03:16:30,0.12139,0.00012139,855527974187.6133
1978-01-02T03:17:28,0.08186,8.186e-05,576929895106.6647
1978-01-02T03:19:11,0.06233,6.233000000000001e-05,439287079916.9119
1978-01-02T03:21:39,0.0264,2.64e-05,186060948336.3785
1978-01-02T03:22:16,0.02225,2.225e-05,156812731078.95538
1978-01-02T03:24:19,0.14156,0.00014156,997681357821.8844
1978-01-02T06:58:22,0.01804,1.804e-05,127141648029.85866
1978-01-02T07:10:44,0.02199,2.199e-05,154980312648.36987
1978-01-02T07:21:42,0.01903,1.903e-05,134118933592.47284
1978-01-02T07:25:23,0.0227,2.2700000000000003e-05,159984224516.50732
1978-01-02T07:36:14,0.01878,1.8780000000000003e-05,132356992793.83292
1978-01-02T07:39:38,0.01647,1.647e-05,116076659814.3998
1978-01-02T07:48:43,0.01863,1.863e-05,131299828314.64894
1978-01-02T07:53:30,0.01544,1.544e-05,108817463724.00322
1978-01-02T08:32:48,0.02304,2.3040000000000003e-05,162380464002.65765
1978-01-02T08:38:59,0.02931,2.931e-05,206569939232.54752
1978-01-02T08:39:34,0.01976,1.976e-05,139263800724.5015
1978-01-02T08:42:24,0.05789,5.789e-05,407995011333.0664
1978-01-02T08:42:44,0.07174,7.174e-05,505606531577.71954
1978-01-02T08:44:04,0.04706,4.706e-05,331667735935.9838
1978-01-02T08:48:04,0.02194,2.194e-05,154627924488.64188
1978-01-02T08:50:43,0.02877,2.877e-05,202764147107.4853
1978-01-02T08:59:05,0.02026,2.026e-05,142787682321.7814
1978-01-02T09:13:42,0.01968,1.968e-05,138699979668.93674
1978-01-02T09:22:39,0.01923,1.923e-05,135528486231.38484
1978-01-02T09:40:03,0.01679,1.679e-05,118331944036.65892
1978-01-02T09:52:07,0.017,1.7000000000000003e-05,119811974307.51653
1978-01-02T10:12:51,0.01759,1.7590000000000003e-05,123970154592.30678
1978-01-02T10:19:59,0.02242,2.242e-05,158010850822.03058
1978-01-02T10:20:11,0.03186,3.186e-05,224541735378.67505
1978-01-02T10:27:02,0.01647,1.647e-05,116076659814.3998
1978-01-02T10:27:07,0.02538,2.538e-05,178872229877.92755
1978-01-02T10:39:23,0.01781,1.781e-05,125520662495.10992
1978-01-02T10:51:40,0.02036,2.036e-05,143492458641.23737
1978-01-02T19:44:30,0.0326,3.26e-05,229757080142.64923
1978-01-02T19:55:25,0.03184,3.184e-05,224400780114.7838
1978-01-02T19:58:49,0.02644,2.644e-05,186342858864.1609
1978-01-02T20:06:16,0.02338,2.3380000000000003e-05,164776703488.80798
1978-01-02T20:14:03,0.01967,1.967e-05,138629502036.99112
1978-01-02T20:24:29,0.02049,2.049e-05,144408667856.53018
1978-01-02T23:46:11,0.03205,3.205e-05,225880810385.64136
1978-01-02T23:56:18,0.02943,2.943e-05,207415670815.8947
1978-01-02T23:59:39,0.03333,3.333e-05,234901947274.67792
1978-01-03T00:07:58,0.03195,3.195e-05,225176034066.18536
1978-01-03T00:03:13,0.02783,2.783e-05,196139249704.59903
1978-01-03T00:12:53,0.02783,2.783e-05,196139249704.59903
1978-01-03T00:22:33,0.02666,2.666e-05,187893366766.96408
1978-01-03T00:32:12,0.02666,2.666e-05,187893366766.96408
1978-01-03T01:10:06,0.02337,2.337e-05,164706225856.86234
1978-01-03T01:22:44,0.02432,2.432e-05,171401600891.69415
1978-01-03T01:37:14,0.02463,2.463e-05,173586407482.0077
1978-01-03T01:51:17,0.02733,2.733e-05,192615368107.31915
1978-01-03T02:03:47,0.03014,3.014e-05,212419582684.03214
1978-01-03T02:12:54,0.03592,3.592e-05,253155653948.58777
1978-01-03T02:17:49,0.02911,2.911e-05,205160386593.6356
1978-01-03T02:25:49,0.03655,3.655e-05,257595744761.16043
1978-01-03T03:01:18,0.03795,3.795e-05,267462613233.54413
1978-01-03T03:13:05,0.03319,3.319e-05,233915260427.4395
1978-01-03T03:15:03,0.04462,4.462e-05,314471193741.258
1978-01-03T03:26:20,0.03394,3.394e-05,239201082823.3593
1978-01-03T03:27:26,0.04045,4.045e-05,285082021219.94366
1978-01-03T03:29:18,0.02723,2.723e-05,191910591787.8632
1978-01-03T03:39:46,0.02204,2.204e-05,155332700808.09784
1978-01-03T03:41:27,0.0339,3.39e-05,238919172295.57697
1978-01-03T03:43:11,0.02844,2.844e-05,200438385253.2805
1978-01-03T03:47:27,0.01783,1.783e-05,125661617759.0011
1978-01-03T03:50:40,0.03258,3.258e-05,229616124878.75803
1978-01-03T03:53:08,0.02493,2.493e-05,175700736440.37564
1978-01-03T04:00:32,0.01876,1.876e-05,132216037529.94173
1978-01-03T04:07:06,0.02312,2.312e-05,162944285058.2224
1978-01-03T04:13:43,0.01867,1.867e-05,131581738842.43132
1978-01-03T04:20:43,0.02473,2.473e-05,174291183801.46365
1978-01-03T04:27:38,0.02009,2.009e-05,141589562578.70624
1978-01-03T04:33:06,0.02636,2.636e-05,185779037808.59613
1978-01-03T04:37:34,0.01697,1.697e-05,119600541411.67969
1978-01-03T04:50:15,0.01736,1.736e-05,122349169057.558
1978-01-03T05:02:49,0.01817,1.817e-05,128057857245.15144
1978-01-03T05:17:22,0.01947,1.947e-05,137219949398.07918
1978-01-03T05:17:47,0.01521,1.521e-05,107196478189.25446
1978-01-03T05:28:59,0.01376,1.376e-05,96977221557.14276
1978-01-03T05:30:54,0.01818,1.818e-05,128128334877.09705
1978-01-03T05:41:58,0.0149,1.49e-05,105011671598.94092
1978-01-03T05:44:25,0.0202,2.02e-05,142364816530.10782
1978-01-03T05:48:07,0.01311,1.311e-05,92396175480.67888
1978-01-03T05:56:01,0.01575,1.575e-05,111002270314.31674
1978-01-03T05:58:15,0.02153,2.153e-05,151738341578.87238
1978-01-03T06:09:36,0.01704,1.704e-05,120093884835.29886
1978-01-03T06:11:46,0.02552,2.5520000000000003e-05,179858916725.16595
1978-01-03T06:13:07,0.02099,2.099e-05,147932549453.81006
1978-01-03T06:19:28,0.03052,3.052e-05,215097732697.96487
1978-01-03T06:19:28,0.02552,2.5520000000000003e-05,179858916725.16595
1978-01-03T06:22:20,0.01711,1.711e-05,120587228258.91806
1978-01-03T06:31:28,0.01817,1.817e-05,128057857245.15144
1978-01-03T06:43:27,0.02676,2.676e-05,188598143086.42004
1978-01-03T06:55:37,0.02444,2.444e-05,172247332475.04135
1978-01-03T06:57:44,0.03112,3.112e-05,219326390614.70078
1978-01-03T07:10:00,0.02795,2.795e-05,196984981287.9462
1978-01-03T07:10:04,0.02236,2.2360000000000003e-05,157587985030.357
1978-01-03T07:22:32,0.0243,2.43e-05,171260645627.80295
1978-01-03T07:22:38,0.0191,1.91e-05,134612277016.09204
1978-01-03T07:34:02,0.01976,1.976e-05,139263800724.5015
1978-01-03T07:36:35,0.05598,5.598e-05,394533783631.4573
1978-01-03T07:37:11,0.0254,2.54e-05,179013185141.81876
1978-01-03T07:43:15,0.04385,4.385e-05,309044416081.44696
1978-01-03T07:45:47,0.03583,3.583e-05,252521355261.0774
1978-01-03T07:49:44,0.02778,2.778e-05,195786861544.87103
1978-01-03T07:50:10,0.05574,5.574e-05,392842320464.7628
1978-01-03T07:54:21,0.0228,2.28e-05,160689000835.9633
1978-01-03T07:57:46,0.04815,4.815e-05,339349797818.054
1978-01-03T08:00:16,0.03681,3.681e-05,259428163191.746
1978-01-03T08:05:18,0.0204,2.04e-05,143774369169.01978
1978-01-03T08:05:30,0.02857,2.8570000000000003e-05,201354594468.5733
1978-01-03T08:08:10,0.07157,7.157e-05,504408411834.6444
1978-01-03T08:10:21,0.02391,2.391e-05,168512017981.92465
1978-01-03T08:13:58,0.01899,1.899e-05,133837023064.69046
1978-01-03T08:20:05,0.06168,6.168e-05,434706033840.44806
1978-01-03T08:20:36,0.07245,7.245e-05,510610443445.857
1978-01-03T08:20:36,0.02344,2.344e-05,165199569280.48157
1978-01-03T08:27:59,0.02314,2.314e-05,163085240322.11362
1978-01-03T08:29:50,0.06428,6.428e-05,453030218146.30347
1978-01-03T08:46:42,0.01758,1.7579999999999998e-05,123899676960.36116
1978-01-03T08:56:49,0.01499,1.499e-05,105645970286.4513
1978-01-03T09:01:11,0.01929,1.9290000000000003e-05,135951352023.05844
1978-01-03T09:10:06,0.01572,1.5720000000000002e-05,110790837418.47997
1978-01-03T09:11:48,0.02248,2.248e-05,158433716613.70416
1978-01-03T09:17:47,0.01534,1.534e-05,108112687404.54724
1978-01-03T09:22:40,0.01781,1.781e-05,125520662495.10992
1978-01-03T09:24:53,0.02463,2.463e-05,173586407482.0077
1978-01-03T09:32:14,0.03116,3.116e-05,219608301142.48312
1978-01-03T09:36:39,0.01771,1.771e-05,124815886175.65396
1978-01-03T09:42:04,0.02335,2.335e-05,164565270592.97116
1978-01-03T09:47:50,0.02937,2.937e-05,206992805024.22116
1978-01-03T09:50:36,0.01796,1.796e-05,126577826974.29388
1978-01-03T09:59:29,0.02204,2.204e-05,155332700808.09784
1978-01-03T10:00:13,0.02924,2.924e-05,206076595808.9283
1978-01-03T10:10:03,0.03072,3.0720000000000004e-05,216507285336.8769
1978-01-03T10:11:02,0.02654,2.654e-05,187047635183.6169
1978-01-03T10:12:15,0.02111,2.111e-05,148778281037.15723
1978-01-03T10:19:14,0.01886,1.886e-05,132920813849.39767
1978-01-03T10:30:37,0.02045,2.045e-05,144126757328.74777
1978-01-03T10:31:45,0.02574,2.574e-05,181409424627.96906
1978-01-03T10:33:15,0.03567,3.567e-05,251393713149.9478
1978-01-03T10:42:39,0.02209,2.209e-05,155685088967.82584
1978-01-03T10:46:01,0.02845,2.845e-05,200508862885.2261
1978-01-03T10:52:24,0.03365,3.365e-05,237157231496.937
1978-01-03T10:57:36,0.02317,2.317e-05,163296673217.9504
1978-01-03T10:58:01,0.02856,2.856e-05,201284116836.6277
1978-01-03T10:59:10,0.01831,1.831e-05,129044544092.3898
1978-01-03T11:10:46,0.03223,3.223e-05,227149407760.6621
1978-01-03T11:12:50,0.04554,4.554e-05,320955135880.253
1978-01-03T11:16:30,0.0808,8.08e-05,569459266120.4313
1978-01-03T11:22:57,0.05745,5.745e-05,404893995527.4601
1978-01-03T11:24:03,0.01689,1.689e-05,119036720356.11488
1978-01-03T11:24:22,0.02968,2.9680000000000004e-05,209177611614.53467
1978-01-03T11:24:36,0.03566,3.566e-05,251323235518.0022
1978-01-03T11:28:46,0.04303,4.303e-05,303265250261.9079
1978-01-03T11:29:00,0.02436,2.436e-05,171683511419.47656
1978-01-03T11:36:56,0.0214,2.14e-05,150822132363.57953
1978-01-03T11:37:22,0.01705,1.705e-05,120164362467.24448
1978-01-03T11:49:09,0.02031,2.0310000000000004e-05,143140070481.50943
1978-01-03T11:52:44,0.01674,1.6740000000000002e-05,117979555876.93095
1978-01-03T12:07:36,0.01936,1.936e-05,136444695446.67758
1978-01-03T12:10:18,0.01582,1.582e-05,111495613737.93591
1978-01-03T12:21:48,0.01415,1.415e-05,99725849203.02107
1978-01-03T12:22:52,0.01835,1.835e-05,129326454620.1722
1978-01-03T12:31:29,0.01713,1.713e-05,120728183522.80923
1978-01-03T13:03:27,0.04844,4.844e-05,341393649144.4764
1978-01-03T13:06:24,0.01964,1.964e-05,138418069141.15433
1978-01-03T13:07:27,0.26815,0.00026815,1889857700621.2085
1978-01-03T13:07:40,0.03113,3.113e-05,219396868246.6464
1978-01-03T13:08:28,0.22307,0.00022307,1572144535810.453
1978-01-03T13:08:44,0.02459,2.459e-05,173304496954.2253
1978-01-03T13:09:07,0.03887,3.8870000000000006e-05,273946555372.5392
1978-01-03T13:10:45,0.33524,0.00033524,2362692133344.225
1978-01-03T13:11:02,0.06022,6.022e-05,424416299576.3908
1978-01-03T13:11:21,0.01166,1.166e-05,82176918848.56718
1978-01-03T13:11:34,0.01602,1.602e-05,112905166376.84789
1978-01-03T20:27:17,0.02435,2.435e-05,171613033787.53094
1978-01-03T20:30:39,0.01946,1.9460000000000003e-05,137149471766.1336
1978-01-03T20:36:34,0.03055,3.0550000000000004e-05,215309165593.8017
1978-01-03T20:37:02,0.02154,2.154e-05,151808819210.81796
1978-01-03T20:37:02,0.0375,3.75e-05,264291119795.9922
1978-01-03T20:46:42,0.02555,2.555e-05,180070349621.00272
1978-01-03T20:53:09,0.02248,2.248e-05,158433716613.70416
1978-01-03T20:57:04,0.01895,1.8950000000000003e-05,133555112536.9081
1978-01-03T21:03:22,0.01711,1.711e-05,120587228258.91806
1978-01-03T21:06:45,0.02266,2.266e-05,159702313988.72488
1978-01-03T21:07:16,0.02809,2.809e-05,197971668135.18457
1978-01-03T21:15:55,0.01779,1.779e-05,125379707231.21872
1978-01-03T21:20:43,0.02717,2.717e-05,191487725996.18958
1978-01-03T21:23:52,0.02233,2.233e-05,157376552134.52017
1978-01-03T21:28:33,0.0176,1.76e-05,124040632224.25237
1978-01-03T21:34:22,0.02913,2.913e-05,205301341857.5268
1978-01-03T21:38:10,0.02138,2.138e-05,150681177099.6884
1978-01-03T21:43:05,0.01724,1.7239999999999998e-05,121503437474.21082
1978-01-03T21:46:31,0.02494,2.494e-05,175771214072.32123
1978-01-03T21:47:38,0.03218,3.218e-05,226797019600.9341
1978-01-03T21:51:53,0.02139,2.139e-05,150751654731.63394
1978-01-03T21:56:15,0.01924,1.924e-05,135598963863.33044
1978-01-03T22:00:52,0.03438,3.438e-05,242302098628.9657
1978-01-03T22:02:36,0.02915,2.915e-05,205442297121.418
1978-01-03T22:09:28,0.02133,2.133e-05,150328788939.96036
1978-01-03T22:16:46,0.02757,2.757e-05,194306831274.01352
1978-01-03T22:22:23,0.02364,2.364e-05,166609121919.39352
1978-01-03T22:26:36,0.01919,1.919e-05,135246575703.6024
1978-01-03T22:28:48,0.02705,2.705e-05,190641994412.8424
1978-01-03T22:29:09,0.03144,3.1440000000000004e-05,221581674836.95996
1978-01-03T23:39:32,0.02242,2.242e-05,158010850822.03058
1978-01-03T23:44:10,0.0185,1.85e-05,130383619099.35616
1978-01-03T23:52:46,0.02572,2.572e-05,181268469364.07788
1978-01-03T23:57:42,0.02161,2.161e-05,152302162634.43713
1978-01-04T00:01:29,0.01528,1.528e-05,107689821612.87364
1978-01-04T00:03:03,0.02042,2.042e-05,143915324432.91098
1978-01-04T00:08:42,0.02512,2.512e-05,177039811447.34198
1978-01-04T06:55:10,0.02584,2.584e-05,182114200947.42505
1978-01-04T06:55:54,0.03195,3.195e-05,225176034066.18536
1978-01-04T06:56:33,0.10593,0.00010593,746569555199.7188
1978-01-04T06:56:44,0.13584,0.00013584,957368152349.0024
1978-01-04T06:57:30,0.0626,6.26e-05,441189975979.4431
1978-01-04T06:57:38,0.05169,5.169e-05,364298879526.7957
1978-01-04T06:57:38,0.04346,4.346e-05,306295788435.5686
1978-01-04T06:58:15,0.08782,8.782e-05,618934563746.241
1978-01-04T06:58:15,0.03807,3.807e-05,268308344816.89133
1978-01-04T08:13:48,0.02165,2.165e-05,152584073162.2195
1978-01-04T08:16:05,0.02698,2.6980000000000003e-05,190148650989.2232
1978-01-04T08:16:59,0.02907,2.907e-05,204878476065.85315
1978-01-04T08:30:14,0.02919,2.919e-05,205724207649.20035
1978-01-04T08:33:51,0.03545,3.545e-05,249843205247.14465
1978-01-04T08:42:29,0.05465,5.465e-05,385160258582.6927
1978-01-04T08:46:36,0.04642,4.6420000000000006e-05,327157167491.46564
1978-01-04T08:49:58,0.03715,3.715e-05,261824402677.8963
1978-01-04T08:59:45,0.03087,3.087e-05,217564449816.0608
1978-01-04T09:12:42,0.0293,2.93e-05,206499461600.60196
1978-01-04T09:26:41,0.03011,3.011e-05,212208149788.19537
1978-01-04T09:38:41,0.02472,2.472e-05,174220706169.51807
1978-01-04T09:54:14,0.02602,2.602e-05,183382798322.44583
1978-01-04T10:00:49,0.02703,2.703e-05,190501039148.9512
1978-01-04T10:22:54,0.02983,2.983e-05,210234776093.71863
1978-01-04T10:36:35,0.03098,3.098e-05,218339703767.4624
1978-01-04T10:50:09,0.03144,3.1440000000000004e-05,221581674836.95996
1978-01-04T11:03:43,0.03234,3.234e-05,227924661712.0637
1978-01-04T11:17:18,0.02745,2.745e-05,193461099690.66632
1978-01-04T11:28:24,0.02372,2.3720000000000003e-05,167172942974.9583
1978-01-04T11:36:08,0.01986,1.986e-05,139968577043.9575
1978-01-04T12:16:30,0.01811,1.811e-05,127634991453.47786
1978-01-04T12:30:05,0.01802,1.802e-05,127000692765.96748
1978-01-04T12:43:39,0.01926,1.926e-05,135739919127.2216
1978-01-04T12:56:33,0.01803,1.803e-05,127071170397.91309
1978-01-04T13:03:04,0.01737,1.737e-05,122419646689.50362
1978-01-04T13:13:15,0.01926,1.926e-05,135739919127.2216
1978-01-04T13:25:50,0.02313,2.313e-05,163014762690.168
1978-01-04T13:35:34,0.03032,3.032e-05,213688180059.0529
1978-01-04T13:37:55,0.02521,2.521e-05,177674110134.8524
1978-01-04T13:48:19,0.02165,2.165e-05,152584073162.2195
1978-01-04T13:57:52,0.01753,1.753e-05,123547288800.63316
1978-01-04T14:16:47,0.01712,1.712e-05,120657705890.86365
1978-01-04T14:37:08,0.01892,1.892e-05,133343679641.07127
1978-01-04T14:50:42,0.01881,1.881e-05,132568425689.66972
1978-01-04T15:04:06,0.01814,1.814e-05,127846424349.31464
1978-01-04T15:17:50,0.01844,1.8440000000000003e-05,129960753307.6826
1978-01-04T15:27:06,0.01798,1.798e-05,126718782238.18507
1978-01-04T15:39:26,0.02245,2.245e-05,158222283717.86734
1978-01-04T15:49:36,0.01803,1.803e-05,127071170397.91309
1978-01-04T15:56:30,0.01541,1.541e-05,108606030828.1664
1978-01-04T16:06:22,0.01875,1.875e-05,132145559897.9961
1978-01-04T16:21:59,0.01905,1.905e-05,134259888856.36407
1978-01-04T16:49:08,0.01946,1.9460000000000003e-05,137149471766.1336
1978-01-04T16:57:09,0.01983,1.983e-05,139757144148.1207
1978-01-04T17:56:48,0.01908,1.908e-05,134471321752.20084
1978-01-04T18:09:18,0.01822,1.822e-05,128410245404.87944
1978-01-04T18:22:53,0.01971,1.971e-05,138911412564.77353
1978-01-04T18:36:27,0.01986,1.986e-05,139968577043.9575
1978-01-04T18:45:42,0.01884,1.884e-05,132779858585.5065
1978-01-04T18:57:20,0.01681,1.681e-05,118472899300.55013
1978-01-04T19:50:28,0.01992,1.992e-05,140391442835.63107
1978-01-04T20:03:48,0.02259,2.259e-05,159208970565.1057
1978-01-04T20:06:45,0.02635,2.635e-05,185708560176.6505
1978-01-04T20:07:32,0.03186,3.186e-05,224541735378.67505
1978-01-04T20:13:29,0.01969,1.969e-05,138770457300.88232
1978-01-04T20:16:43,0.0206,2.06e-05,145183921807.93173
1978-01-04T20:29:56,0.01972,1.972e-05,138981890196.71912
1978-01-04T20:42:07,0.01973,1.9730000000000003e-05,139052367828.66473
1978-01-04T20:43:12,0.19607,0.00019607,1381854929557.3386
1978-01-04T20:44:07,0.27728,0.00027728,1954203778587.54
1978-01-04T20:44:07,0.23364,0.00023364,1646639392776.95
1978-01-04T20:44:23,0.35269,0.00035269,2485675601089.293
1978-01-04T20:44:59,0.04982,4.982000000000001e-05,351119562352.96893
1978-01-04T20:45:21,0.10379,0.00010379,731487341963.3608
1978-01-04T20:45:21,0.08675,8.675e-05,611393457128.062
1978-01-04T20:45:21,0.0725,7.25e-05,510962831605.585
1978-01-04T20:45:21,0.06059,6.059e-05,427023971958.3778
1978-01-04T20:45:46,0.1552,0.0001552,1093812847795.6798
1978-01-04T20:45:58,0.12358,0.00012358,870962575583.6993
1978-01-04T20:45:58,0.02384,2.384e-05,168018674558.30548
1978-01-04T20:46:35,0.04113,4.113e-05,289874500192.24426
1978-01-04T20:46:35,0.03438,3.438e-05,242302098628.9657
1978-01-04T20:46:35,0.02873,2.873e-05,202482236579.70285
1978-01-04T21:00:09,0.00562,5.62e-06,39608429153.42604
1978-01-04T21:02:38,0.06561,6.561e-05,462403743195.068
1978-01-04T21:02:38,0.02491,2.4910000000000004e-05,175559781176.48447
1978-01-04T21:02:38,0.01215,1.215e-05,85630322813.90147
1978-01-04T21:02:38,0.00726,7.26e-06,51166760792.50409
1978-01-04T21:02:38,0.07614,7.614e-05,536616689633.78265
1978-01-04T21:02:53,0.032,3.2e-05,225528422225.91336
1978-01-04T21:03:15,0.0212,2.12e-05,149412579724.6676
1978-01-04T21:03:15,0.01772,1.772e-05,124886363807.59952
1978-01-04T21:03:15,0.10323,0.00010323,727540594574.4075
1978-01-04T21:03:15,0.08628,8.628e-05,608081008426.6189
1978-01-04T21:03:52,0.04421,4.421e-05,311581610831.4884
1978-01-04T21:05:06,0.51532,0.00051532,3631853329420.5527
1978-01-04T21:05:06,0.41971,0.00041971,2958016690388.691
1978-01-04T21:05:06,0.36439,0.0003643899999999,2568134430465.6426
1978-01-04T21:05:06,0.12251,0.00012251,863421468965.5201
1978-01-04T21:05:23,0.28609,0.00028609,2016294572331.6116
1978-01-04T21:05:57,0.20963,0.00020963,1477422598475.5696
1978-01-04T21:06:20,0.16793,0.00016793,1183530873262.426
1978-01-04T21:06:20,0.14049,0.00014049,990140251203.7054
1978-01-04T22:01:13,0.02431,2.431e-05,171331123259.74854
1978-01-04T22:03:41,0.02053,2.053e-05,144690578384.31256
1978-01-04T22:04:11,0.02752,2.752e-05,193954443114.28552
1978-01-04T22:04:18,0.03387,3.387e-05,238707739399.74017
1978-01-04T22:21:14,0.01545,1.545e-05,108887941355.9488
1978-01-04T22:24:25,0.01908,1.908e-05,134471321752.20084
1978-01-04T22:27:36,0.01681,1.681e-05,118472899300.55013
1978-01-04T22:35:46,0.01774,1.774e-05,125027319071.49072
1978-01-04T23:21:24,0.02341,2.341e-05,164988136384.64478
1978-01-04T23:34:58,0.02506,2.506e-05,176616945655.66843
1978-01-04T23:48:32,0.0219,2.19e-05,154346013960.85947
1978-01-04T23:55:57,0.02471,2.471e-05,174150228537.57245
1978-01-04T23:56:48,0.03298,3.2980000000000006e-05,232435230156.582
1978-01-04T23:59:06,0.0286,2.86e-05,201566027364.4101
1978-01-04T23:59:20,0.02012,2.012e-05,141800995474.54303
1978-01-05T00:06:31,0.02093,2.093e-05,147509683662.13647
1978-01-05T00:14:05,0.01993,1.993e-05,140461920467.5767
1978-01-05T00:27:32,0.01979,1.979e-05,139475233620.3383
1978-01-05T00:40:59,0.01889,1.889e-05,133132246745.23448
1978-01-05T00:48:58,0.01759,1.7590000000000003e-05,123970154592.30678
1978-01-05T00:52:14,0.02093,2.093e-05,147509683662.13647
1978-01-05T01:07:54,0.01777,1.777e-05,125238751967.32751
1978-01-05T01:19:11,0.01899,1.899e-05,133837023064.69046
1978-01-05T01:21:37,0.02186,2.186e-05,154064103433.07706
1978-01-05T01:29:40,0.01885,1.885e-05,132850336217.45209
1978-01-05T01:31:45,0.01826,1.826e-05,128692155932.6618
1978-01-05T01:37:57,0.02004,2.004e-05,141237174418.97824
1978-01-05T01:43:22,0.01839,1.839e-05,129608365147.9546
1978-01-05T01:54:17,0.01837,1.837e-05,129467409884.0634
1978-01-05T02:00:48,0.01837,1.837e-05,129467409884.0634
1978-01-05T02:06:37,0.04451,4.451e-05,313695939789.8564
1978-01-05T02:07:01,0.05085,5.085e-05,358378758443.3655
1978-01-05T02:07:20,0.01684,1.684e-05,118684332196.38692
1978-01-05T02:08:31,0.06678,6.678000000000001e-05,470649626132.703
1978-01-05T02:09:03,0.08217,8.217000000000001e-05,579114701696.9783
1978-01-05T02:26:11,0.01779,1.779e-05,125379707231.21872
1978-01-05T02:37:11,0.01777,1.777e-05,125238751967.32751
1978-01-05T02:49:47,0.01837,1.837e-05,129467409884.0634
1978-01-05T02:55:22,0.0176,1.76e-05,124040632224.25237
1978-01-05T02:59:35,0.01919,1.919e-05,135246575703.6024
1978-01-05T03:03:41,0.01732,1.732e-05,122067258529.7756
1978-01-05T03:19:11,0.01837,1.837e-05,129467409884.0634
1978-01-05T03:24:17,0.01686,1.686e-05,118825287460.27812
1978-01-05T03:28:58,0.01544,1.544e-05,108817463724.00322
1978-01-05T03:38:21,0.01819,1.819e-05,128198812509.04263
1978-01-06T06:25:42,0.02292,2.292e-05,161534732419.31046
1978-01-06T06:38:34,0.02292,2.292e-05,161534732419.31046
1978-01-06T06:45:00,0.02721,2.721e-05,191769636523.97195
1978-01-06T06:50:20,0.02521,2.521e-05,177674110134.8524
1978-01-06T06:54:38,0.02607,2.607e-05,183735186482.1738
1978-01-06T07:04:50,0.02878,2.878e-05,202834624739.43088
1978-01-06T07:10:42,0.02965,2.965e-05,208966178718.69788
1978-01-06T07:18:17,0.03045,3.045e-05,214604389274.3457
1978-01-06T07:31:44,0.02835,2.835e-05,199804086565.7701
1978-01-06T07:36:25,0.02498,2.498e-05,176053124600.1036
1978-01-06T07:45:11,0.02722,2.722e-05,191840114155.91757
1978-01-06T07:58:38,0.02552,2.5520000000000003e-05,179858916725.16595
1978-01-06T08:12:05,0.02657,2.657e-05,187259068079.4537
1978-01-06T08:25:33,0.0256,2.56e-05,180422737780.7307
1978-01-06T08:38:23,0.02477,2.477e-05,174573094329.24606
1978-01-06T08:47:08,0.02393,2.393e-05,168652973245.81583
1978-01-06T15:41:47,0.02015,2.015e-05,142012428370.37982
1978-01-06T15:50:42,0.01789,1.789e-05,126084483550.6747
1978-01-06T16:04:09,0.01738,1.738e-05,122490124321.4492
1978-01-06T16:17:37,0.01749,1.749e-05,123265378272.85078
1978-01-06T16:25:34,0.01793,1.7930000000000003e-05,126366394078.45708
1978-01-06T20:00:04,0.03813,3.813e-05,268731210608.56485
1978-01-06T20:00:48,0.0197,1.97e-05,138840934932.8279
1978-01-06T20:01:55,0.02651,2.651e-05,186836202287.7801
1978-01-06T20:03:15,0.04965,4.965e-05,349921442609.89374
1978-01-06T20:03:52,0.06713,6.713e-05,473116343250.79895
1978-01-06T20:03:52,0.0586,5.86e-05,412998923201.2039
1978-01-06T20:48:30,0.01757,1.757e-05,123829199328.41556
1978-01-06T21:06:25,0.03372,3.372e-05,237650574920.55624
1978-01-06T21:07:18,0.01422,1.422e-05,100219192626.64026
1978-01-06T21:08:04,0.01272,1.272e-05,89647547834.80057
1978-01-06T21:08:32,0.02834,2.834e-05,199733608933.8245
1978-01-06T21:08:59,0.01754,1.754e-05,123617766432.57878
1978-01-06T21:11:13,0.02178,2.178e-05,153500282377.5123
1978-01-06T21:12:51,0.07955,7.955e-05,560649562127.2314
1978-01-06T21:12:51,0.13895,0.00013895,979286695884.0833
1978-01-06T21:15:44,0.03553,3.553e-05,250407026302.70944
1978-01-06T21:15:50,0.04348,4.348e-05,306436743699.4598
1978-01-06T21:16:08,0.05909,5.909e-05,416452327166.53815
1978-01-06T21:16:22,0.04968,4.9680000000000005e-05,350132875505.7306
1978-01-06T21:18:59,0.02634,2.634e-05,185638082544.70496
1978-01-06T21:23:41,0.0162,1.62e-05,114173763751.86864
1978-01-06T21:26:37,0.01458,1.458e-05,102756387376.68178
1978-01-06T22:13:55,0.01772,1.772e-05,124886363807.59952
1978-01-06T22:20:21,0.01558,1.558e-05,109804150571.24156
1978-01-06T22:30:37,0.01807,1.807e-05,127353080925.69543
1978-01-06T22:58:45,0.03284,3.2840000000000004e-05,231448543309.34363
1978-01-06T22:58:45,0.05223,5.223e-05,368104671651.858
1978-01-06T22:59:17,0.02156,2.156e-05,151949774474.70914
1978-01-06T22:59:37,0.04374,4.3740000000000005e-05,308269162130.04535
1978-01-06T23:00:35,0.01732,1.732e-05,122067258529.7756
1978-01-06T23:02:25,0.02674,2.674e-05,188457187822.52887
1978-01-06T23:14:39,0.02081,2.081e-05,146663952078.78928
1978-01-06T23:23:49,0.01973,1.9730000000000003e-05,139052367828.66473
1978-01-07T03:46:11,0.06204,6.204e-05,437243228590.4895
1978-01-07T03:49:22,0.05703,5.703e-05,401933934985.745
1978-01-07T03:55:45,0.05242,5.242e-05,369443746658.82434
1978-01-07T04:02:07,0.04819,4.819e-05,339631708345.8364
1978-01-07T04:08:51,0.04247,4.2470000000000005e-05,299318502872.9544
1978-01-07T04:14:52,0.03904,3.904e-05,275144675115.6143
1978-01-07T04:18:40,0.05709,5.709e-05,402356800777.4186
1978-01-07T04:19:27,0.0468,4.68e-05,329835317505.3983
1978-01-07T04:20:18,0.06578,6.578000000000001e-05,463601862938.14325
1978-01-07T04:20:30,0.11118,0.00011118,783570311971.1577
1978-01-07T04:20:30,0.08347,8.347e-05,588276793849.906
1978-01-07T04:21:07,0.145,0.000145,1021925663211.17
1978-01-07T04:36:46,0.33402,0.00033402,2354093862246.862
1978-01-07T04:37:08,0.48972,0.00048972,3451430591639.822
1978-01-07T04:37:08,0.40942,0.00040942,2885495207116.6704
1978-01-07T04:38:22,0.28499,0.00028499,2008542032817.596
1978-01-07T04:38:22,0.23826,0.00023826,1679200058735.8162
1978-01-07T04:38:22,0.19919,0.00019919,1403843950724.3652
1978-01-07T04:38:22,0.16653,0.00016653,1173664004790.0425
1978-01-07T04:38:22,0.13922,0.00013922,981189591946.6144
1978-01-07T04:38:22,0.11639,0.00011639,820289158214.8143
1978-01-07T04:38:22,0.09731,9.731e-05,685817836462.6135
1978-01-07T04:38:22,0.08152,8.151999999999999e-05,574533655620.5142
1978-01-07T04:38:59,0.04747,4.747e-05,334557318845.75336
1978-01-07T04:41:23,0.03849,3.8490000000000006e-05,271268405358.60648
1978-01-07T04:41:27,0.06549,6.549000000000001e-05,461558011611.72095
1978-01-07T04:42:04,0.05459,5.459e-05,384737392791.0191
1978-01-07T04:46:43,0.03298,3.2980000000000006e-05,232435230156.582
1978-01-07T04:46:43,0.04072,4.072e-05,286984917282.47473
1978-01-07T04:56:16,0.0344,3.44e-05,242443053892.8569
1978-01-07T07:10:05,0.04429,4.429000000000001e-05,312145431887.0533
1978-01-07T07:16:27,0.23881,0.00023881,1683076328492.8242
1978-01-07T07:16:27,0.16346,0.00016346,1152027371782.744
1978-01-07T07:17:35,0.19214,0.00019214,1354157220202.7188
1978-01-07T07:21:32,0.05599,5.599e-05,394604261263.4028
1978-01-07T07:22:49,0.07988,7.988000000000001e-05,562975323981.4364
1978-01-07T07:22:49,0.05026,5.026e-05,354220578158.5752
1978-01-07T07:25:14,0.17701,0.00017701,1247524563069.029
1978-01-07T07:48:38,0.12361,0.00012361,871174008479.5359
1978-01-07T07:55:24,0.10861,0.00010861,765457560561.1392
1978-01-07T08:04:14,0.09454,9.454e-05,666295532413.6829
1978-01-07T08:08:08,0.08157,8.157e-05,574886043780.2424
1978-01-07T08:15:07,0.06903,6.903e-05,486507093320.46246
1978-01-07T08:22:30,0.05697,5.697e-05,401511069194.0714
1978-01-07T08:29:16,0.04844,4.844e-05,341393649144.4764
1978-01-07T08:36:40,0.04545,4.545e-05,320320837192.7426
1978-01-07T09:30:15,0.03032,3.032e-05,213688180059.0529
1978-01-07T09:33:46,0.02598,2.598e-05,183100887794.6634
1978-01-07T09:47:38,0.02346,2.346e-05,165340524544.37274
1978-01-07T10:02:03,0.02207,2.207e-05,155544133703.93463
1978-01-07T10:02:07,0.04072,4.072e-05,286984917282.47473
1978-01-07T10:02:15,0.03066,3.066e-05,216084419545.20328
1978-01-07T10:08:29,0.01908,1.908e-05,134471321752.20084
1978-01-07T10:16:56,0.02035,2.035e-05,143421981009.2918
1978-01-07T10:22:34,0.02064,2.064e-05,145465832335.7141
1978-01-07T11:24:09,0.03267,3.267e-05,230250423566.26843
1978-01-07T11:36:44,0.03058,3.058e-05,215520598489.6385
1978-01-07T11:46:19,0.03629,3.6290000000000007e-05,255763326330.5749
1978-01-07T11:51:14,0.04531,4.5310000000000005e-05,319334150345.5042
1978-01-07T11:55:06,0.05437,5.437e-05,383186884888.216
1978-01-07T11:59:51,0.06493,6.493e-05,457611264222.7674
1978-01-07T12:50:58,0.1663,0.0001663,1172043019255.2937
1978-01-07T13:00:49,0.13215,0.00013215,931361906161.0764
1978-01-07T13:07:17,0.09745,9.745e-05,686804523309.8518
1978-01-07T13:07:35,0.11718,0.00011718,825856891138.5166
1978-01-07T13:22:22,0.0506,5.06e-05,356616817644.7256
1978-01-07T13:26:41,0.04177,4.177e-05,294385068636.7626
1978-01-07T13:31:36,0.03367,3.367e-05,237298186760.82825
1978-01-07T13:38:23,0.02812,2.812e-05,198183101031.02136
1978-01-07T13:42:04,0.07372,7.371999999999999e-05,519561102702.9479
1978-01-07T13:43:08,0.05816,5.8160000000000006e-05,409897907395.5976
1978-01-07T13:43:55,0.02415,2.415e-05,170203481148.619
1978-01-07T13:44:32,0.05263,5.263e-05,370923776929.682
1978-01-07T13:48:19,0.01908,1.908e-05,134471321752.20084
1978-01-07T13:58:05,0.02054,2.054e-05,144761056016.25815
1978-01-07T14:11:38,0.01833,1.833e-05,129185499356.281
1978-01-07T14:25:02,0.01662,1.662e-05,117133824293.58376
1978-01-07T14:39:17,0.27097,0.00027097,1909732392829.867
1978-01-07T14:40:46,0.17439,0.00017439,1229059423499.2822
1978-01-07T14:40:50,0.22916,0.00022916,1615065413665.322
1978-01-07T14:40:53,0.14208,0.00014208,1001346194683.0555
1978-01-07T14:41:57,0.01589,1.5890000000000002e-05,111988957161.55511
1978-01-07T14:42:25,0.04167,4.167e-05,293680292317.3066
1978-01-07T14:42:50,0.03423,3.423e-05,241244934149.78168
1978-01-07T14:43:02,0.11782,0.00011782,830367459583.0347
1978-01-07T14:43:02,0.0985,9.85e-05,694204674664.1396
1978-01-07T14:43:02,0.08235,8.235000000000001e-05,580383299071.999
1978-01-07T14:43:02,0.06885,6.884999999999999e-05,485238495945.44165
1978-01-07T14:43:02,0.05756,5.756000000000001e-05,405669249478.86176
1978-01-07T14:43:02,0.04834,4.834e-05,340688872825.0204
1978-01-07T14:43:11,0.02694,2.694e-05,189866740461.44083
1978-01-07T14:46:19,0.01877,1.877e-05,132286515161.8873
1978-01-07T14:51:42,0.01585,1.585e-05,111707046633.77272
1978-01-07T15:04:35,0.0157,1.57e-05,110649882154.58876
1978-01-07T18:59:48,0.01776,1.7760000000000003e-05,125168274335.38194
1978-01-07T19:07:11,0.02181,2.181e-05,153711715273.34906
1978-01-07T19:13:58,0.02645,2.6450000000000003e-05,186413336496.1065
1978-01-07T19:22:35,0.03222,3.222e-05,227078930128.7165
1978-01-07T19:28:44,0.03866,3.866e-05,272466525101.6816
1978-01-07T19:33:35,0.04696,4.696e-05,330962959616.5279
1978-01-07T19:36:57,0.05571,5.571000000000001e-05,392630887568.9261
1978-01-07T19:41:03,0.06597,6.597000000000001e-05,464940937945.1096
1978-01-07T19:57:52,0.0199,1.9900000000000003e-05,140250487571.7399
1978-01-07T20:00:15,0.01694,1.694e-05,119389108515.8429
1978-01-07T20:07:32,0.07395,7.395000000000001e-05,521182088237.6967
1978-01-07T20:08:26,0.01388,1.388e-05,97822953140.48994
1978-01-07T21:47:17,0.02031,2.0310000000000004e-05,143140070481.50943
1978-01-07T21:47:33,0.02704,2.704e-05,190571516780.8968
1978-01-07T21:48:01,0.01446,1.446e-05,101910655793.3346
1978-01-07T21:49:22,0.03032,3.032e-05,213688180059.0529
1978-01-07T21:49:45,0.01812,1.8120000000000003e-05,127705469085.42348
1978-01-07T21:58:59,0.01234,1.234e-05,86969397820.86786
1978-01-07T22:18:49,0.01254,1.254e-05,88378950459.77982
1978-01-07T22:26:42,0.01203,1.2030000000000002e-05,84784591230.55432
1978-01-07T23:14:19,0.04773,4.7730000000000005e-05,336389737276.339
1978-01-07T23:17:00,0.03988,3.988e-05,281064796199.0445
1978-01-07T23:18:35,0.02576,2.576e-05,181550379891.86023
1978-01-07T23:19:07,0.02134,2.134e-05,150399266571.906
1978-01-07T23:23:16,0.03257,3.257e-05,229545647246.81244
1978-01-07T23:24:57,0.03743,3.743e-05,263797776372.37305
1978-01-07T23:30:25,0.03075,3.075e-05,216718718232.71365
1978-01-07T23:30:44,0.02812,2.812e-05,198183101031.02136
1978-01-07T23:50:26,0.01829,1.8290000000000003e-05,128903588828.49864
1978-01-07T23:51:45,0.01609,1.609e-05,113398509800.46709
1978-01-07T23:56:48,0.01362,1.362e-05,95990534709.90436
1978-01-08T00:07:15,0.02799,2.799e-05,197266891815.72864
1978-01-08T00:12:28,0.03406,3.406e-05,240046814406.7065
1978-01-08T00:19:13,0.04403,4.403e-05,310313013456.46765
1978-01-08T00:29:58,0.0435,4.35e-05,306577698963.351
1978-01-08T01:14:47,0.0192,1.92e-05,135317053335.54802
1978-01-08T01:28:17,0.01764,1.764e-05,124322542752.03474
1978-01-08T01:41:48,0.01687,1.687e-05,118895765092.22372
1978-01-08T01:53:28,0.01832,1.832e-05,129115021724.33542
1978-01-08T02:03:09,0.02848,2.848e-05,200720295781.0629
1978-01-08T02:03:29,0.02215,2.215e-05,156107954759.49942
1978-01-08T02:10:02,0.05397,5.397e-05,380367779610.392
1978-01-08T02:11:53,0.03799,3.799e-05,267744523761.3265
1978-01-08T02:12:30,0.04794,4.7940000000000005e-05,337869767547.19653
1978-01-08T02:14:20,0.05911,5.911e-05,416593282430.4294
1978-01-08T02:16:11,0.07495,7.495e-05,528229851432.2565
1978-01-08T02:16:11,0.15068,0.00015068,1061956958156.2698
1978-01-08T02:17:53,0.10792,0.00010792,760594603956.8928
1978-01-08T02:18:38,0.18934,0.00018934,1334423483257.9512
1978-01-08T02:19:33,0.0905,9.05e-05,637822569107.6614
1978-01-08T02:21:47,0.23115,0.00023115,1629090462422.496
1978-01-08T02:27:14,0.10868,0.00010868,765950903984.7582
1978-01-08T02:27:50,0.26338,0.00026338,1856239870183.1584
1978-01-08T03:17:34,0.12658,0.00012658,892105865167.3785
1978-01-08T03:29:35,0.09868,9.868e-05,695473272039.1605
1978-01-08T03:38:39,0.08959,8.959e-05,631409104600.6118
1978-01-08T03:55:38,0.06166,6.166e-05,434565078576.5569
1978-01-08T04:09:09,0.0519,5.19e-05,365778909797.65326
1978-01-08T04:20:12,0.04549,4.549000000000001e-05,320602747720.525
1978-01-08T05:06:51,0.03869,3.869e-05,272677957997.51843
1978-01-08T05:29:34,0.02608,2.608e-05,183805664114.11945
1978-01-08T05:39:24,0.02151,2.151e-05,151597386314.98117
1978-01-08T05:50:15,0.01748,1.748e-05,123194900640.90517
1978-01-08T05:54:45,0.01581,1.5810000000000003e-05,111425136105.99034
1978-01-08T06:08:15,0.01492,1.492e-05,105152626862.8321
1978-01-08T06:16:51,0.01398,1.398e-05,98527729459.9459
1978-01-08T07:02:17,0.0128,1.28e-05,90211368890.36536
1978-01-08T07:06:16,0.53146,0.00053146,3745604227380.749
1978-01-08T07:11:29,0.0126,1.26e-05,88801816251.45338
1978-01-08T07:15:11,0.17568,0.00017568,1238151038020.2644
1978-01-08T07:15:23,0.19742,0.00019742,1391369409869.9944
1978-01-08T07:17:13,0.61591,0.00061591,4340787829161.322
1978-01-08T07:17:32,0.31142,0.0003114199999999,2194814414049.8103
1978-01-08T07:18:24,0.42387,0.00042387,2987335385278.06
1978-01-08T07:19:42,0.51205,0.00051205,3608807143774.342
1978-01-08T07:24:02,0.36548,0.00036548,2575816492347.7134
1978-01-08T07:28:35,0.10032,0.00010032,707031603678.2385
1978-01-08T07:31:34,0.26193,0.00026193,1846020613551.0464
1978-01-08T07:32:54,0.20147,0.00020147,1419912850807.9617
1978-01-08T07:35:46,0.15457,0.00015457,1089372756983.1072
1978-01-08T07:40:21,0.11871,0.00011871,836639968826.193
1978-01-08T07:41:08,0.09049,9.049e-05,637752091475.7157
1978-01-08T07:41:43,0.07336,7.336e-05,517023907952.9064
1978-01-08T07:43:13,0.05855,5.855e-05,412646535041.4758
1978-01-08T07:45:16,0.0464,4.64e-05,327016212227.5744
1978-01-08T07:45:47,0.03835,3.835e-05,270281718511.36807
1978-01-08T07:45:52,0.15112,0.00015112,1065057973961.876
1978-01-08T07:48:40,0.0284,2.8400000000000003e-05,200156474725.4981
1978-01-08T07:50:10,0.11843,0.00011843,834666595131.7163
1978-01-08T07:50:54,0.02295,2.295e-05,161746165315.14728
1978-01-08T07:51:48,0.01938,1.938e-05,136585650710.5688
1978-01-08T08:47:53,0.01108,1.108e-05,78089216195.72252
1978-01-08T09:01:23,0.01007,1.0070000000000002e-05,70970975369.21713
1978-01-08T09:14:54,0.01009,1.009e-05,71111930633.1083
1978-01-08T09:28:24,0.01023,1.023e-05,72098617480.34668
1978-01-08T09:36:23,0.01005,1.005e-05,70830020105.32593
1978-01-08T10:29:11,0.00914,9.14e-06,64416555598.27651
1978-01-08T10:41:03,0.01954,1.954e-05,137713292821.69833
1978-01-08T10:42:05,0.01043,1.043e-05,73508170119.25864
1978-01-08T10:44:12,0.0092,9.2e-06,64839421389.950096
1978-01-08T11:01:44,0.00941,9.41e-06,66319451660.80765
1978-01-08T11:17:23,0.00999,9.99e-06,70407154313.65234
1978-01-08T11:28:44,0.00988,9.88e-06,69631900362.25075
1978-01-08T11:42:46,0.0094,9.4e-06,66248974028.86205
1978-01-08T11:44:22,0.00741,7.41e-06,52223925271.68807
1978-01-08T11:56:59,0.01105,1.105e-05,77877783299.88571
1978-01-08T11:58:50,0.016,1.6e-05,112764211112.95668
1978-01-08T11:58:50,0.01235,1.235e-05,87039875452.81343
1978-01-08T11:58:50,0.01813,1.813e-05,127775946717.36906
1978-01-08T13:10:40,0.01,1e-05,70477631945.59793
1978-01-08T13:21:06,0.01432,1.432e-05,100923968946.09622
1978-01-08T13:21:43,0.01746,1.746e-05,123053945377.01398
1978-01-08T13:22:19,0.02491,2.4910000000000004e-05,175559781176.48447
1978-01-08T13:22:42,0.02029,2.029e-05,142999115217.6182
1978-01-08T13:23:13,0.03173,3.173e-05,223625526163.38223
1978-01-08T13:23:17,0.01065,1.065e-05,75058678022.0618
1978-01-08T13:23:33,0.04211,4.211e-05,296781308122.9129
1978-01-08T13:38:31,0.01007,1.0070000000000002e-05,70970975369.21713
1978-01-08T13:43:59,0.01113,1.113e-05,78441604355.45049
1978-01-08T13:51:52,0.01007,1.0070000000000002e-05,70970975369.21713
1978-01-08T14:01:00,0.00986,9.86e-06,69490945098.35956
1978-01-08T14:33:50,0.01124,1.124e-05,79216858306.85208
1978-01-08T14:37:53,0.01233,1.233e-05,86898920188.92226
1978-01-08T14:46:47,0.01162,1.162e-05,81895008320.7848
1978-01-08T14:59:57,0.01349,1.349e-05,95074325494.6116
1978-01-08T15:10:32,0.01552,1.552e-05,109381284779.568
1978-01-08T15:47:13,0.04571,4.571e-05,322153255623.3281
1978-01-08T15:50:59,0.06013,6.013e-05,423782000888.8803
1978-01-08T15:53:58,0.06834,6.834e-05,481644136716.21625
1978-01-08T16:11:47,0.07732,7.732e-05,544933050203.3632
1978-01-08T16:13:00,0.11506,0.00011506,810915633166.0498
1978-01-08T16:13:00,0.09698,9.698e-05,683492074608.4087
1978-01-08T16:13:48,0.26026,0.00026026,1834250849016.132
1978-01-08T16:14:14,0.33856,0.00033856,2386090707150.164
1978-01-08T16:14:14,0.18335,0.00018335,1292207381722.538
1978-01-08T16:14:51,0.21957,0.00021957,1547477364629.4934
1978-01-08T16:15:06,0.14578,0.00014578,1027422918502.9266
1978-01-08T16:43:05,0.08019,8.019e-05,565160130571.7498
1978-01-08T16:43:53,0.06209,6.209e-05,437595616750.2175
1978-01-08T16:45:33,0.1015,0.0001015,715347964247.8191
1978-01-08T16:51:41,0.07782,7.782e-05,548456931800.6431
1978-01-08T16:51:41,0.06669,6.669e-05,470015327445.1926
1978-01-08T16:55:48,0.0517,5.17e-05,364369357158.7413
1978-01-08T17:09:58,0.05219,5.219e-05,367822761124.0756
1978-01-08T17:16:04,0.0659,6.59e-05,464447594521.4904
1978-01-08T17:26:55,0.0523,5.23e-05,368598015075.4771
1978-01-08T17:30:59,0.04586,4.586e-05,323210420102.5121
1978-01-08T17:38:26,0.06971,6.971e-05,491299572292.7631
1978-01-08T17:39:34,0.09359,9.359e-05,659600157378.851
1978-01-08T17:48:22,0.07308,7.308000000000001e-05,515050534258.42975
1978-01-08T17:54:31,0.06073,6.073e-05,428010658805.6162
1978-01-08T18:09:08,0.04134,4.134e-05,291354530463.10187
1978-01-08T18:17:14,0.03749,3.749e-05,264220642164.04663
1978-01-08T18:22:48,0.02003,2.003e-05,141166696787.03265
1978-01-08T18:22:51,0.04271,4.271e-05,301009966039.64874
1978-01-08T18:24:14,0.02436,2.436e-05,171683511419.47656
1978-01-08T18:25:59,0.03075,3.075e-05,216718718232.71365
1978-01-08T18:34:57,0.03643,3.643e-05,256750013177.81323
1978-01-08T18:35:27,0.04568,4.568e-05,321941822727.4913
1978-01-08T18:44:55,0.02826,2.826e-05,199169787878.25974
1978-01-08T18:48:49,0.02313,2.313e-05,163014762690.168
1978-01-08T18:58:56,0.03035,3.035e-05,213899612954.8897
1978-01-08T19:00:29,0.0235,2.35e-05,165622435072.15515
1978-01-08T19:03:04,0.01924,1.924e-05,135598963863.33044
1978-01-08T19:03:04,0.03904,3.904e-05,275144675115.6143
1978-01-08T19:03:53,0.01151,1.151e-05,81119754369.38322
1978-01-08T19:05:12,0.01458,1.458e-05,102756387376.68178
1978-01-08T19:05:32,0.04827,4.827e-05,340195529401.40125
1978-01-08T19:06:23,0.00999,9.99e-06,70407154313.65234
1978-01-08T19:07:59,0.06068,6.068e-05,427658270645.8882
1978-01-08T19:09:13,0.07438,7.438e-05,524212626411.3574
1978-01-08T19:37:27,0.10369,0.00010369,730782565643.9049
1978-01-08T19:47:17,0.14569,0.00014569,1026788619815.416
1978-01-08T19:49:00,0.12894,0.00012894,908738586306.5396
1978-01-08T19:49:44,0.19529,0.00019529,1376357674265.582
1978-01-08T19:49:44,0.16354,0.00016354,1152591192838.3086
1978-01-08T19:50:00,0.25157,0.00025157,1773005786855.4072
1978-01-08T19:51:03,0.10306,0.00010306,726342474831.3323
1978-01-08T19:52:22,0.07362,7.362e-05,518856326383.492
1978-01-08T19:58:20,0.05959,5.959e-05,419976208763.81805
1978-01-08T19:58:57,0.09777,9.777e-05,689059807532.1108
1978-01-08T20:03:51,0.04586,4.586e-05,323210420102.5121
1978-01-08T20:06:19,0.03772,3.772e-05,265841627698.79532
1978-01-08T20:11:19,0.03117,3.117e-05,219678778774.42877
1978-01-08T20:16:37,0.02573,2.573e-05,181338946996.02344
1978-01-08T20:25:11,0.02097,2.097e-05,147791594189.91888
1978-01-08T20:33:02,0.01802,1.802e-05,127000692765.96748
1978-01-08T20:35:10,0.04738,4.738e-05,333923020158.2429
1978-01-08T20:37:46,0.02895,2.895e-05,204032744482.506
1978-01-08T20:38:26,0.06238,6.238e-05,439639468076.63983
1978-01-08T20:38:31,0.03766,3.766e-05,265418761907.12183
1978-01-08T20:38:51,0.0505,5.05e-05,355912041325.26953
1978-01-08T20:38:51,0.17249,0.00017249,1215668673429.619
1978-01-08T20:38:51,0.13807,0.00013807,973084664272.8706
1978-01-08T20:39:18,0.08144,8.144e-05,573969834564.9495
1978-01-08T20:39:20,0.1179,0.0001179,830931280638.5996
1978-01-08T20:39:28,0.10142,0.00010142,714784143192.2542
1978-01-08T20:40:10,0.02262,2.262e-05,159420403460.94254
1978-01-08T20:40:21,0.233,0.000233,1642128824332.432
1978-01-08T20:44:12,0.01398,1.398e-05,98527729459.9459
1978-01-08T21:25:15,0.01286,1.286e-05,90634234682.03894
1978-01-08T21:28:25,0.01182,1.182e-05,83304560959.69676
1978-01-09T09:53:10,0.04006,4.006e-05,282333393574.0653
1978-01-09T09:53:10,0.03312,3.3119999999999995e-05,233421917003.8203
1978-01-09T09:53:23,0.01573,1.573e-05,110861315050.42557
1978-01-09T09:53:47,0.02739,2.739e-05,193038233898.9927
1978-01-09T09:53:47,0.02288,2.288e-05,161252821891.52805
1978-01-09T09:53:47,0.01911,1.911e-05,134682754648.03764
1978-01-09T09:54:08,0.0126,1.26e-05,88801816251.45338
1978-01-09T09:55:45,0.00958,9.58e-06,67517571403.88282
1978-01-09T10:05:33,0.01123,1.123e-05,79146380674.90648
1978-01-09T10:08:27,0.02835,2.835e-05,199804086565.7701
1978-01-09T10:08:27,0.02283,2.283e-05,160900433731.80005
1978-01-09T10:08:27,0.01924,1.924e-05,135598963863.33044
1978-01-09T10:08:27,0.01593,1.593e-05,112270867689.33752
1978-01-09T10:09:40,0.0133,1.33e-05,93735250487.64523
1978-01-09T10:13:11,0.00969,9.69e-06,68292825355.28439
1978-01-09T10:18:56,0.01109,1.109e-05,78159693827.6681
1978-01-09T10:25:53,0.01551,1.551e-05,109310807147.62238
1978-01-09T10:26:05,0.03294,3.294e-05,232153319628.7996
1978-01-09T10:26:10,0.06692,6.691999999999999e-05,471636312979.9413
1978-01-09T10:26:10,0.0541,5.41e-05,381283988825.6848
1978-01-09T10:26:18,0.02817,2.817e-05,198535489190.74936
1978-01-09T10:26:23,0.02185,2.1850000000000003e-05,153993625801.13147
1978-01-09T10:26:24,0.00986,9.86e-06,69490945098.35956
1978-01-09T10:26:31,0.04395,4.395e-05,309749192400.9029
1978-01-09T10:28:11,0.01158,1.158e-05,81613097793.00241
1978-01-09T11:12:00,0.02005,2.005e-05,141307652050.92383
1978-01-09T11:14:27,0.02953,2.953e-05,208120447135.35068
1978-01-09T11:14:27,0.02341,2.341e-05,164988136384.64478
1978-01-09T11:14:27,0.08143,8.143e-05,573899356933.0039
1978-01-09T11:14:27,0.06802,6.802e-05,479388852493.9571
1978-01-09T11:14:27,0.05682,5.682e-05,400453904714.8874
1978-01-09T11:14:27,0.04692,4.6920000000000005e-05,330681049088.7455
1978-01-09T11:14:27,0.03971,3.971e-05,279866676455.9694
1978-01-09T11:15:23,0.10436,0.00010436,735504566984.26
1978-01-09T11:31:04,0.01095,1.095e-05,77173006980.42973
1978-01-09T11:32:03,0.01865,1.865e-05,131440783578.54012
1978-01-09T11:32:31,0.02726,2.726e-05,192122024683.69995
1978-01-09T11:32:47,0.02158,2.158e-05,152090729738.60034
1978-01-09T11:33:03,0.0424,4.24e-05,298825159449.3352
1978-01-09T11:34:00,0.07504,7.504e-05,528864150119.7669
1978-01-09T11:34:17,0.05888,5.8880000000000005e-05,414972296895.6807
1978-01-09T11:41:21,0.01078,1.078e-05,75974887237.35457
1978-01-09T11:45:37,0.03185,3.185e-05,224471257746.72943
1978-01-09T11:47:27,0.0411,4.11e-05,289663067296.4075
1978-01-09T11:47:27,0.01288,1.288e-05,90775189945.93011
1978-01-09T13:53:42,0.0218,2.18e-05,153641237641.40347
1978-01-09T16:14:40,0.03635,3.635e-05,256186192122.24847
1978-01-09T16:14:52,0.04448,4.448e-05,313484506894.0196
1978-01-09T16:17:26,0.02719,2.719e-05,191628681260.08075
1978-01-09T16:17:34,0.02192,2.192e-05,154486969224.75067
1978-01-09T16:18:11,0.01808,1.808e-05,127423558557.64104
1978-01-09T16:18:33,0.01468,1.468e-05,103461163696.13776
1978-01-09T16:20:01,0.01347,1.347e-05,94933370230.7204
1978-01-09T17:44:34,0.04514,4.514e-05,318136030602.4291
1978-01-09T17:44:58,0.08334,8.334e-05,587360584634.6132
1978-01-09T17:44:58,0.06933,6.933e-05,488621422278.8304
1978-01-09T17:45:03,0.03543,3.5430000000000005e-05,249702249983.2535
1978-01-09T17:45:05,0.05879,5.8790000000000005e-05,414337998208.1703
1978-01-09T17:45:29,0.02307,2.307e-05,162591896898.49442
1978-01-09T17:46:11,0.0287,2.87e-05,202270803683.8661
1978-01-09T17:54:08,0.01084,1.084e-05,76397753029.02817
1978-01-09T18:07:35,0.01092,1.092e-05,76961574084.59293
1978-01-09T18:21:01,0.01182,1.182e-05,83304560959.69676
1978-01-09T18:32:26,0.01191,1.191e-05,83938859647.20714
1978-01-09T18:47:55,0.01174,1.174e-05,82740739904.13197
1978-01-09T19:01:21,0.01058,1.058e-05,74565334598.44261
1978-01-09T19:14:48,0.01047,1.047e-05,73790080647.04103
1978-01-09T19:28:46,0.00994,9.94e-06,70054766153.92433
1978-01-09T19:41:41,0.01029,1.029e-05,72521483272.02028
1978-01-09T19:55:08,0.00999,9.99e-06,70407154313.65234
1978-01-09T20:08:35,0.00982,9.82e-06,69209034570.57716
1978-01-09T20:19:35,0.01026,1.026e-05,72310050376.18349
1978-01-09T20:48:21,0.02112,2.112e-05,148848758669.10284
1978-01-09T20:55:38,0.01541,1.541e-05,108606030828.1664
1978-01-09T20:56:04,0.01861,1.8610000000000003e-05,131158873050.75777
1978-01-09T20:56:51,0.01184,1.184e-05,83445516223.58794
1978-01-09T20:57:28,0.022,2.2e-05,155050790280.31546
1978-01-09T21:01:28,0.00997,9.97e-06,70266199049.76112
1978-01-09T21:15:48,0.01064,1.064e-05,74988200390.1162
1978-01-09T21:29:15,0.01047,1.047e-05,73790080647.04103
1978-01-09T21:43:29,0.01011,1.011e-05,71252885896.99951
1978-01-09T21:48:12,0.01137,1.137e-05,80133067522.14484
1978-01-09T22:01:02,0.0093,9.3e-06,65544197709.40607
1978-01-09T22:08:22,0.00861,8.61e-06,60681241105.15982
1978-01-09T22:21:48,0.00932,9.32e-06,65685152973.29728
1978-01-09T22:34:38,0.00932,9.32e-06,65685152973.29728
1978-01-09T22:54:48,0.01054,1.054e-05,74283424070.66022
1978-01-10T13:50:38,0.00733,7.33e-06,51660104216.12328
1978-01-10T13:50:38,0.00868,8.68e-06,61174584528.779
1978-01-10T13:55:25,0.00991,9.91e-06,69843333258.08755
1978-01-10T16:24:48,0.0078,7.8e-06,54972552917.56638
1978-01-10T16:41:23,0.00784,7.84e-06,55254463445.34877
1978-01-10T16:59:50,0.00985,9.85e-06,69420467466.41396
1978-01-10T19:36:35,0.0144,1.44e-05,101487790001.66104
1978-01-10T20:10:23,0.00854,8.540000000000001e-06,60187897681.54064
1978-01-10T20:10:23,0.0102,1.02e-05,71887184584.50989
1978-01-10T20:11:37,0.01443,1.443e-05,101699222897.49782
1978-01-10T20:12:51,0.01207,1.207e-05,85066501758.3367
1978-01-10T20:37:26,0.0066,6.6e-06,46515237084.09464
1978-01-11T01:23:05,0.01054,1.054e-05,74283424070.66022
1978-01-11T01:29:26,0.01574,1.5740000000000002e-05,110931792682.37115
1978-01-11T01:29:26,0.01319,1.319e-05,92959996536.24368
1978-01-11T01:30:03,0.01867,1.867e-05,131581738842.43132
1978-01-11T01:30:20,0.02449,2.449e-05,172599720634.76932
1978-01-11T01:30:40,0.03161,3.161e-05,222779794580.03503
1978-01-11T01:36:13,0.01039,1.039e-05,73226259591.47624
1978-01-11T01:49:46,0.01009,1.009e-05,71111930633.1083
1978-01-11T02:03:18,0.00938,9.38e-06,66108018764.970856
1978-01-11T02:04:32,0.08536,8.536000000000001e-05,601597066287.624
1978-01-11T02:04:47,0.06924,6.924e-05,487987123591.32
1978-01-11T02:06:28,0.05606,5.606e-05,395097604687.022
1978-01-11T02:08:14,0.0508,5.08e-05,358026370283.6375
1978-01-11T02:16:51,0.00871,8.710000000000001e-06,61386017424.6158
1978-01-11T02:30:24,0.00941,9.41e-06,66319451660.80765
1978-01-11T02:43:05,0.00946,9.46e-06,66671839820.53564
1978-01-11T02:57:29,0.01029,1.029e-05,72521483272.02028
1978-01-11T03:10:34,0.01153,1.153e-05,81260709633.2744
1978-01-11T03:24:35,0.01337,1.337e-05,94228593911.26443
1978-01-11T03:38:08,0.01274,1.274e-05,89788503098.69177
1978-01-11T03:51:40,0.01133,1.133e-05,79851156994.36244
1978-01-11T04:05:13,0.01041,1.041e-05,73367214855.36745
1978-01-11T04:21:38,0.00987,9.87e-06,69561422730.30516
1978-01-11T04:34:46,0.00981,9.81e-06,69138556938.63156
1978-01-11T04:49:28,0.01087,1.087e-05,76609185924.86494
1978-01-11T04:52:52,0.01513,1.513e-05,106632657133.68968
1978-01-11T04:53:15,0.02746,2.746e-05,193531577322.6119
1978-01-11T04:53:15,0.02186,2.186e-05,154064103433.07706
1978-01-11T04:53:15,0.01936,1.936e-05,136444695446.67758
1978-01-11T04:54:04,0.01164,1.164e-05,82035963584.67598
1978-01-11T05:04:03,0.00984,9.84e-06,69349989834.46837
1978-01-11T05:16:38,0.00989,9.89e-06,69702377994.19635
1978-01-11T05:29:06,0.00962,9.62e-06,67799481931.665215
1978-01-11T05:37:34,0.00835,8.35e-06,58848822674.574265
1978-01-11T05:51:07,0.00837,8.370000000000001e-06,58989777938.46548
1978-01-11T06:01:37,0.00819,8.19e-06,57721180563.444695
1978-01-11T06:10:12,0.00904,9.04e-06,63711779278.820526
1978-01-11T06:11:24,0.00972,9.72e-06,68504258251.12119
1978-01-11T06:17:55,0.00892,8.920000000000001e-06,62866047695.47336
1978-01-11T06:27:41,0.00854,8.540000000000001e-06,60187897681.54064
1978-01-11T09:16:46,0.0084,8.4e-06,59201210834.30225
1978-01-11T09:21:20,0.04632,4.632e-05,326452391172.00964
1978-01-11T09:22:39,0.0228,2.28e-05,160689000835.9633
1978-01-11T09:22:55,0.03243,3.243e-05,228558960399.57407
1978-01-11T09:23:32,0.01633,1.633e-05,115089972967.16142
1978-01-11T09:29:34,0.00841,8.41e-06,59271688466.24786
1978-01-11T09:38:19,0.00843,8.43e-06,59412643730.13906
1978-01-11T10:44:12,0.00792,7.92e-06,55818284500.91357
1978-01-11T10:51:03,0.01417,1.417e-05,99866804466.91226
1978-01-11T10:51:35,0.01824,1.824e-05,128551200668.7706
1978-01-11T10:51:58,0.01009,1.009e-05,71111930633.1083
1978-01-11T10:57:45,0.0085,8.500000000000002e-06,59905987153.758255
1978-01-11T11:07:52,0.00854,8.540000000000001e-06,60187897681.54064
1978-01-11T11:15:27,0.00548,5.48e-06,38621742306.18767
1978-01-11T11:17:38,0.00606,6.06e-06,42709444959.03235
1978-01-11T13:06:35,0.00917,9.17e-06,64627988494.1133
1978-01-11T13:19:10,0.00936,9.36e-06,65967063501.07967
1978-01-11T13:32:23,0.00976,9.76e-06,68786168778.90358
1978-01-11T13:46:27,0.00927,9.27e-06,65332764813.56929
1978-01-11T13:58:50,0.00914,9.14e-06,64416555598.27651
1978-01-11T14:13:32,0.00821,8.210000000000001e-06,57862135827.33591
1978-01-11T14:25:42,0.0081,8.1e-06,57086881875.934326
1978-01-11T14:40:38,0.00806,8.059999999999999e-06,56804971348.15192
1978-01-11T14:54:11,0.00797,7.97e-06,56170672660.64155
1978-01-11T15:07:43,0.00768,7.680000000000001e-06,54126821334.219215
1978-01-11T15:21:16,0.00768,7.680000000000001e-06,54126821334.219215
1978-01-11T15:34:49,0.00763,7.63e-06,53774433174.49122
1978-01-11T15:48:22,0.00708,7.080000000000001e-06,49898163417.48334
1978-01-11T16:01:54,0.00764,7.64e-06,53844910806.43681
1978-01-11T16:15:27,0.00731,7.309999999999999e-06,51519148952.23208
1978-01-12T12:41:49,0.00569,5.69e-06,40101772577.04522
1978-01-12T13:14:35,0.0055,5.5e-06,38762697570.07887
1978-01-12T20:38:01,0.00667,6.67e-06,47008580507.71381
1978-01-12T21:00:46,0.00673,6.73e-06,47431446299.387405
1978-01-12T21:11:12,0.00644,6.44e-06,45387594972.965065
1978-01-12T21:54:50,0.00637,6.37e-06,44894251549.34589
1978-01-12T22:08:21,0.00633,6.33e-06,44612341021.563484
1978-01-12T22:18:48,0.00616,6.16e-06,43414221278.48832
1978-01-12T22:34:09,0.00717,7.17e-06,50532462104.99371
1978-01-12T23:04:53,0.00577,5.77e-06,40665593632.61
1978-01-12T23:19:48,0.0061,6.100000000000001e-06,42991355486.81474
1978-01-12T23:35:47,0.00708,7.080000000000001e-06,49898163417.48334
1978-01-12T23:41:55,0.00865,8.65e-06,60963151632.942215
1978-01-12T23:47:53,0.01098,1.098e-05,77384439876.26653
1978-01-13T00:06:21,0.01302,1.302e-05,91761876793.1685
1978-01-13T00:19:03,0.01222,1.222e-05,86123666237.52068
1978-01-13T00:23:00,0.01124,1.124e-05,79216858306.85208
1978-01-13T00:29:35,0.00791,7.91e-06,55747806868.96797
1978-01-13T00:39:53,0.00707,7.07e-06,49827685785.537735
1978-01-13T00:41:18,0.00617,6.17e-06,43484698910.43393
1978-01-13T00:55:49,0.00641,6.41e-06,45176162077.12827
1978-01-13T01:09:40,0.00685,6.8500000000000005e-06,48277177882.73458
1978-01-13T01:19:07,0.00748,7.479999999999999e-06,52717268695.30724
1978-01-13T01:35:39,0.00694,6.9400000000000005e-06,48911476570.24497
1978-01-13T01:53:25,0.00696,6.96e-06,49052431834.13616
1978-01-13T02:18:04,0.01076,1.076e-05,75833931973.46338
1978-01-13T02:18:17,0.00938,9.38e-06,66108018764.970856
1978-01-13T02:20:08,0.00506,5.060000000000001e-06,35661681764.47256
1978-01-13T02:21:00,0.00805,8.050000000000001e-06,56734493716.20634
1978-01-13T02:21:42,0.00657,6.570000000000001e-06,46303804188.25784
1978-01-13T02:36:19,0.00669,6.69e-06,47149535771.60501
1978-01-13T02:49:48,0.00707,7.07e-06,49827685785.537735
1978-01-13T03:03:17,0.00789,7.889999999999999e-06,55606851605.07676
1978-01-13T03:20:32,0.01228,1.228e-05,86546532029.19424
1978-01-13T03:20:35,0.00989,9.89e-06,69702377994.19635
1978-01-13T03:29:17,0.0108,1.0800000000000002e-05,76115842501.24579
1978-01-13T03:43:53,0.01049,1.049e-05,73931035910.93222
1978-01-13T03:46:50,0.01175,1.175e-05,82811217536.07758
1978-01-13T03:53:24,0.01031,1.031e-05,72662438535.91145
1978-01-13T04:00:28,0.0092,9.2e-06,64839421389.950096
1978-01-13T04:11:55,0.00889,8.890000000000001e-06,62654614799.636566
1978-01-13T04:25:24,0.00841,8.41e-06,59271688466.24786
1978-01-13T04:38:52,0.00812,8.12e-06,57227837139.82552
1978-01-13T04:52:21,0.00812,8.12e-06,57227837139.82552
1978-01-13T05:05:50,0.00788,7.88e-06,55536373973.13117
1978-01-13T05:19:40,0.00742,7.420000000000001e-06,52294402903.63367
1978-01-13T05:33:39,0.00682,6.82e-06,48065744986.89779
1978-01-13T05:45:38,0.00673,6.73e-06,47431446299.387405
1978-01-13T05:52:24,0.00998,9.98e-06,70336676681.70673
1978-01-13T05:58:32,0.00885,8.85e-06,62372704271.85417
1978-01-13T06:06:01,0.00968,9.68e-06,68222347723.33879
1978-01-13T06:17:32,0.0091,9.1e-06,64134645070.494125
1978-01-13T06:28:34,0.00762,7.62e-06,53703955542.545616
1978-01-13T06:41:26,0.0067,6.7e-06,47220013403.55061
1978-01-13T06:54:55,0.00652,6.52e-06,45951416028.529854
1978-01-13T07:08:23,0.00587,5.8700000000000005e-06,41370369952.06599
1978-01-13T07:21:52,0.00571,5.71e-06,40242727840.93641
1978-01-13T07:41:53,0.00482,4.82e-06,33970218597.7782
1978-01-13T07:57:25,0.00486,4.86e-06,34252129125.560596
1978-01-13T08:10:54,0.00513,5.13e-06,36155025188.09174
1978-01-13T08:24:23,0.00536,5.36e-06,37776010722.84049
1978-01-13T08:38:22,0.00549,5.49e-06,38692219938.13326
1978-01-13T08:48:26,0.00658,6.58e-06,46374281820.20344
1978-01-13T08:58:41,0.00821,8.210000000000001e-06,57862135827.33591
1978-01-13T09:12:10,0.00775,7.75e-06,54620164757.8384
1978-01-13T09:25:39,0.00802,8.02e-06,56523060820.36954
1978-01-13T09:41:35,0.00808,8.08e-06,56945926612.04314
1978-01-13T09:55:04,0.00755,7.55e-06,53210612118.926445
1978-01-13T10:03:39,0.00736,7.360000000000001e-06,51871537111.96008
1978-01-13T10:28:00,0.00737,7.37e-06,51942014743.90567
1978-01-13T10:42:52,0.00738,7.38e-06,52012492375.85127
1978-01-13T10:56:21,0.00761,7.61e-06,53633477910.60003
1978-01-13T11:09:49,0.00713,7.13e-06,50250551577.21133
1978-01-13T11:23:18,0.00653,6.53e-06,46021893660.47545
1978-01-13T11:36:47,0.00644,6.44e-06,45387594972.965065
1978-01-13T11:50:16,0.00652,6.52e-06,45951416028.529854
1978-01-13T12:03:45,0.00612,6.12e-06,43132310750.70593
1978-01-13T12:17:14,0.00607,6.07e-06,42779922590.97795
1978-01-13T12:30:43,0.00566,5.66e-06,39890339681.20843
1978-01-13T12:44:11,0.00513,5.13e-06,36155025188.09174
1978-01-13T12:54:37,0.00479,4.79e-06,33758785701.94141
1978-01-13T13:12:23,0.00458,4.58e-06,32278755431.08385
1978-01-13T13:25:52,0.00452,4.52e-06,31855889639.410263
1978-01-13T13:39:20,0.00438,4.38e-06,30869202792.17189
1978-01-13T13:49:09,0.00402,4.0200000000000005e-06,28332008042.13037
1978-01-13T14:14:47,0.01464,1.464e-05,103179253168.35536
1978-01-13T14:33:16,0.00432,4.32e-06,30446337000.498302
1978-01-13T14:42:22,0.00417,4.17e-06,29389172521.31434
1978-01-13T14:49:12,0.01296,1.296e-05,91339011001.49492
1978-01-13T14:50:42,0.01024,1.024e-05,72169095112.29228
1978-01-13T14:50:44,0.00794,7.939999999999999e-06,55959239764.80474
1978-01-13T14:51:14,0.00612,6.12e-06,43132310750.70593
1978-01-13T14:51:18,0.01457,1.457e-05,102685909744.73618
1978-01-13T14:55:09,0.00526,5.26e-06,37071234403.38451
1978-01-13T15:02:04,0.00505,5.05e-06,35591204132.526955
1978-01-13T16:16:13,0.0056,5.6e-06,39467473889.53484
1978-01-13T16:19:43,0.00663,6.63e-06,46726669979.93143
1978-01-13T16:27:02,0.00515,5.15e-06,36295980451.98293
1978-01-13T16:30:55,0.00861,8.61e-06,60681241105.15982
1978-01-13T16:31:13,0.00652,6.52e-06,45951416028.529854
1978-01-13T16:37:30,0.00519,5.19e-06,36577890979.76533
1978-01-13T16:43:59,0.00486,4.86e-06,34252129125.560596
1978-01-13T19:29:51,0.00614,6.14e-06,43273266014.59712
1978-01-13T19:42:43,0.00674,6.740000000000001e-06,47501923931.333015
1978-01-13T19:51:55,0.00782,7.820000000000001e-06,55113508181.4576
1978-01-13T19:53:03,0.00919,9.19e-06,64768943758.00449
1978-01-13T20:05:31,0.01102,1.102e-05,77666350404.04892
1978-01-13T20:08:57,0.01911,1.911e-05,134682754648.03764
1978-01-13T20:09:04,0.01447,1.447e-05,101981133425.2802
1978-01-13T20:09:14,0.02545,2.545e-05,179365573301.54675
1978-01-13T20:12:45,0.01175,1.175e-05,82811217536.07758
1978-01-13T20:15:19,0.0089,8.9e-06,62725092431.58215
1978-01-13T20:31:08,0.00779,7.79e-06,54902075285.62078
1978-01-13T20:37:15,0.00628,6.28e-06,44259952861.835495
1978-01-13T20:44:22,0.00583,5.83e-06,41088459424.28359
1978-01-13T20:56:47,0.00579,5.7900000000000005e-06,40806548896.501205
1978-01-13T21:05:26,0.00658,6.58e-06,46374281820.20344
1978-01-13T21:06:56,0.00405,4.05e-06,28543440937.967163
1978-01-13T21:07:43,0.00523,5.230000000000001e-06,36859801507.54772
1978-01-13T21:12:48,0.00382,3.82e-06,26922455403.218407
1978-01-13T21:23:39,0.00658,6.58e-06,46374281820.20344
1978-01-13T21:31:11,0.00546,5.459999999999999e-06,38480787042.29646
1978-01-13T21:34:15,0.00507,5.07e-06,35732159396.418144
1978-01-14T02:51:21,0.00521,5.21e-06,36718846243.65652
1978-01-14T02:53:48,0.00753,7.530000000000001e-06,53069656855.03524
1978-01-14T02:55:53,0.00927,9.27e-06,65332764813.56929
1978-01-14T02:57:34,0.01626,1.626e-05,114596629543.54224
1978-01-14T02:57:34,0.00633,6.33e-06,44612341021.563484
1978-01-14T02:59:13,0.01076,1.076e-05,75833931973.46338
1978-01-14T05:31:45,0.00477,4.77e-06,33617830438.050213
1978-01-14T05:46:27,0.00398,3.98e-06,28050097514.347977
1978-01-14T06:04:50,0.00412,4.12e-06,29036784361.586346
1978-01-14T06:32:21,0.0048,4.8e-06,33829263333.887005
1978-01-14T06:45:50,0.00486,4.86e-06,34252129125.560596
1978-01-14T06:58:41,0.00539,5.39e-06,37987443618.67728
1978-01-14T07:20:07,0.00529,5.29e-06,37282667299.221306
1978-01-14T07:33:35,0.00497,4.97e-06,35027383076.962166
1978-01-14T07:47:03,0.00488,4.88e-06,34393084389.45179
1978-01-14T08:00:09,0.00447,4.47e-06,31503501479.68228
1978-01-14T08:11:57,0.00459,4.59e-06,32349233063.02945
1978-01-14T08:27:27,0.00506,5.060000000000001e-06,35661681764.47256
1978-01-14T08:38:28,0.00492,4.92e-06,34674994917.234184
1978-01-14T08:54:23,0.00441,4.41e-06,31080635688.00869
1978-01-14T09:09:36,0.00437,4.37e-06,30798725160.22629
1978-01-14T09:21:19,0.00446,4.4600000000000005e-06,31433023847.73668
1978-01-14T09:36:50,0.00468,4.68e-06,32983531750.539837
1978-01-14T09:48:16,0.00512,5.12e-06,36084547556.14614
1978-01-14T10:01:44,0.00554,5.54e-06,39044608097.86126
1978-01-14T10:15:12,0.00559,5.590000000000001e-06,39396996257.58925
1978-01-14T10:28:40,0.00493,4.93e-06,34745472549.17978
1978-01-14T10:40:23,0.00501,5.01e-06,35309293604.74456
1978-01-14T10:56:16,0.00465,4.65e-06,32772098854.703037
1978-01-14T11:02:33,0.00528,5.28e-06,37212189667.27571
1978-01-14T11:04:31,0.00676,6.7600000000000005e-06,47642879195.224205
1978-01-14T11:05:48,0.00986,9.86e-06,69490945098.35956
1978-01-14T11:15:12,0.0125,1.25e-05,88097039931.99742
1978-01-14T11:21:15,0.01059,1.059e-05,74635812230.3882
1978-01-14T11:33:42,0.00821,8.210000000000001e-06,57862135827.33591
1978-01-14T11:44:35,0.00623,6.2300000000000005e-06,43907564702.10751
1978-01-14T11:55:05,0.00497,4.97e-06,35027383076.962166
1978-01-14T12:09:04,0.00543,5.43e-06,38269354146.45967
1978-01-14T12:22:10,0.00472,4.7200000000000005e-06,33265442278.322224
1978-01-14T12:36:00,0.00478,4.780000000000001e-06,33688308069.99581
1978-01-14T12:49:28,0.00406,4.06e-06,28613918569.91276
1978-01-14T13:01:43,0.00415,4.15e-06,29248217257.42314
1978-01-14T13:11:45,0.00477,4.77e-06,33617830438.050213
1978-01-14T13:20:42,0.01155,1.155e-05,81401664897.1656
1978-01-14T13:21:13,0.0099,9.900000000000002e-06,69772855626.14197
1978-01-14T13:22:32,0.00787,7.870000000000001e-06,55465896341.18558
1978-01-14T13:22:32,0.00655,6.550000000000001e-06,46162848924.366646
1978-01-14T13:25:25,0.00514,5.14e-06,36225502820.03733
1978-01-14T13:33:18,0.00509,5.09e-06,35873114660.30934
1978-01-14T13:44:34,0.00505,5.05e-06,35591204132.526955
1978-01-14T13:57:26,0.00538,5.38e-06,37916965986.73169
1978-01-14T14:09:53,0.0063,6.3e-06,44400908125.72669
1978-01-14T14:23:45,0.00669,6.69e-06,47149535771.60501
1978-01-14T14:37:13,0.00668,6.68e-06,47079058139.659424
1978-01-14T14:50:41,0.00579,5.7900000000000005e-06,40806548896.501205
1978-01-14T15:04:09,0.00527,5.27e-06,37141712035.33011
1978-01-14T15:17:38,0.00483,4.83e-06,34040696229.7238
1978-01-14T15:31:06,0.00456,4.56e-06,32137800167.19265
1978-01-14T15:44:34,0.00465,4.65e-06,32772098854.703037
1978-01-14T15:58:51,0.00463,4.63e-06,32631143590.81184
1978-01-14T16:13:20,0.00453,4.530000000000001e-06,31926367271.35587
1978-01-14T16:18:17,0.00378,3.78e-06,26640544875.436016
1978-01-14T17:14:33,0.01852,1.852e-05,130524574363.24736
1978-01-14T17:14:54,0.01565,1.565e-05,110297493994.86078
1978-01-14T17:15:22,0.01244,1.244e-05,87674174140.32382
1978-01-14T17:15:25,0.007,7e-06,49334342361.91855
1978-01-14T17:17:00,0.00595,5.950000000000001e-06,41934191007.630775
1978-01-14T17:19:33,0.00471,4.71e-06,33194964646.376625
1978-01-14T17:21:34,0.00422,4.22e-06,29741560681.042328
1978-01-14T17:35:59,0.00445,4.45e-06,31362546215.79108
1978-01-14T17:49:27,0.00424,4.24e-06,29882515944.93352
1978-01-14T17:56:16,0.03225,3.2250000000000005e-05,227290363024.5533
1978-01-14T17:57:28,0.04131,4.131e-05,291143097567.2651
1978-01-14T17:58:01,0.0528,5.28e-05,372121896672.7571
1978-01-14T17:59:15,0.06407,6.407e-05,451550187875.4459
1978-01-14T18:22:31,0.00419,4.1900000000000005e-06,29530127785.205536
1978-01-14T18:30:40,0.06149,6.149000000000001e-05,433366958833.4817
1978-01-14T18:35:06,0.08223,8.223e-05,579537567488.6517
1978-01-14T18:36:40,0.00446,4.4600000000000005e-06,31433023847.73668
1978-01-14T18:47:50,0.0054,5.400000000000001e-06,38057921250.622894
1978-01-14T19:01:42,0.00602,6.02e-06,42427534431.24995
1978-01-14T19:03:44,0.04115,4.115e-05,290015455456.13544
1978-01-14T19:04:38,0.03504,3.504e-05,246953622337.37515
1978-01-14T19:15:10,0.00688,6.88e-06,48488610778.57138
1978-01-14T19:28:38,0.00744,7.440000000000001e-06,52435358167.524864
1978-01-14T19:42:35,0.00775,7.75e-06,54620164757.8384
1978-01-14T19:55:34,0.00772,7.72e-06,54408731862.00161
1978-01-14T20:06:35,0.00699,6.99e-06,49263864729.97295
1978-01-14T20:12:06,0.04336,4.3360000000000005e-05,305591012116.1127
1978-01-14T20:12:56,0.0301,3.01e-05,212137672156.24976
1978-01-14T20:24:05,0.02964,2.964e-05,208895701086.7523
1978-01-14T20:28:37,0.00681,6.81e-06,47995267354.95219
1978-01-14T20:42:06,0.00701,7.01e-06,49404819993.86414
1978-01-14T20:55:34,0.00692,6.92e-06,48770521306.35377
1978-01-14T21:09:02,0.0064,6.4000000000000006e-06,45105684445.18268
1978-01-14T21:22:30,0.00575,5.75e-06,40524638368.71881
1978-01-14T21:34:08,0.02592,2.592e-05,182678022002.98984
1978-01-14T21:34:32,0.00504,5.04e-06,35520726500.58135
1978-01-14T21:35:30,0.0152,1.52e-05,107126000557.30884
1978-01-14T21:35:43,0.02008,2.008e-05,141519084946.76065
1978-01-14T21:41:09,0.01059,1.059e-05,74635812230.3882
1978-01-14T21:46:59,0.00497,4.97e-06,35027383076.962166
1978-01-14T22:06:35,0.00452,4.52e-06,31855889639.410263
1978-01-14T22:15:09,0.00445,4.45e-06,31362546215.79108
1978-01-14T22:46:43,0.04097,4.097e-05,288746858081.11475
1978-01-14T22:47:28,0.0293,2.93e-05,206499461600.60196
1978-01-14T22:48:12,0.02371,2.371e-05,167102465343.01266
1978-01-14T22:48:49,0.01979,1.979e-05,139475233620.3383
1978-01-14T22:53:06,0.00408,4.080000000000001e-06,28754873833.80396
1978-01-14T23:01:04,0.00401,4.01e-06,28261530410.18477
1978-01-15T12:34:14,0.00504,5.04e-06,35520726500.58135
1978-01-15T12:57:59,0.00531,5.31e-06,37423622563.112495
1978-01-15T13:21:17,0.0243,2.43e-05,171260645627.80295
1978-01-15T13:21:32,0.01289,1.289e-05,90845667577.87572
1978-01-15T13:21:39,0.02137,2.137e-05,150610699467.7428
1978-01-15T13:21:54,0.01675,1.675e-05,118050033508.87654
1978-01-15T13:21:57,0.00592,5.92e-06,41722758111.79397
1978-01-15T13:22:31,0.00784,7.84e-06,55254463445.34877
1978-01-15T14:34:56,0.00689,6.89e-06,48559088410.516975
1978-01-15T15:03:16,0.00574,5.74e-06,40454160736.77322
1978-01-15T15:22:59,0.00511,5.11e-06,36014069924.20054
1978-01-15T15:38:17,0.00487,4.87e-06,34322606757.50619
1978-01-15T15:50:04,0.0048,4.8e-06,33829263333.887005
1978-01-15T15:58:42,0.00485,4.85e-06,34181651493.614998
1978-01-15T16:33:03,0.00494,4.94e-06,34815950181.125374
1978-01-15T16:46:44,0.00486,4.86e-06,34252129125.560596
1978-01-15T16:59:40,0.00449,4.49e-06,31644456743.57347
1978-01-15T17:21:50,0.00488,4.88e-06,34393084389.45179
1978-01-15T17:37:14,0.00474,4.74e-06,33406397542.213417
1978-01-15T18:02:26,0.00412,4.12e-06,29036784361.586346
1978-01-15T18:48:40,0.00387,3.87e-06,27274843562.9464
1978-01-15T19:41:38,0.00391,3.910000000000001e-06,27556754090.7288
1978-01-15T20:08:44,0.00396,3.96e-06,27909142250.456783
1978-01-15T20:22:16,0.0041,4.1000000000000006e-06,28895829097.695152
1978-01-15T20:34:35,0.00416,4.16e-06,29318694889.36874
1978-01-15T20:47:44,0.02914,2.914e-05,205371819489.47235
1978-01-15T20:48:08,0.02548,2.548e-05,179577006197.38354
1978-01-15T20:48:19,0.03675,3.675e-05,259005297400.0724
1978-01-15T20:48:58,0.05037,5.037e-05,354995832109.97675
1978-01-15T20:49:05,0.01903,1.903e-05,134118933592.47284
1978-01-15T20:51:13,0.01493,1.493e-05,105223104494.77773
1978-01-15T20:51:25,0.01213,1.213e-05,85489367550.0103
1978-01-15T20:52:27,0.01034,1.034e-05,72873871431.74826
1978-01-15T20:52:39,0.00796,7.96e-06,56100195028.69595
1978-01-15T20:52:55,0.00586,5.86e-06,41299892320.12039
1978-01-15T20:53:57,0.00423,4.23e-06,29812038312.987923
1978-01-15T21:12:09,0.0036,3.6e-06,25371947500.415257
1978-01-15T21:58:00,0.01008,1.008e-05,71041453001.1627
1978-01-15T21:58:58,0.01478,1.478e-05,104165940015.59377
1978-01-15T21:58:58,0.01291,1.291e-05,90986622841.76692
1978-01-15T22:00:12,0.00563,5.63e-06,39678906785.37163
1978-01-15T22:00:17,0.00454,4.54e-06,31996844903.301456
1978-01-15T22:00:36,0.00702,7.0200000000000006e-06,49475297625.80975
1978-01-15T22:06:47,0.00408,4.080000000000001e-06,28754873833.80396
1978-01-15T22:32:50,0.00393,3.9300000000000005e-06,27697709354.61999
1978-01-15T23:01:54,0.00365,3.65e-06,25724335660.14325
1978-01-15T23:15:56,0.00363,3.63e-06,25583380396.252045
1978-01-15T23:29:29,0.00362,3.62e-06,25512902764.30645
1978-01-15T23:39:21,0.00407,4.07e-06,28684396201.85836
1978-01-15T23:43:02,0.00456,4.56e-06,32137800167.19265
1978-01-16T00:03:12,0.00426,4.26e-06,30023471208.824715
1978-01-16T00:13:26,0.00426,4.26e-06,30023471208.824715
1978-01-16T00:25:45,0.00412,4.12e-06,29036784361.586346
1978-01-16T00:28:13,0.00267,2.6700000000000003e-06,18817527729.47465
1978-01-16T01:39:39,0.00401,4.01e-06,28261530410.18477
1978-01-16T01:56:53,0.00389,3.89e-06,27415798826.837597
1978-01-16T02:07:21,0.0038,3.8e-06,26781500139.327213
1978-01-16T03:09:01,0.00724,7.24e-06,51025805528.6129
1978-01-16T03:20:37,0.00678,6.78e-06,47783834459.1154
1978-01-16T03:31:05,0.00536,5.36e-06,37776010722.84049
1978-01-16T03:45:15,0.00442,4.42e-06,31151113319.954285
1978-01-16T03:58:48,0.00401,4.01e-06,28261530410.18477
1978-01-16T04:06:11,0.00383,3.83e-06,26992933035.164005
1978-01-16T05:36:05,0.00354,3.5400000000000004e-06,24949081708.74167
1978-01-16T05:45:56,0.00354,3.5400000000000004e-06,24949081708.74167
1978-01-16T13:54:49,0.00314,3.14e-06,22129976430.917747
1978-01-16T14:13:17,0.0033,3.3e-06,23257618542.04732
1978-01-16T14:21:55,0.00335,3.35e-06,23610006701.775307
1978-01-16T14:41:00,0.00322,3.22e-06,22693797486.482533
1978-01-16T16:49:41,0.00447,4.47e-06,31503501479.68228
1978-01-16T19:05:46,0.00395,3.95e-06,27838664618.511185
1978-01-16T19:19:18,0.00383,3.83e-06,26992933035.164005
1978-01-16T19:37:10,0.00383,3.83e-06,26992933035.164005
1978-01-16T19:48:39,0.00381,3.81e-06,26851977771.272808
1978-01-16T20:04:15,0.00348,3.48e-06,24526215917.06808
1978-01-16T20:18:39,0.00343,3.43e-06,24173827757.340088
1978-01-16T20:27:07,0.00373,3.73e-06,26288156715.708027
1978-01-16T20:53:31,0.00481,4.8100000000000005e-06,33899740965.832607
1978-01-16T21:08:05,0.00394,3.94e-06,27768186986.565582
1978-01-16T21:17:32,0.00367,3.67e-06,25865290924.03444
1978-01-16T21:37:51,0.00402,4.0200000000000005e-06,28332008042.13037
1978-01-16T21:46:28,0.00381,3.81e-06,26851977771.272808
1978-01-16T22:22:11,0.0032,3.2000000000000003e-06,22552842222.59134
1978-01-16T22:35:43,0.00315,3.15e-06,22200454062.863342
1978-01-16T22:49:16,0.00318,3.18e-06,22411886958.70014
1978-01-16T23:02:49,0.00315,3.15e-06,22200454062.863342
1978-01-16T23:16:22,0.00322,3.22e-06,22693797486.482533
1978-01-16T23:26:13,0.00341,3.41e-06,24032872493.44889
1978-01-17T01:54:47,0.00528,5.28e-06,37212189667.27571
1978-01-17T03:13:03,0.00278,2.78e-06,19592781680.876225
1978-01-17T03:40:15,0.00301,3.01e-06,21213767215.624973
1978-01-17T03:53:45,0.00305,3.0500000000000004e-06,21495677743.40737
1978-01-17T04:07:14,0.00332,3.32e-06,23398573805.93851
1978-01-17T04:21:05,0.00339,3.39e-06,23891917229.557697
1978-01-17T04:34:13,0.00339,3.39e-06,23891917229.557697
1978-01-17T04:46:29,0.00322,3.22e-06,22693797486.482533
1978-01-17T05:17:09,0.00325,3.25e-06,22905230382.319324
1978-01-17T05:24:30,0.00316,3.16e-06,22270931694.80895
1978-01-17T05:45:21,0.003,3e-06,21143289583.67938
1978-01-17T05:56:24,0.00298,2.9800000000000003e-06,21002334319.788185
1978-01-17T08:25:40,0.00485,4.85e-06,34181651493.614998
1978-01-17T08:27:15,0.00627,6.27e-06,44189475229.88991
1978-01-17T08:41:58,0.00511,5.11e-06,36014069924.20054
1978-01-17T08:53:37,0.00538,5.38e-06,37916965986.73169
1978-01-17T10:30:30,0.00497,4.97e-06,35027383076.962166
1978-01-17T10:42:46,0.00694,6.9400000000000005e-06,48911476570.24497
1978-01-17T10:57:29,0.00493,4.93e-06,34745472549.17978
1978-01-17T11:05:21,0.00393,3.9300000000000005e-06,27697709354.61999
1978-01-17T11:14:24,0.06648,6.648e-05,468535297174.335
1978-01-17T11:15:53,0.04024,4.024e-05,283601990949.08606
1978-01-17T11:16:06,0.03243,3.243e-05,228558960399.57407
1978-01-17T11:16:18,0.05057,5.057e-05,356405384748.88873
1978-01-17T11:16:30,0.0037,3.7e-06,26076723819.871235
1978-01-17T11:17:07,0.02706,2.706e-05,190712472044.788
1978-01-17T11:17:07,0.02361,2.361e-05,166397689023.5567
1978-01-17T20:51:06,0.00695,6.95e-06,48981954202.19055
1978-01-17T21:19:19,0.00514,5.14e-06,36225502820.03733
1978-01-17T22:06:32,0.00347,3.47e-06,24455738285.122486
1978-01-17T22:21:03,0.00348,3.48e-06,24526215917.06808
1978-01-17T22:28:07,0.00803,8.030000000000001e-06,56593538452.31515
1978-01-17T22:28:51,0.00558,5.58e-06,39326518625.64365
1978-01-17T22:29:06,0.00648,6.48e-06,45669505500.74746
1978-01-17T22:29:13,0.01158,1.158e-05,81613097793.00241
1978-01-17T22:29:30,0.00433,4.33e-06,30516814632.4439
1978-01-17T22:33:31,0.00341,3.41e-06,24032872493.44889
1978-01-17T22:55:35,0.00331,3.31e-06,23328096173.99292
1978-01-17T23:03:34,0.00335,3.35e-06,23610006701.775307
1978-01-17T23:18:54,0.00411,4.11e-06,28966306729.640747
1978-01-17T23:29:07,0.00432,4.32e-06,30446337000.498302
1978-01-18T00:05:52,0.00479,4.79e-06,33758785701.94141
1978-01-18T00:26:40,0.00445,4.45e-06,31362546215.79108
1978-01-18T00:40:08,0.00434,4.34e-06,30587292264.3895
1978-01-18T00:53:36,0.00425,4.250000000000001e-06,29952993576.879128
1978-01-18T01:07:05,0.00426,4.26e-06,30023471208.824715
1978-01-18T01:20:33,0.00426,4.26e-06,30023471208.824715
1978-01-18T01:34:01,0.00442,4.42e-06,31151113319.954285
1978-01-18T01:46:52,0.00466,4.66e-06,32842576486.64864
1978-01-18T02:02:10,0.00481,4.8100000000000005e-06,33899740965.832607
1978-01-18T02:15:38,0.00475,4.75e-06,33476875174.15902
1978-01-18T02:29:06,0.0052,5.2e-06,36648368611.71092
1978-01-18T02:42:06,0.00641,6.41e-06,45176162077.12827
1978-01-18T02:49:58,0.00698,6.98e-06,49193387098.02736
1978-01-18T02:54:49,0.00642,6.42e-06,45246639709.07388
1978-01-18T03:05:50,0.00538,5.38e-06,37916965986.73169
1978-01-18T03:18:05,0.00454,4.54e-06,31996844903.301456
1978-01-18T03:31:33,0.00448,4.48e-06,31573979111.627865
1978-01-18T03:45:01,0.00458,4.58e-06,32278755431.08385
1978-01-18T03:58:29,0.00499,4.99e-06,35168338340.85336
1978-01-18T04:11:57,0.00495,4.950000000000001e-06,34886427813.070984
1978-01-18T04:22:49,0.00538,5.38e-06,37916965986.73169
1978-01-18T04:26:01,0.0067,6.7e-06,47220013403.55061
1978-01-18T04:37:48,0.00934,9.34e-06,65826108237.18847
1978-01-18T04:42:44,0.00744,7.440000000000001e-06,52435358167.524864
1978-01-18T04:51:07,0.00601,6.01e-06,42357056799.30436
1978-01-18T04:59:05,0.00554,5.54e-06,39044608097.86126
1978-01-18T05:09:11,0.0287,2.87e-05,202270803683.8661
1978-01-18T05:09:29,0.02168,2.168e-05,152795506058.05634
1978-01-18T05:09:51,0.01804,1.804e-05,127141648029.85866
1978-01-18T05:09:54,0.01505,1.505e-05,106068836078.12488
1978-01-18T05:10:53,0.03601,3.601e-05,253789952636.09818
1978-01-18T05:11:19,0.05109,5.109000000000001e-05,360070221610.0598
1978-01-18T05:11:19,0.04478,4.478e-05,315598835852.3876
1978-01-18T05:11:19,0.02384,2.384e-05,168018674558.30548
1978-01-18T05:32:45,0.00607,6.07e-06,42779922590.97795
1978-01-18T05:45:36,0.00529,5.29e-06,37282667299.221306
1978-01-18T05:53:48,0.00452,4.52e-06,31855889639.410263
1978-01-18T06:07:02,0.00435,4.35e-06,30657769896.3351
1978-01-18T06:20:30,0.0046,4.6e-06,32419710694.975048
1978-01-18T06:31:31,0.00531,5.31e-06,37423622563.112495
1978-01-18T06:42:32,0.0059,5.9e-06,41581802847.90278
1978-01-18T06:56:00,0.00568,5.680000000000001e-06,40031294945.099625
1978-01-18T07:09:28,0.00558,5.58e-06,39326518625.64365
1978-01-18T07:22:56,0.00539,5.39e-06,37987443618.67728
1978-01-18T07:36:24,0.00508,5.0800000000000005e-06,35802637028.363754
1978-01-18T07:49:52,0.00548,5.48e-06,38621742306.18767
1978-01-18T08:04:34,0.00471,4.71e-06,33194964646.376625
1978-01-18T08:18:02,0.00455,4.5500000000000005e-06,32067322535.247063
1978-01-18T08:31:30,0.00502,5.02e-06,35379771236.69016
1978-01-18T08:44:58,0.00515,5.15e-06,36295980451.98293
1978-01-18T08:58:26,0.00479,4.79e-06,33758785701.94141
1978-01-18T09:10:40,0.00453,4.530000000000001e-06,31926367271.35587
1978-01-18T09:31:29,0.0049,4.9e-06,34534039653.34299
1978-01-18T09:44:57,0.00528,5.28e-06,37212189667.27571
1978-01-18T09:58:25,0.00526,5.26e-06,37071234403.38451
1978-01-18T10:11:53,0.00542,5.420000000000001e-06,38198876514.51408
1978-01-18T10:25:21,0.00519,5.19e-06,36577890979.76533
1978-01-18T10:38:49,0.0056,5.6e-06,39467473889.53484
1978-01-18T10:52:17,0.00516,5.16e-06,36366458083.92853
1978-01-18T11:05:45,0.00469,4.69e-06,33054009382.485428
1978-01-18T11:19:13,0.00464,4.6400000000000005e-06,32701621222.75744
1978-01-18T11:29:38,0.00449,4.49e-06,31644456743.57347
1978-01-18T12:19:13,0.00483,4.83e-06,34040696229.7238
1978-01-18T12:30:51,0.00463,4.63e-06,32631143590.81184
1978-01-18T19:28:20,0.00527,5.27e-06,37141712035.33011
1978-01-19T03:07:54,0.00574,5.74e-06,40454160736.77322
1978-01-19T03:21:28,0.00611,6.11e-06,43061833118.76034
1978-01-19T03:50:48,0.00637,6.37e-06,44894251549.34589
1978-01-19T03:51:41,0.02226,2.226e-05,156883208710.90097
1978-01-19T03:52:10,0.02529,2.529e-05,178237931190.41718
1978-01-19T03:52:18,0.00786,7.860000000000001e-06,55395418709.23998
1978-01-19T03:52:18,0.01338,1.338e-05,94299071543.21002
1978-01-19T03:52:35,0.01727,1.7270000000000002e-05,121714870370.04764
1978-01-19T03:55:23,0.00936,9.36e-06,65967063501.07967
1978-01-19T03:55:47,0.01078,1.078e-05,75974887237.35457
1978-01-19T04:12:28,0.00662,6.62e-06,46656192347.98583
1978-01-19T04:24:59,0.00559,5.590000000000001e-06,39396996257.58925
1978-01-19T04:36:05,0.00555,5.55e-06,39115085729.80685
1978-01-19T04:54:20,0.00573,5.73e-06,40383683104.827614
1978-01-19T05:03:50,0.00571,5.71e-06,40242727840.93641
1978-01-19T05:10:32,0.00998,9.98e-06,70336676681.70673
1978-01-19T05:14:56,0.01826,1.826e-05,128692155932.6618
1978-01-19T05:15:12,0.01321,1.321e-05,93100951800.13487
1978-01-19T05:15:58,0.00764,7.64e-06,53844910806.43681
1978-01-19T05:18:01,0.00613,6.13e-06,43202788382.65153
1978-01-19T05:31:35,0.00597,5.97e-06,42075146271.52196
1978-01-19T05:33:49,0.00489,4.890000000000001e-06,34463562021.39739
1978-01-19T05:35:17,0.00407,4.07e-06,28684396201.85836
1978-01-19T06:03:39,0.00334,3.34e-06,23539529069.829712
1978-01-19T06:04:17,0.00408,4.080000000000001e-06,28754873833.80396
1978-01-19T06:05:31,0.00558,5.58e-06,39326518625.64365
1978-01-19T06:10:34,0.00681,6.81e-06,47995267354.95219
1978-01-19T06:24:38,0.00704,7.04e-06,49616252889.70094
1978-01-19T06:35:12,0.00621,6.210000000000001e-06,43766609438.21632
1978-01-19T06:49:18,0.00613,6.13e-06,43202788382.65153
1978-01-19T07:02:15,0.00637,6.37e-06,44894251549.34589
1978-01-19T07:12:59,0.01611,1.611e-05,113539465064.35826
1978-01-19T07:13:14,0.01972,1.972e-05,138981890196.71912
1978-01-19T07:13:58,0.0103,1.03e-05,72591960903.96587
1978-01-19T07:14:35,0.01358,1.358e-05,95708624182.122
1978-01-19T07:15:27,0.00792,7.92e-06,55818284500.91357
1978-01-19T07:21:01,0.007,7e-06,49334342361.91855
1978-01-19T07:39:52,0.0068,6.8e-06,47924789723.00659
1978-01-19T07:53:26,0.00686,6.86e-06,48347655514.680176
1978-01-19T08:07:00,0.00695,6.95e-06,48981954202.19055
1978-01-19T08:20:34,0.00676,6.7600000000000005e-06,47642879195.224205
1978-01-19T08:34:08,0.00668,6.68e-06,47079058139.659424
1978-01-19T08:47:42,0.00661,6.61e-06,46585714716.04023
1978-01-19T09:01:17,0.00692,6.92e-06,48770521306.35377
1978-01-19T09:14:51,0.00734,7.34e-06,51730581848.06888
1978-01-19T09:28:25,0.00781,7.81e-06,55043030549.51199
1978-01-19T09:41:59,0.00761,7.61e-06,53633477910.60003
1978-01-19T09:55:33,0.00809,8.09e-06,57016404243.98872
1978-01-19T10:09:07,0.00787,7.870000000000001e-06,55465896341.18558
1978-01-19T10:19:31,0.00837,8.370000000000001e-06,58989777938.46548
1978-01-19T10:21:27,0.01677,1.677e-05,118190988772.76772
1978-01-19T10:23:55,0.01067,1.067e-05,75199633285.953
1978-01-19T10:24:53,0.01296,1.296e-05,91339011001.49492
1978-01-19T10:25:09,0.01162,1.162e-05,81895008320.7848
1978-01-19T10:38:43,0.00977,9.77e-06,68856646410.84917
1978-01-19T10:52:17,0.0092,9.2e-06,64839421389.950096
1978-01-19T11:06:23,0.00951,9.51e-06,67024227980.263626
1978-01-19T11:20:23,0.00917,9.17e-06,64627988494.1133
1978-01-19T11:32:59,0.00894,8.94e-06,63007002959.36456
1978-01-19T11:46:55,0.00916,9.16e-06,64557510862.16771
1978-01-19T12:00:08,0.00806,8.059999999999999e-06,56804971348.15192
1978-01-19T12:13:42,0.0071,7.100000000000001e-06,50039118681.374535
1978-01-19T12:15:49,0.00487,4.87e-06,34322606757.50619
1978-01-19T12:17:07,0.00607,6.07e-06,42779922590.97795
1978-01-19T12:18:01,0.00408,4.080000000000001e-06,28754873833.80396
1978-01-19T12:29:44,0.00731,7.309999999999999e-06,51519148952.23208
1978-01-19T12:43:18,0.00734,7.34e-06,51730581848.06888
1978-01-19T12:56:52,0.00765,7.65e-06,53915388438.382416
1978-01-19T13:10:41,0.00779,7.79e-06,54902075285.62078
1978-01-19T13:24:00,0.00718,7.18e-06,50602939736.93931
1978-01-19T13:37:34,0.00717,7.17e-06,50532462104.99371
1978-01-19T13:58:32,0.00678,6.78e-06,47783834459.1154
1978-01-19T14:10:21,0.00791,7.91e-06,55747806868.96797
1978-01-19T14:22:35,0.00761,7.61e-06,53633477910.60003
1978-01-19T14:40:28,0.00763,7.63e-06,53774433174.49122
1978-01-19T14:54:03,0.00814,8.14e-06,57368792403.71671
1978-01-19T15:05:24,0.01011,1.011e-05,71252885896.99951
1978-01-19T15:05:38,0.02392,2.392e-05,168582495613.87024
1978-01-19T15:05:38,0.01642,1.6420000000000002e-05,115724271654.6718
1978-01-19T15:05:46,0.01334,1.334e-05,94017161015.42764
1978-01-19T15:05:46,0.03692,3.692e-05,260203417143.14752
1978-01-19T15:05:46,0.02841,2.841e-05,200226952357.4437
1978-01-19T15:05:46,0.05792,5.792e-05,408206444228.9032
1978-01-19T15:05:46,0.04839,4.839e-05,341041260984.7484
1978-01-19T15:05:51,0.01984,1.984e-05,139827621780.06628
1978-01-19T15:08:51,0.00807,8.07e-06,56875448980.097534
1978-01-19T15:22:25,0.00743,7.43e-06,52364880535.57926
1978-01-19T15:35:59,0.00743,7.43e-06,52364880535.57926
1978-01-19T15:49:33,0.00741,7.41e-06,52223925271.68807
1978-01-19T15:58:11,0.00741,7.41e-06,52223925271.68807
1978-01-19T16:17:55,0.00737,7.37e-06,51942014743.90567
1978-01-19T16:35:36,0.0076,7.6e-06,53563000278.65443
1978-01-19T16:41:21,0.01996,1.996e-05,140673353363.41345
1978-01-19T16:41:53,0.01244,1.244e-05,87674174140.32382
1978-01-19T16:41:58,0.01605,1.6049999999999997e-05,113116599272.68466
1978-01-19T16:42:35,0.01061,1.061e-05,74776767494.2794
1978-01-19T16:43:09,0.00833,8.330000000000002e-06,58707867410.68309
1978-01-19T16:51:45,0.00769,7.69e-06,54197298966.1648
1978-01-19T17:10:29,0.00876,8.76e-06,61738405584.34379
1978-01-19T18:16:20,0.00714,7.139999999999999e-06,50321029209.15692
1978-01-19T18:29:54,0.0075,7.5e-06,52858223959.19845
1978-01-19T18:43:28,0.00784,7.84e-06,55254463445.34877
1978-01-19T18:58:05,0.00812,8.12e-06,57227837139.82552
1978-01-19T19:10:03,0.00839,8.39e-06,59130733202.35666
1978-01-19T19:24:43,0.00895,8.949999999999999e-06,63077480591.31014
1978-01-19T19:32:04,0.01621,1.621e-05,114244241383.81424
1978-01-19T19:32:04,0.01357,1.357e-05,95638146550.1764
1978-01-19T19:32:11,0.02091,2.091e-05,147368728398.24527
1978-01-19T19:32:11,0.0111,1.11e-05,78230171459.61371
1978-01-19T19:32:11,0.02742,2.742e-05,193249666794.82956
1978-01-19T19:37:44,0.0088,8.8e-06,62020316112.12618
1978-01-19T19:51:45,0.0077,7.7e-06,54267776598.11041
1978-01-19T19:59:32,0.00717,7.17e-06,50532462104.99371
1978-01-19T20:04:34,0.00818,8.18e-06,57650702931.49911
1978-01-19T20:18:26,0.00794,7.939999999999999e-06,55959239764.80474
1978-01-19T20:32:00,0.00769,7.69e-06,54197298966.1648
1978-01-19T20:35:53,0.00613,6.13e-06,43202788382.65153
1978-01-19T20:36:44,0.005,5e-06,35238815972.798965
1978-01-19T20:41:16,0.00777,7.77e-06,54761120021.72959
1978-01-19T22:02:03,0.00776,7.76e-06,54690642389.784
1978-01-19T22:16:18,0.00804,8.040000000000001e-06,56664016084.26074
1978-01-19T22:29:11,0.00794,7.939999999999999e-06,55959239764.80474
1978-01-19T22:42:45,0.00793,7.93e-06,55888762132.85915
1978-01-19T22:56:19,0.00802,8.02e-06,56523060820.36954
1978-01-19T23:09:53,0.00801,8.01e-06,56452583188.423935
1978-01-19T23:24:19,0.00778,7.78e-06,54831597653.67519
1978-01-19T23:30:40,0.00944,9.44e-06,66530884556.64445
1978-01-19T23:31:16,0.00771,7.71e-06,54338254230.05601
1978-01-19T23:33:56,0.01122,1.122e-05,79075903042.96088
1978-01-20T03:37:30,0.0045,4.5e-06,31714934375.51907
1978-01-20T11:01:49,0.01019,1.019e-05,71816706952.56427
1978-01-20T11:03:50,0.00813,8.13e-06,57298314771.77112
1978-01-20T11:53:26,0.01761,1.7610000000000002e-05,124111109856.19798
1978-01-20T11:53:41,0.01388,1.388e-05,97822953140.48994
1978-01-20T11:54:19,0.01002,1.002e-05,70618587209.48912
1978-01-20T12:10:14,0.00865,8.65e-06,60963151632.942215
1978-01-20T12:11:52,0.02861,2.861e-05,201636504996.3557
1978-01-20T12:12:05,0.01602,1.602e-05,112905166376.84789
1978-01-20T12:12:29,0.01051,1.051e-05,74071991174.82343
1978-01-20T12:12:29,0.02311,2.311e-05,162873807426.27682
1978-01-20T12:12:29,0.01934,1.934e-05,136303740182.7864
1978-01-20T12:13:14,0.01299,1.299e-05,91550443897.3317
1978-01-20T12:23:33,0.00825,8.25e-06,58144046355.11829
1978-01-20T13:14:48,0.01106,1.106e-05,77948260931.83131
1978-01-20T13:15:31,0.03068,3.068e-05,216225374809.09445
1978-01-20T13:16:39,0.01824,1.824e-05,128551200668.7706
1978-01-20T13:17:25,0.02327,2.327e-05,164001449537.40637
1978-01-20T13:19:28,0.01312,1.312e-05,92466653112.62448
1978-01-20T13:20:05,0.01531,1.531e-05,107901254508.71043
1978-01-20T13:22:33,0.01081,1.081e-05,76186320133.19136
1978-01-20T13:50:24,0.01201,1.201e-05,84643635966.66312
1978-01-20T13:58:11,0.01246,1.246e-05,87815129404.21503
1978-01-20T15:03:20,0.01072,1.072e-05,75552021445.68098
1978-01-20T15:16:51,0.01068,1.068e-05,75270110917.8986
1978-01-20T15:29:35,0.01022,1.022e-05,72028139848.40108
1978-01-20T15:43:53,0.0109,1.09e-05,76820618820.70174
1978-01-20T15:55:34,0.0108,1.0800000000000002e-05,76115842501.24579
1978-01-20T16:12:09,0.01138,1.138e-05,80203545154.09044
1978-01-20T16:25:41,0.01067,1.067e-05,75199633285.953
1978-01-20T16:39:12,0.0105,1.05e-05,74001513542.87782
1978-01-20T16:52:43,0.01078,1.078e-05,75974887237.35457
1978-01-20T17:05:25,0.01022,1.022e-05,72028139848.40108
1978-01-20T17:19:45,0.01084,1.084e-05,76397753029.02817
1978-01-20T17:33:17,0.01084,1.084e-05,76397753029.02817
1978-01-20T17:46:48,0.01078,1.078e-05,75974887237.35457
1978-01-20T18:00:19,0.01009,1.009e-05,71111930633.1083
1978-01-20T18:11:23,0.0104,1.04e-05,73296737223.42184
1978-01-20T18:45:11,0.01042,1.042e-05,73437692487.31303
1978-01-20T19:03:00,0.01108,1.108e-05,78089216195.72252
1978-01-20T19:16:31,0.01035,1.035e-05,72944349063.69386
1978-01-20T19:17:08,0.00792,7.92e-06,55818284500.91357
1978-01-20T19:30:02,0.01082,1.082e-05,76256797765.13695
1978-01-20T19:43:58,0.01046,1.046e-05,73719603015.09544
1978-01-20T19:57:05,0.01088,1.088e-05,76679663556.81056
1978-01-20T20:10:36,0.01102,1.102e-05,77666350404.04892
1978-01-20T20:24:07,0.00972,9.72e-06,68504258251.12119
1978-01-20T20:37:38,0.00875,8.750000000000001e-06,61667927952.39819
1978-01-20T20:51:09,0.0083,8.3e-06,58496434514.84628
1978-01-20T21:04:34,0.00892,8.920000000000001e-06,62866047695.47336
1978-01-20T21:11:58,0.01004,1.004e-05,70759542473.38033
1978-01-20T21:20:39,0.04619,4.619e-05,325536181956.71686
1978-01-20T21:22:42,0.02974,2.974e-05,209600477406.20825
1978-01-20T21:23:07,0.06127,6.127e-05,431816450930.6785
1978-01-20T21:23:07,0.04836,4.836000000000001e-05,340829828088.9116
1978-01-20T21:23:31,0.01792,1.7919999999999998e-05,126295916446.51146
1978-01-20T21:23:34,0.03888,3.888e-05,274017033004.48477
1978-01-20T21:23:47,0.01026,1.026e-05,72310050376.18349
1978-01-20T21:23:49,0.01424,1.424e-05,100360147890.53143
1978-01-20T21:24:00,0.02178,2.178e-05,153500282377.5123
1978-01-20T21:26:18,0.00794,7.939999999999999e-06,55959239764.80474
1978-01-20T21:31:43,0.01102,1.102e-05,77666350404.04892
1978-01-20T21:56:07,0.0107,1.07e-05,75411066181.78976
1978-01-20T21:59:59,0.0358,3.58e-05,252309922365.24057
1978-01-20T22:01:13,0.03181,3.1809999999999995e-05,224189347218.947
1978-01-20T22:02:51,0.01315,1.315e-05,92678086008.46127
1978-01-20T22:03:40,0.0086,8.6e-06,60610763473.21423
1978-01-20T22:03:47,0.02107,2.107e-05,148496370509.37485
1978-01-20T22:05:49,0.01476,1.476e-05,104024984751.70256
1978-01-20T22:06:26,0.01148,1.148e-05,80908321473.54643
1978-01-20T22:06:41,0.01753,1.753e-05,123547288800.63316
1978-01-20T22:14:26,0.01425,1.425e-05,100430625522.47704
1978-01-21T00:04:36,0.01822,1.822e-05,128410245404.87944
1978-01-21T00:19:50,0.01196,1.196e-05,84291247806.93512
1978-01-21T00:24:13,0.00969,9.69e-06,68292825355.28439
1978-01-21T00:33:44,0.01038,1.038e-05,73155781959.53065
1978-01-21T00:37:31,0.00907,9.07e-06,63923212174.65732
1978-01-21T00:49:37,0.00944,9.44e-06,66530884556.64445
1978-01-21T00:54:31,0.00872,8.720000000000001e-06,61456495056.5614
1978-01-21T01:03:42,0.00979,9.79e-06,68997601674.74039
1978-01-21T02:35:32,0.00746,7.46e-06,52576313431.41605
1978-01-21T02:48:34,0.00766,7.66e-06,53985866070.32801
1978-01-21T03:02:31,0.00763,7.63e-06,53774433174.49122
1978-01-21T03:15:09,0.008,8e-06,56382105556.47834
1978-01-21T03:59:44,0.00889,8.890000000000001e-06,62654614799.636566
1978-01-21T04:14:35,0.00874,8.74e-06,61597450320.45258
1978-01-21T04:25:47,0.009,9e-06,63429868751.03814
1978-01-21T04:31:34,0.00808,8.08e-06,56945926612.04314
1978-01-21T04:44:09,0.00802,8.02e-06,56523060820.36954
1978-01-21T04:57:14,0.00761,7.61e-06,53633477910.60003
1978-01-21T05:04:12,0.00667,6.67e-06,47008580507.71381
1978-01-21T05:08:51,0.00795,7.95e-06,56029717396.75035
1978-01-21T05:58:44,0.00814,8.14e-06,57368792403.71671
1978-01-21T06:12:09,0.00791,7.91e-06,55747806868.96797
1978-01-21T06:24:33,0.00777,7.77e-06,54761120021.72959
1978-01-21T06:39:10,0.00788,7.88e-06,55536373973.13117
1978-01-21T06:52:31,0.00822,8.22e-06,57932613459.28149
1978-01-21T07:04:12,0.00779,7.79e-06,54902075285.62078
1978-01-21T07:07:05,0.00922,9.220000000000002e-06,64980376653.8413
1978-01-21T07:19:00,0.00839,8.39e-06,59130733202.35666
1978-01-21T07:19:50,0.00954,9.54e-06,67235660876.100426
1978-01-21T07:32:29,0.00969,9.69e-06,68292825355.28439
1978-01-21T07:34:10,0.0085,8.500000000000002e-06,59905987153.758255
1978-01-21T07:46:34,0.00831,8.31e-06,58566912146.79188
1978-01-21T08:00:34,0.00811,8.109999999999999e-06,57157359507.87991
1978-01-21T08:13:32,0.00799,7.990000000000001e-06,56311627924.53275
1978-01-21T08:25:22,0.01114,1.114e-05,78512081987.39609
1978-01-21T08:27:00,0.00809,8.09e-06,57016404243.98872
1978-01-21T08:28:14,0.0074,7.4e-06,52153447639.74247
1978-01-21T08:30:12,0.01484,1.4840000000000002e-05,104588805807.26732
1978-01-21T08:36:57,0.01009,1.009e-05,71111930633.1083
1978-01-21T08:37:53,0.00841,8.41e-06,59271688466.24786
1978-01-21T08:39:07,0.01256,1.256e-05,88519905723.67099
1978-01-21T08:44:10,0.01706,1.706e-05,120234840099.19006
1978-01-21T08:51:23,0.01382,1.3820000000000002e-05,97400087348.81636
1978-01-21T09:23:48,0.00936,9.36e-06,65967063501.07967
1978-01-21T09:33:11,0.01086,1.086e-05,76538708292.91934
1978-01-21T09:37:43,0.00889,8.890000000000001e-06,62654614799.636566
1978-01-21T09:44:49,0.00832,8.32e-06,58637389778.73748
1978-01-21T14:54:50,0.00784,7.84e-06,55254463445.34877
1978-01-21T16:54:43,0.00912,9.12e-06,64275600334.3853
1978-01-21T17:05:29,0.00792,7.92e-06,55818284500.91357
1978-01-21T17:05:57,0.00955,9.55e-06,67306138508.04602
1978-01-21T18:27:26,0.00852,8.52e-06,60046942417.64943
1978-01-21T18:41:46,0.00862,8.619999999999999e-06,60751718737.10541
1978-01-21T18:56:50,0.00614,6.14e-06,43273266014.59712
1978-01-21T18:56:50,0.00767,7.67e-06,54056343702.27361
1978-01-21T20:19:13,0.00515,5.15e-06,36295980451.98293
1978-01-21T20:20:11,0.00953,9.53e-06,67165183244.15483
1978-01-21T20:27:07,0.00788,7.88e-06,55536373973.13117
1978-01-21T20:27:51,0.00615,6.15e-06,43343743646.54273
1978-01-21T20:32:50,0.01111,1.111e-05,78300649091.5593
1978-01-21T20:57:40,0.01019,1.019e-05,71816706952.56427
1978-01-21T21:26:10,0.01025,1.025e-05,72239572744.23788
1978-01-21T21:39:39,0.01127,1.127e-05,79428291202.68887
1978-01-21T21:52:05,0.01101,1.101e-05,77595872772.10332
1978-01-21T22:06:24,0.01229,1.229e-05,86617009661.13986
1978-01-21T22:20:16,0.0107,1.07e-05,75411066181.78976
1978-01-21T22:32:31,0.01276,1.276e-05,89929458362.58298
1978-01-21T22:33:44,0.01068,1.068e-05,75270110917.8986
1978-01-21T22:47:13,0.01068,1.068e-05,75270110917.8986
1978-01-21T22:58:33,0.01129,1.129e-05,79569246466.58006
1978-01-21T23:01:21,0.00956,9.560000000000002e-06,67376616139.99163
1978-01-21T23:14:41,0.00979,9.79e-06,68997601674.74039
1978-01-21T23:16:38,0.00787,7.870000000000001e-06,55465896341.18558
1978-01-21T23:24:21,0.00621,6.210000000000001e-06,43766609438.21632
1978-01-21T23:27:11,0.00931,9.31e-06,65614675341.35168
1978-01-21T23:33:58,0.00786,7.860000000000001e-06,55395418709.23998
1978-01-21T23:37:28,0.00506,5.060000000000001e-06,35661681764.47256
1978-01-21T23:38:11,0.00609,6.09e-06,42920877854.86914
1978-01-21T23:46:27,0.00831,8.31e-06,58566912146.79188
1978-01-21T23:59:31,0.00893,8.930000000000001e-06,62936525327.41895
1978-01-22T00:06:33,0.00822,8.22e-06,57932613459.28149
1978-01-22T00:20:02,0.00838,8.380000000000001e-06,59060255570.41107
1978-01-22T00:33:31,0.00836,8.36e-06,58919300306.51987
1978-01-22T00:45:55,0.00815,8.15e-06,57439270035.66231
1978-01-22T00:55:45,0.0093,9.3e-06,65544197709.40607
1978-01-22T00:59:02,0.01015,1.015e-05,71534796424.78189
1978-01-22T01:08:59,0.00943,9.43e-06,66460406924.69884
1978-01-22T01:21:20,0.0092,9.2e-06,64839421389.950096
1978-01-22T01:34:49,0.00912,9.12e-06,64275600334.3853
1978-01-22T01:47:09,0.00946,9.46e-06,66671839820.53564
1978-01-22T02:00:51,0.00924,9.24e-06,65121331917.73248
1978-01-22T02:15:16,0.00852,8.52e-06,60046942417.64943
1978-01-22T02:20:10,0.0058,5.8e-06,40877026528.4468
1978-01-22T02:22:37,0.0075,7.5e-06,52858223959.19845
1978-01-22T02:36:06,0.00892,8.920000000000001e-06,62866047695.47336
1978-01-22T02:49:35,0.00994,9.94e-06,70054766153.92433
1978-01-22T03:03:04,0.01018,1.018e-05,71746229320.61868
1978-01-22T03:16:33,0.01005,1.005e-05,70830020105.32593
1978-01-22T03:30:02,0.01026,1.026e-05,72310050376.18349
1978-01-22T03:43:31,0.00994,9.94e-06,70054766153.92433
1978-01-22T03:57:00,0.00997,9.97e-06,70266199049.76112
1978-01-22T04:10:29,0.01096,1.096e-05,77243484612.37534
1978-01-22T04:23:58,0.01082,1.082e-05,76256797765.13695
1978-01-22T04:37:27,0.01037,1.037e-05,73085304327.58507
1978-01-22T04:50:48,0.01013,1.013e-05,71393841160.8907
1978-01-22T05:04:25,0.01027,1.027e-05,72380528008.12907
1978-01-22T05:17:54,0.01028,1.028e-05,72451005640.07466
1978-01-22T05:31:23,0.00833,8.330000000000002e-06,58707867410.68309
1978-01-22T05:31:53,0.0102,1.02e-05,71887184584.50989
1978-01-22T05:41:08,0.01263,1.263e-05,89013249147.29019
1978-01-22T05:43:16,0.0111,1.11e-05,78230171459.61371
1978-01-22T05:43:59,0.00923,9.23e-06,65050854285.78688
1978-01-22T05:55:54,0.00836,8.36e-06,58919300306.51987
1978-01-22T06:06:55,0.0085,8.500000000000002e-06,59905987153.758255
1978-01-22T08:52:24,0.00855,8.550000000000001e-06,60258375313.48624
1978-01-22T09:06:43,0.00901,9.01e-06,63500346382.98374
1978-01-22T09:14:21,0.0089,8.9e-06,62725092431.58215
1978-01-22T09:27:20,0.00849,8.49e-06,59835509521.812645
1978-01-22T10:29:38,0.01159,1.159e-05,81683575424.948
1978-01-22T10:33:46,0.01037,1.037e-05,73085304327.58507
1978-01-22T10:49:49,0.01054,1.054e-05,74283424070.66022
1978-01-22T11:01:06,0.01042,1.042e-05,73437692487.31303
1978-01-22T11:14:35,0.01021,1.021e-05,71957662216.45549
1978-01-22T11:23:10,0.01028,1.028e-05,72451005640.07466
1978-01-22T12:45:17,0.01641,1.641e-05,115653794022.7262
1978-01-22T12:46:19,0.01334,1.334e-05,94017161015.42764
1978-01-22T12:48:37,0.01092,1.092e-05,76961574084.59293
1978-01-22T16:05:42,0.00996,9.96e-06,70195721417.81554
1978-01-22T16:18:49,0.02901,2.901e-05,204455610274.17963
1978-01-22T16:19:48,0.01867,1.867e-05,131581738842.43132
1978-01-22T16:20:24,0.02464,2.464e-05,173656885113.95328
1978-01-22T16:20:37,0.01374,1.374e-05,96836266293.25156
1978-01-22T16:21:13,0.00962,9.62e-06,67799481931.665215
1978-01-22T16:21:38,0.01153,1.153e-05,81260709633.2744
1978-01-22T16:38:11,0.01286,1.286e-05,90634234682.03894
1978-01-22T16:58:24,0.01071,1.071e-05,75481543813.73538
1978-01-22T17:17:09,0.02208,2.208e-05,155614611335.88022
1978-01-22T17:17:32,0.01634,1.634e-05,115160450599.107
1978-01-22T17:19:05,0.02834,2.834e-05,199733608933.8245
1978-01-22T17:25:10,0.01524,1.524e-05,107407911085.09125
1978-01-22T17:26:39,0.05045,5.045e-05,355559653165.5416
1978-01-22T17:27:13,0.04006,4.006e-05,282333393574.0653
1978-01-22T17:27:31,0.03437,3.437e-05,242231620997.02008
1978-01-22T17:32:36,0.07834,7.834000000000001e-05,552121768661.8142
1978-01-22T17:33:12,0.02613,2.613e-05,184158052273.8474
1978-01-22T17:33:39,0.06514,6.514e-05,459091294493.6249
1978-01-22T17:35:11,0.02012,2.012e-05,141800995474.54303
1978-01-22T17:35:11,0.05224,5.224e-05,368175149283.8036
1978-01-22T17:35:11,0.04365,4.365e-05,307634863442.535
1978-01-22T17:35:11,0.03647,3.647e-05,257031923705.59567
1978-01-22T17:36:02,0.01251,1.251e-05,88167517563.94301
1978-01-22T17:38:59,0.01537,1.537e-05,108324120300.38402
1978-01-22T17:46:12,0.02389,2.3890000000000003e-05,168371062718.03348
1978-01-22T17:47:26,0.01964,1.964e-05,138418069141.15433
1978-01-22T17:47:52,0.01508,1.508e-05,106280268973.96169
1978-01-22T17:48:03,0.0786,7.86e-05,553954187092.3997
1978-01-22T17:49:37,0.04176,4.176e-05,294314591004.81696
1978-01-22T17:49:53,0.06253,6.253e-05,440696632555.8239
1978-01-22T17:49:53,0.05224,5.224e-05,368175149283.8036
1978-01-22T18:52:44,0.00923,9.23e-06,65050854285.78688
1978-01-22T19:04:19,0.0092,9.2e-06,64839421389.950096
1978-01-22T19:14:32,0.00918,9.18e-06,64698466126.0589
1978-01-22T19:24:16,0.00982,9.82e-06,69209034570.57716
1978-01-22T19:40:49,0.01012,1.012e-05,71323363528.94511
1978-01-22T19:52:28,0.00987,9.87e-06,69561422730.30516
1978-01-22T20:12:41,0.01072,1.072e-05,75552021445.68098
1978-01-22T20:24:47,0.00993,9.93e-06,69984288521.97874
1978-01-22T20:39:39,0.00956,9.560000000000002e-06,67376616139.99163
1978-01-22T20:53:08,0.00986,9.86e-06,69490945098.35956
1978-01-22T21:06:37,0.01023,1.023e-05,72098617480.34668
1978-01-22T21:19:33,0.01097,1.097e-05,77313962244.32094
1978-01-22T21:28:04,0.00776,7.76e-06,54690642389.784
1978-01-22T21:30:08,0.00932,9.32e-06,65685152973.29728
1978-01-22T21:35:28,0.01151,1.151e-05,81119754369.38322
1978-01-22T21:46:07,0.06759,6.759e-05,476358314320.2963
1978-01-22T21:46:13,0.01998,1.998e-05,140814308627.3047
1978-01-22T21:46:27,0.0166,1.66e-05,116992869029.69257
1978-01-22T21:46:39,0.03771,3.771e-05,265771150066.84985
1978-01-22T21:47:04,0.04709,4.709e-05,331879168831.8206
1978-01-22T21:47:04,0.02573,2.573e-05,181338946996.02344
1978-01-22T21:47:19,0.01344,1.344e-05,94721937334.88362
1978-01-22T21:47:22,0.03152,3.152e-05,222145495892.5247
1978-01-22T22:01:02,0.01162,1.162e-05,81895008320.7848
1978-01-22T22:15:15,0.01047,1.047e-05,73790080647.04103
1978-01-22T22:30:35,0.00981,9.81e-06,69138556938.63156
1978-01-22T22:49:24,0.00903,9.03e-06,63641301646.87493
1978-01-22T23:00:41,0.00987,9.87e-06,69561422730.30516
1978-01-22T23:15:19,0.01069,1.069e-05,75340588549.8442
1978-01-22T23:28:48,0.01077,1.077e-05,75904409605.40898
1978-01-22T23:42:17,0.01032,1.032e-05,72732916167.85706
1978-01-22T23:51:29,0.01054,1.054e-05,74283424070.66022
1978-01-23T00:06:53,0.01413,1.413e-05,99584893939.12988
1978-01-23T00:08:07,0.01159,1.159e-05,81683575424.948
1978-01-23T00:19:08,0.00923,9.23e-06,65050854285.78688
1978-01-23T00:32:37,0.0091,9.1e-06,64134645070.494125
1978-01-23T00:46:05,0.00913,9.13e-06,64346077966.3309
1978-01-23T01:00:25,0.00923,9.23e-06,65050854285.78688
1978-01-23T01:13:03,0.00823,8.229999999999999e-06,58003091091.22709
1978-01-23T01:24:53,0.0084,8.4e-06,59201210834.30225
1978-01-23T01:25:22,0.00903,9.03e-06,63641301646.87493
1978-01-23T01:31:25,0.00917,9.17e-06,64627988494.1133
1978-01-23T01:37:57,0.0084,8.4e-06,59201210834.30225
1978-01-23T01:53:04,0.00925,9.25e-06,65191809549.67808
1978-01-23T01:55:15,0.00827,8.27e-06,58285001619.00949
1978-01-23T02:09:24,0.00839,8.39e-06,59130733202.35666
1978-01-23T02:20:40,0.00848,8.48e-06,59765031889.86704
1978-01-23T02:36:21,0.00921,9.21e-06,64909899021.89569
1978-01-23T02:47:31,0.00997,9.97e-06,70266199049.76112
1978-01-23T02:53:03,0.01355,1.355e-05,95497191286.2852
1978-01-23T02:59:35,0.01243,1.243e-05,87603696508.37823
1978-01-23T03:03:35,0.01,1e-05,70477631945.59793
1978-01-23T03:08:37,0.0104,1.04e-05,73296737223.42184
1978-01-23T03:19:14,0.0097,9.7e-06,68363302987.22999
1978-01-23T03:32:43,0.01006,1.006e-05,70900497737.27151
1978-01-23T03:46:11,0.00964,9.64e-06,67940437195.5564
1978-01-23T03:59:40,0.00947,9.47e-06,66742317452.48123
1978-01-23T04:11:39,0.01046,1.046e-05,73719603015.09544
1978-01-23T04:14:41,0.01243,1.243e-05,87603696508.37823
1978-01-23T04:20:37,0.01084,1.084e-05,76397753029.02817
1978-01-23T04:35:12,0.01028,1.028e-05,72451005640.07466
1978-01-23T04:40:48,0.01091,1.091e-05,76891096452.64734
1978-01-23T04:48:40,0.01023,1.023e-05,72098617480.34668
1978-01-23T05:02:09,0.00973,9.730000000000002e-06,68574735883.0668
1978-01-23T05:15:37,0.00981,9.81e-06,69138556938.63156
1978-01-23T05:19:59,0.01044,1.044e-05,73578647751.20424
1978-01-23T05:29:06,0.01015,1.015e-05,71534796424.78189
1978-01-23T05:42:35,0.00985,9.85e-06,69420467466.41396
1978-01-23T05:56:03,0.00991,9.91e-06,69843333258.08755
1978-01-23T06:09:50,0.00989,9.89e-06,69702377994.19635
1978-01-23T06:23:00,0.00922,9.220000000000002e-06,64980376653.8413
1978-01-23T06:36:29,0.00917,9.17e-06,64627988494.1133
1978-01-23T06:49:14,0.00969,9.69e-06,68292825355.28439
1978-01-23T06:55:41,0.01101,1.101e-05,77595872772.10332
1978-01-23T07:10:47,0.01553,1.5530000000000002e-05,109451762411.5136
1978-01-23T07:24:16,0.01555,1.555e-05,109592717675.40475
1978-01-23T07:37:45,0.01401,1.401e-05,98739162355.78268
1978-01-23T07:51:13,0.0124,1.24e-05,87392263612.54143
1978-01-23T08:04:42,0.01088,1.088e-05,76679663556.81056
1978-01-23T08:18:10,0.00969,9.69e-06,68292825355.28439
1978-01-23T08:31:39,0.00928,9.28e-06,65403242445.514885
1978-01-23T08:44:38,0.00924,9.24e-06,65121331917.73248
1978-01-23T08:58:36,0.00954,9.54e-06,67235660876.100426
1978-01-23T09:12:05,0.00962,9.62e-06,67799481931.665215
1978-01-23T09:25:33,0.00964,9.64e-06,67940437195.5564
1978-01-23T09:39:02,0.00961,9.61e-06,67729004299.71962
1978-01-23T09:52:31,0.00964,9.64e-06,67940437195.5564
1978-01-23T10:05:59,0.00917,9.17e-06,64627988494.1133
1978-01-23T10:19:28,0.00913,9.13e-06,64346077966.3309
1978-01-23T10:32:56,0.0088,8.8e-06,62020316112.12618
1978-01-23T10:46:25,0.00917,9.17e-06,64627988494.1133
1978-01-23T10:57:12,0.00939,9.390000000000002e-06,66178496396.91647
1978-01-23T11:18:16,0.00919,9.19e-06,64768943758.00449
1978-01-23T11:31:45,0.00926,9.26e-06,65262287181.62368
1978-01-23T11:41:42,0.00786,7.860000000000001e-06,55395418709.23998
1978-01-23T11:42:10,0.00641,6.41e-06,45176162077.12827
1978-01-23T11:48:54,0.0092,9.2e-06,64839421389.950096
1978-01-23T12:19:32,0.00901,9.01e-06,63500346382.98374
1978-01-23T12:33:00,0.00897,8.97e-06,63218435855.20134
1978-01-23T12:46:29,0.00908,9.08e-06,63993689806.60291
1978-01-23T13:01:11,0.00963,9.63e-06,67869959563.6108
1978-01-23T13:14:40,0.00963,9.63e-06,67869959563.6108
1978-01-23T13:28:08,0.00963,9.63e-06,67869959563.6108
1978-01-23T13:36:06,0.00963,9.63e-06,67869959563.6108
1978-01-23T16:00:40,0.01297,1.297e-05,91409488633.44052
1978-01-23T16:20:32,0.01216,1.216e-05,85700800445.84708
1978-01-23T16:34:22,0.01059,1.059e-05,74635812230.3882
1978-01-23T16:47:50,0.00994,9.94e-06,70054766153.92433
1978-01-23T17:01:19,0.0096,9.6e-06,67658526667.77401
1978-01-23T17:14:47,0.00958,9.58e-06,67517571403.88282
1978-01-23T17:28:16,0.00961,9.61e-06,67729004299.71962
1978-01-23T17:41:45,0.00963,9.63e-06,67869959563.6108
1978-01-23T17:55:32,0.00944,9.44e-06,66530884556.64445
1978-01-23T18:08:42,0.00976,9.76e-06,68786168778.90358
1978-01-23T18:22:10,0.00979,9.79e-06,68997601674.74039
1978-01-23T18:35:39,0.01004,1.004e-05,70759542473.38033
1978-01-23T18:48:31,0.01122,1.122e-05,79075903042.96088
1978-01-23T18:57:42,0.01298,1.298e-05,91479966265.38612
1978-01-24T02:08:46,0.06499,6.499000000000001e-05,458034130014.441
1978-01-24T02:09:03,0.05221,5.221e-05,367963716387.96686
1978-01-24T02:09:36,0.0353,3.53e-05,248786040767.96063
1978-01-24T02:09:52,0.02405,2.405e-05,169498704829.16302
1978-01-24T02:11:06,0.01879,1.879e-05,132427470425.77852
1978-01-24T02:11:06,0.04498,4.498e-05,317008388491.2995
1978-01-24T02:11:18,0.01459,1.459e-05,102826865008.62738
1978-01-24T02:11:42,0.0306,3.06e-05,215661553753.5297
1978-01-24T02:16:37,0.01169,1.1690000000000002e-05,82388351744.40399
1978-01-24T02:30:08,0.01138,1.138e-05,80203545154.09044
1978-01-24T02:43:38,0.0115,1.15e-05,81049276737.43762
1978-01-24T02:57:09,0.01214,1.214e-05,85559845181.9559
1978-01-24T03:10:39,0.01176,1.176e-05,82881695168.02316
1978-01-24T03:29:04,0.01153,1.153e-05,81260709633.2744
1978-01-24T03:43:44,0.01098,1.098e-05,77384439876.26653
1978-01-24T03:55:29,0.01218,1.218e-05,85841755709.73828
1978-01-24T04:12:40,0.01926,1.926e-05,135739919127.2216
1978-01-24T04:13:33,0.02433,2.4330000000000003e-05,171472078523.63977
1978-01-24T04:13:36,0.01602,1.602e-05,112905166376.84789
1978-01-24T04:13:54,0.03208,3.208e-05,226092243281.47812
1978-01-24T04:14:12,0.0124,1.24e-05,87392263612.54143
1978-01-24T04:24:57,0.01152,1.1520000000000002e-05,81190232001.32883
1978-01-24T04:44:36,0.01152,1.1520000000000002e-05,81190232001.32883
1978-01-24T05:04:52,0.01294,1.294e-05,91198055737.60371
1978-01-24T05:09:10,0.04007,4.007e-05,282403871206.0109
1978-01-24T05:10:01,0.01796,1.796e-05,126577826974.29388
1978-01-24T05:10:23,0.02729,2.729e-05,192333457579.53677
1978-01-24T05:10:45,0.02227,2.227e-05,156953686342.8466
1978-01-24T05:11:00,0.03111,3.111e-05,219255912982.75516
1978-01-24T05:12:14,0.01507,1.507e-05,106209791342.01608
1978-01-24T05:13:28,0.01263,1.263e-05,89013249147.29019
1978-01-24T05:18:59,0.01002,1.002e-05,70618587209.48912
1978-01-24T05:49:04,0.01228,1.228e-05,86546532029.19424
1978-01-24T06:02:35,0.01182,1.182e-05,83304560959.69676
1978-01-24T06:14:52,0.01218,1.218e-05,85841755709.73828
1978-01-24T06:23:27,0.01432,1.432e-05,100923968946.09622
1978-01-24T06:36:58,0.01302,1.302e-05,91761876793.1685
1978-01-24T06:49:52,0.01266,1.266e-05,89224682043.12697
1978-01-24T07:03:59,0.01207,1.207e-05,85066501758.3367
1978-01-24T07:11:58,0.01207,1.207e-05,85066501758.3367
1978-01-24T07:28:33,0.01231,1.231e-05,86757964925.03105
1978-01-24T07:50:39,0.01314,1.314e-05,92607608376.51569
1978-01-24T08:04:09,0.01309,1.309e-05,92255220216.78767
1978-01-24T08:15:13,0.01388,1.388e-05,97822953140.48994
1978-01-24T08:38:33,0.01583,1.583e-05,111566091369.88152
1978-01-24T08:51:26,0.01413,1.413e-05,99584893939.12988
1978-01-24T08:59:25,0.01212,1.212e-05,85418889918.0647
1978-01-24T09:01:39,0.01024,1.024e-05,72169095112.29228
1978-01-24T09:02:07,0.00789,7.889999999999999e-06,55606851605.07676
1978-01-24T09:14:09,0.01069,1.069e-05,75340588549.8442
1978-01-24T09:27:40,0.01135,1.135e-05,79992112258.25366
1978-01-24T09:42:01,0.01141,1.141e-05,80414978049.92725
1978-01-24T09:48:33,0.02112,2.112e-05,148848758669.10284
1978-01-24T09:48:33,0.01759,1.7590000000000003e-05,123970154592.30678
1978-01-24T09:48:49,0.02714,2.714e-05,191276293100.3528
1978-01-24T09:49:09,0.03561,3.5610000000000006e-05,250970847358.2743
1978-01-24T09:49:34,0.01356,1.356e-05,95567668918.2308
1978-01-24T09:53:27,0.01064,1.064e-05,74988200390.1162
1978-01-24T10:13:06,0.01113,1.113e-05,78441604355.45049
1978-01-24T10:27:50,0.04318,4.318e-05,304322414741.0919
1978-01-24T10:28:04,0.01317,1.317e-05,92819041272.35248
1978-01-24T10:28:40,0.02088,2.088e-05,147157295502.40848
1978-01-24T10:29:32,0.01716,1.7160000000000002e-05,120939616418.64606
1978-01-24T10:29:34,0.02847,2.847e-05,200649818149.1173
1978-01-24T10:29:34,0.02378,2.378e-05,167595808766.63187
1978-01-24T10:29:41,0.04909,4.9090000000000006e-05,345974695220.94025
1978-01-24T10:29:50,0.03583,3.583e-05,252521355261.0774
1978-01-24T10:33:59,0.01326,1.326e-05,93453339959.86284
1978-01-24T10:41:21,0.01135,1.135e-05,79992112258.25366
1978-01-24T10:48:43,0.01135,1.135e-05,79992112258.25366
1978-01-24T11:05:18,0.01158,1.158e-05,81613097793.00241
1978-01-24T11:22:48,0.01127,1.127e-05,79428291202.68887
1978-01-24T11:38:19,0.01023,1.023e-05,72098617480.34668
1978-01-24T11:43:27,0.00742,7.420000000000001e-06,52294402903.63367
1978-01-24T11:50:47,0.01024,1.024e-05,72169095112.29228
1978-01-24T11:57:29,0.01359,1.359e-05,95779101814.06758
1978-01-24T12:00:00,0.01772,1.772e-05,124886363807.59952
1978-01-24T12:05:47,0.02128,2.128e-05,149976400780.2324
1978-01-24T12:07:33,0.02557,2.557e-05,180211304884.8939
1978-01-24T12:07:35,0.0321,3.2099999999999994e-05,226233198545.3693
1978-01-24T12:09:38,0.01626,1.626e-05,114596629543.54224
1978-01-24T12:19:17,0.0143,1.43e-05,100783013682.20505
1978-01-24T12:31:52,0.014,1.4e-05,98668684723.8371
1978-01-24T12:45:23,0.01341,1.341e-05,94510504439.04684
1978-01-24T12:58:53,0.01374,1.374e-05,96836266293.25156
1978-01-24T13:06:15,0.01337,1.337e-05,94228593911.26443
1978-01-24T13:23:34,0.01312,1.312e-05,92466653112.62448
1978-01-24T17:09:57,0.01286,1.286e-05,90634234682.03894
1978-01-24T17:13:43,0.01615,1.6150000000000003e-05,113821375592.14069
1978-01-24T17:19:06,0.01976,1.976e-05,139263800724.5015
1978-01-24T17:21:25,0.02196,2.196e-05,154768879752.53305
1978-01-24T17:26:18,0.01796,1.796e-05,126577826974.29388
1978-01-24T17:33:14,0.01474,1.474e-05,103884029487.81134
1978-01-24T17:46:15,0.01316,1.316e-05,92748563640.40688
1978-01-24T17:59:46,0.01244,1.244e-05,87674174140.32382
1978-01-24T18:13:16,0.0124,1.24e-05,87392263612.54143
1978-01-24T18:26:47,0.01198,1.198e-05,84432203070.82631
1978-01-24T18:40:17,0.01259,1.259e-05,88731338619.5078
1978-01-24T18:54:29,0.01254,1.254e-05,88378950459.77982
1978-01-24T19:03:59,0.0161,1.6100000000000002e-05,113468987432.41267
1978-01-24T19:04:07,0.01941,1.941e-05,136797083606.4056
1978-01-24T19:04:14,0.02785,2.785e-05,196280204968.49023
1978-01-24T19:04:14,0.02326,2.326e-05,163930971905.4608
1978-01-24T19:04:14,0.04535,4.535000000000001e-05,319616060873.2866
1978-01-24T19:04:18,0.03447,3.447e-05,242936397316.47604
1978-01-24T19:08:32,0.01355,1.355e-05,95497191286.2852
1978-01-24T19:22:02,0.01328,1.328e-05,93594295223.75404
1978-01-24T19:35:33,0.01294,1.294e-05,91198055737.60371
1978-01-24T19:48:27,0.01336,1.336e-05,94158116279.31883
1978-01-24T20:05:01,0.01404,1.404e-05,98950595251.61948
1978-01-24T20:18:32,0.01282,1.282e-05,90352324154.25656
1978-01-24T20:32:02,0.0121,1.21e-05,85277934654.1735
1978-01-24T20:43:42,0.0116,1.16e-05,81754053056.8936
1978-01-24T21:09:38,0.01154,1.154e-05,81331187265.22
1978-01-24T21:22:30,0.01312,1.312e-05,92466653112.62448
1978-01-24T21:35:21,0.01257,1.257e-05,88590383355.6166
1978-01-24T21:45:00,0.01154,1.154e-05,81331187265.22
1978-01-25T08:10:37,0.02965,2.965e-05,208966178718.69788
1978-01-25T08:11:59,0.01488,1.4880000000000002e-05,104870716335.04971
1978-01-25T08:12:07,0.01891,1.891e-05,133273202009.12569
1978-01-25T08:12:19,0.02042,2.042e-05,143915324432.91098
1978-01-25T08:13:00,0.02602,2.602e-05,183382798322.44583
1978-01-25T08:24:56,0.01394,1.394e-05,98245818932.16351
1978-01-25T08:37:30,0.01378,1.378e-05,97118176821.03397
1978-01-25T08:38:21,0.01604,1.604e-05,113046121640.73907
1978-01-25T09:59:45,0.01226,1.226e-05,86405576765.30305
1978-01-25T10:13:32,0.01209,1.209e-05,85207457022.2279
1978-01-25T10:26:57,0.01258,1.258e-05,88660860987.5622
1978-01-25T10:42:07,0.01267,1.267e-05,89295159675.07257
1978-01-25T10:50:45,0.0122,1.2200000000000002e-05,85982710973.62949
1978-01-25T11:07:13,0.01222,1.222e-05,86123666237.52068
1978-01-25T11:18:54,0.01191,1.191e-05,83938859647.20714
1978-01-25T11:26:35,0.00768,7.680000000000001e-06,54126821334.219215
1978-01-25T11:28:34,0.00948,9.48e-06,66812795084.426834
1978-01-25T11:32:02,0.01142,1.142e-05,80485455681.87282
1978-01-25T11:58:04,0.0548,5.48e-05,386217423061.8767
1978-01-25T11:58:28,0.0803,8.03e-05,565935384523.1514
1978-01-25T11:58:28,0.06702,6.701999999999999e-05,472341089299.3973
1978-01-25T11:58:28,0.02714,2.714e-05,191276293100.3528
1978-01-25T11:58:44,0.03544,3.544e-05,249772727615.19904
1978-01-25T11:58:44,0.02071,2.071e-05,145959175759.3333
1978-01-25T11:59:05,0.01626,1.626e-05,114596629543.54224
1978-01-25T11:59:05,0.04669,4.669e-05,329060063553.9968
1978-01-25T11:59:05,0.01138,1.138e-05,80203545154.09044
1978-01-25T12:00:03,0.01311,1.311e-05,92396175480.67888
1978-01-25T12:47:47,0.00972,9.72e-06,68504258251.12119
1978-01-25T12:50:56,0.01147,1.147e-05,80837843841.60083
1978-01-25T13:01:18,0.01393,1.393e-05,98175341300.21793
1978-01-25T14:03:40,0.04615,4.615e-05,325254271428.9344
1978-01-25T14:04:09,0.02053,2.053e-05,144690578384.31256
1978-01-25T14:05:22,0.07465,7.465e-05,526115522473.8885
1978-01-25T14:05:22,0.09674,9.674e-05,681800611441.7145
1978-01-25T14:05:40,0.06023,6.023e-05,424486777208.3363
1978-01-25T14:05:59,0.03907,3.907e-05,275356108011.4511
1978-01-25T14:06:54,0.01823,1.823e-05,128480723036.82504
1978-01-25T14:07:05,0.02311,2.311e-05,162873807426.27682
1978-01-25T14:07:06,0.01476,1.476e-05,104024984751.70256
1978-01-25T14:07:15,0.02991,2.991e-05,210798597149.2834
1978-01-25T14:19:53,0.01317,1.317e-05,92819041272.35248
1978-01-25T14:31:00,0.01658,1.658e-05,116851913765.80138
1978-01-25T14:48:50,0.03372,3.372e-05,237650574920.55624
1978-01-25T14:48:50,0.02498,2.498e-05,176053124600.1036
1978-01-25T14:52:02,0.01913,1.913e-05,134823709911.92883
1978-01-25T14:59:12,0.33533,0.00033533,2363326432031.736
1978-01-25T15:00:17,0.15187,0.00015187,1070343796357.796
1978-01-25T15:00:17,0.08718,8.718e-05,614423995301.7228
1978-01-25T15:00:17,0.07118,7.117999999999999e-05,501659784188.76605
1978-01-25T15:00:17,0.05907,5.907e-05,416311371902.647
1978-01-25T15:00:17,0.27428,0.00027428,1933060489003.86
1978-01-25T15:00:17,0.23755,0.00023755,1674196146867.679
1978-01-25T15:00:26,0.12215,0.00012215,860884274215.4786
1978-01-25T15:00:27,0.1984,0.0001984,1398276217800.6628
1978-01-25T15:00:53,0.04961,4.961e-05,349639532082.1113
1978-01-25T15:00:53,0.04134,4.134e-05,291354530463.10187
1978-01-25T15:01:46,0.10329,0.00010329,727963460366.0812
1978-01-25T15:02:12,0.0353,3.53e-05,248786040767.96063
1978-01-25T15:03:56,0.02677,2.677e-05,188668620718.36563
1978-01-25T15:04:46,0.0137,1.37e-05,96554355765.46916
1978-01-25T15:04:46,0.01931,1.931e-05,136092307286.9496
1978-01-25T15:11:09,0.01772,1.772e-05,124886363807.59952
1978-01-25T15:33:26,0.02741,2.741e-05,193179189162.8839
1978-01-25T15:43:11,0.02955,2.955e-05,208261402399.24188
1978-01-25T16:06:10,0.02644,2.644e-05,186342858864.1609
1978-01-25T16:22:02,0.0282,2.82e-05,198746922086.58615
1978-01-25T16:32:24,0.02341,2.341e-05,164988136384.64478
1978-01-25T16:33:01,0.01513,1.513e-05,106632657133.68968
1978-01-25T16:33:13,0.01865,1.865e-05,131440783578.54012
1978-01-25T16:38:30,0.03105,3.105e-05,218833047191.0816
1978-01-25T16:43:23,0.03361,3.361e-05,236875320969.15463
1978-01-25T17:06:34,0.02219,2.2190000000000003e-05,156389865287.28183
1978-01-25T17:16:57,0.0638,6.379999999999999e-05,449647291812.91473
1978-01-25T17:16:57,0.01254,1.254e-05,88378950459.77982
1978-01-25T17:18:10,0.01108,1.108e-05,78089216195.72252
1978-01-25T17:18:33,0.01977,1.977e-05,139334278356.44708
1978-01-25T17:18:40,0.0143,1.43e-05,100783013682.20505
1978-01-25T17:19:10,0.04927,4.927e-05,347243292595.961
1978-01-25T17:19:23,0.07224,7.224e-05,509130413174.99945
1978-01-25T17:19:41,0.03766,3.766e-05,265418761907.12183
1978-01-25T17:21:28,0.02616,2.616e-05,184369485169.68417
1978-01-25T17:21:50,0.03148,3.1480000000000004e-05,221863585364.7423
1978-01-25T17:26:42,0.09933,9.933e-05,700054318115.6241
1978-01-25T17:30:10,0.02043,2.043e-05,143985802064.85657
1978-01-25T17:37:41,0.01679,1.679e-05,118331944036.65892
1978-01-25T17:43:03,0.01257,1.257e-05,88590383355.6166
1978-01-25T17:48:40,0.01644,1.644e-05,115865226918.563
1978-01-25T17:50:48,0.01492,1.492e-05,105152626862.8321
1978-01-25T18:03:11,0.02965,2.965e-05,208966178718.69788
1978-01-25T18:03:55,0.02101,2.101e-05,148073504717.70123
1978-01-25T18:04:32,0.0268,2.68e-05,188880053614.20245
1978-01-25T18:04:59,0.01697,1.697e-05,119600541411.67969
1978-01-25T18:14:10,0.01357,1.357e-05,95638146550.1764
1978-01-25T18:17:21,0.01198,1.198e-05,84432203070.82631
1978-01-25T18:35:22,0.01897,1.897e-05,133696067800.79926
1978-01-25T18:36:16,0.0227,2.2700000000000003e-05,159984224516.50732
1978-01-25T18:36:16,0.03975,3.975e-05,280148586983.7518
1978-01-25T18:36:16,0.03291,3.291e-05,231941886732.9628
1978-01-25T18:36:16,0.02746,2.746e-05,193531577322.6119
1978-01-25T18:36:16,0.07581,7.581000000000001e-05,534290927779.578
1978-01-25T18:36:16,0.06709,6.709e-05,472834432723.0165
1978-01-25T18:36:32,0.05139,5.139e-05,362184550568.4278
1978-01-25T19:36:03,0.01484,1.4840000000000002e-05,104588805807.26732
1978-01-25T19:45:36,0.01805,1.805e-05,127212125661.80428
1978-01-25T19:57:29,0.01792,1.7919999999999998e-05,126295916446.51146
1978-01-25T20:07:47,0.01907,1.907e-05,134400844120.25526
1978-01-25T20:18:09,0.03937,3.937e-05,277470436969.8191
1978-01-25T20:19:00,0.03189,3.189e-05,224753168274.5118
1978-01-25T20:23:49,0.0257,2.57e-05,181127514100.1867
1978-01-25T20:54:23,0.01768,1.768e-05,124604453279.81714
1978-01-25T21:03:44,0.01934,1.934e-05,136303740182.7864
1978-01-25T21:03:50,0.10205,0.00010205,719224234004.8269
1978-01-25T21:04:31,0.02817,2.817e-05,198535489190.74936
1978-01-25T21:04:31,0.02348,2.348e-05,165481479808.26395
1978-01-25T21:05:08,0.05901,5.901e-05,415888506110.9734
1978-01-25T21:06:37,0.15238,0.00015238,1073938155587.0212
1978-01-25T21:06:43,0.0366,3.66e-05,257948132920.88843
1978-01-25T21:07:14,0.07227,7.227e-05,509341846070.8362
1978-01-25T21:07:16,0.04938,4.938e-05,348018546547.3626
1978-01-25T21:10:00,0.08718,8.718e-05,614423995301.7228
1978-01-26T03:53:52,0.03929,3.929e-05,276906615914.2542
1978-01-26T04:07:23,0.03567,3.567e-05,251393713149.9478
1978-01-26T04:20:54,0.03252,3.252e-05,229193259087.08447
1978-01-26T04:34:25,0.03238,3.238e-05,228206572239.84607
1978-01-26T04:47:56,0.03235,3.235e-05,227995139344.00928
1978-01-26T05:01:28,0.02859,2.859e-05,201495549732.4645
1978-01-26T05:14:59,0.02776,2.776e-05,195645906280.9799
1978-01-26T05:28:30,0.02833,2.833e-05,199663131301.8789
1978-01-26T05:38:57,0.02974,2.974e-05,209600477406.20825
1978-01-26T05:45:42,0.03545,3.545e-05,249843205247.14465
1978-01-26T06:10:17,0.03149,3.149e-05,221934062996.68787
1978-01-26T06:23:49,0.03387,3.387e-05,238707739399.74017
1978-01-26T06:31:48,0.03403,3.403e-05,239835381510.8697
1978-01-26T07:00:41,0.03944,3.944e-05,277963780393.43823
1978-01-26T07:14:12,0.04287,4.287e-05,302137608150.7783
1978-01-26T07:27:43,0.04604,4.604e-05,324479017477.5329
1978-01-26T07:40:45,0.04274,4.274e-05,301221398935.4856
1978-01-26T07:54:46,0.03695,3.695e-05,260414850038.9843
1978-01-26T08:07:40,0.03108,3.108e-05,219044480086.9184
1978-01-26T08:14:55,0.02469,2.469e-05,174009273273.6813
1978-01-26T08:15:02,0.01998,1.998e-05,140814308627.3047
1978-01-26T14:42:49,0.02121,2.121e-05,149483057356.6132
1978-01-26T15:12:51,0.02337,2.337e-05,164706225856.86234
1978-01-26T15:19:17,0.02239,2.239e-05,157799417926.1938
1978-01-26T16:19:54,0.02518,2.5180000000000003e-05,177462677239.0156
1978-01-26T16:33:26,0.02622,2.622e-05,184792350961.35776
1978-01-26T16:46:20,0.02479,2.479e-05,174714049593.13727
1978-01-26T17:05:55,0.10154,0.00010154,715629874775.6014
1978-01-26T17:06:37,0.03283,3.283e-05,231378065677.398
1978-01-26T17:06:37,0.19144,0.00019144,1349223785966.5266
1978-01-26T17:06:37,0.1525,0.0001525,1074783887170.3684
1978-01-26T17:06:37,0.12718,0.0001271799999999,896334523084.1144
1978-01-26T17:07:01,0.07702,7.702e-05,542818721244.9953
1978-01-26T17:07:14,0.06175,6.175e-05,435199377264.0672
1978-01-26T17:07:14,0.05161,5.161e-05,363735058471.2309
1978-01-26T17:07:24,0.04055,4.055e-05,285786797539.3996
1978-01-26T17:07:35,0.02535,2.5350000000000003e-05,178660796982.09076
1978-01-26T17:16:39,0.02413,2.413e-05,170062525884.72778
1978-01-26T17:28:29,0.02681,2.6810000000000003e-05,188950531246.14807
1978-01-26T17:31:12,0.03147,3.147e-05,221793107732.7967
1978-01-26T17:41:02,0.02366,2.366e-05,166750077183.28473
1978-01-26T17:54:33,0.02334,2.334e-05,164494792961.02557
1978-01-26T18:08:04,0.02298,2.298e-05,161957598210.98404
1978-01-26T18:21:35,0.02293,2.293e-05,161605210051.25604
1978-01-26T18:35:06,0.02174,2.174e-05,153218371849.7299
1978-01-26T18:46:10,0.02117,2.117e-05,149201146828.83084
1978-01-26T19:45:10,0.0214,2.14e-05,150822132363.57953
1978-01-26T19:58:04,0.02214,2.214e-05,156037477127.55383
1978-01-26T20:02:08,0.02441,2.441e-05,172035899579.20456
1978-01-26T20:15:00,0.02239,2.239e-05,157799417926.1938
1978-01-26T20:18:13,0.01897,1.897e-05,133696067800.79926
1978-01-26T20:18:58,0.01426,1.426e-05,100501103154.42264
1978-01-26T20:19:03,0.01103,1.103e-05,77736828035.9945
1978-01-26T20:34:17,0.02548,2.548e-05,179577006197.38354
1978-01-26T20:37:30,0.02337,2.337e-05,164706225856.86234
1978-01-26T20:43:55,0.02337,2.337e-05,164706225856.86234
1978-01-26T20:43:55,0.02661,2.661e-05,187540978607.23608
1978-01-26T20:47:08,0.02901,2.901e-05,204455610274.17963
1978-01-26T20:47:08,0.04467,4.467e-05,314823581900.986
1978-01-26T20:50:55,0.04098,4.098e-05,288817335713.0604
1978-01-26T20:52:11,0.03495,3.495e-05,246319323649.8648
1978-01-26T20:56:27,0.03063,3.063e-05,215872986649.3665
1978-01-26T21:07:38,0.02769,2.769e-05,195152562857.36063
1978-01-26T21:20:25,0.04306,4.306e-05,303476683157.74475
1978-01-26T21:20:57,0.02725,2.725e-05,192051547051.7544
1978-01-26T21:21:09,0.03742,3.742e-05,263727298740.4275
1978-01-26T21:32:42,0.02469,2.469e-05,174009273273.6813
1978-01-26T21:58:31,0.03998,3.998e-05,281769572518.50055
1978-01-26T21:58:31,0.06808,6.808e-05,479811718285.6307
1978-01-26T21:58:54,0.05133,5.1330000000000005e-05,361761684776.7542
1978-01-26T21:58:57,0.02424,2.424e-05,170837779836.1294
1978-01-26T22:00:01,0.03237,3.2370000000000003e-05,228136094607.9005
1978-01-26T22:05:31,0.01829,1.8290000000000003e-05,128903588828.49864
1978-01-26T22:07:44,0.0115,1.15e-05,81049276737.43762
1978-01-26T22:08:30,0.01425,1.425e-05,100430625522.47704
1978-01-26T22:14:30,0.02044,2.044e-05,144056279696.80215
1978-01-26T22:35:05,0.01986,1.986e-05,139968577043.9575
1978-01-26T22:39:05,0.26036,0.00026036,1834955625335.588
1978-01-26T22:39:17,0.17303,0.00017303,1219474465554.681
1978-01-26T22:39:41,0.21123,0.00021123,1488699019586.865
1978-01-26T22:40:31,0.04318,4.318e-05,304322414741.0919
1978-01-26T22:40:55,0.1089,0.0001089,767501411887.5614
1978-01-26T22:40:55,0.09081,9.081e-05,640007375697.9749
1978-01-26T22:40:55,0.07573,7.573000000000001e-05,533727106724.0132
1978-01-26T22:40:55,0.06316,6.316e-05,445136723368.3965
1978-01-26T22:40:55,0.05267,5.267e-05,371205687457.4644
1978-01-26T22:41:06,0.13708,0.00013708,966107378710.2563
1978-01-26T22:42:09,0.03567,3.567e-05,251393713149.9478
1978-01-26T22:42:09,0.02975,2.975e-05,209670955038.15384
1978-01-26T22:45:23,0.02433,2.4330000000000003e-05,171472078523.63977
1978-01-26T22:47:17,0.02077,2.077e-05,146382041551.00687
1978-01-26T22:55:03,0.02581,2.581e-05,181902768051.58823
1978-01-26T23:09:01,0.03318,3.3180000000000004e-05,233844782795.494
1978-01-26T23:15:48,0.02654,2.654e-05,187047635183.6169
1978-01-26T23:16:34,0.03474,3.474e-05,244839293379.00723
1978-01-26T23:17:11,0.04158,4.158e-05,293045993629.79614
1978-01-26T23:28:14,0.06593,6.593e-05,464659027417.3272
1978-01-26T23:53:34,0.06879,6.879000000000001e-05,484815630153.76825
1978-01-27T00:03:14,0.07182,7.182e-05,506170352633.2843
1978-01-27T00:13:19,0.06168,6.168e-05,434706033840.44806
1978-01-27T00:23:46,0.05135,5.135e-05,361902640040.6454
1978-01-27T00:31:45,0.0429,4.29e-05,302349041046.6151
1978-01-27T00:42:54,0.03802,3.802e-05,267955956657.16333
1978-01-27T00:53:51,0.04432,4.432e-05,312356864782.8901
1978-01-27T00:53:51,0.03523,3.523e-05,248292697344.34152
1978-01-27T00:53:51,0.12598,0.00012598,887877207250.6428
1978-01-27T00:53:51,0.07855,7.855e-05,553601798932.6718
1978-01-27T00:53:51,0.06562,6.562e-05,462474220827.0136
1978-01-27T00:53:51,0.05802,5.802e-05,408911220548.35925
1978-01-27T00:55:41,0.09834,9.834e-05,693077032553.01
1978-01-27T08:29:11,0.02543,2.543e-05,179224618037.65555
1978-01-27T08:41:16,0.03049,3.049e-05,214886299802.12808
1978-01-27T08:47:12,0.03799,3.799e-05,267744523761.3265
1978-01-27T08:54:46,0.04707,4.707e-05,331738213567.92944
1978-01-27T08:57:01,0.0497,4.97e-05,350273830769.62177
1978-01-27T09:06:06,0.03771,3.771e-05,265771150066.84985
1978-01-27T09:17:17,0.03053,3.053e-05,215168210329.9105
1978-01-27T09:31:56,0.02899,2.899e-05,204314655010.2884
1978-01-27T09:37:17,0.02548,2.548e-05,179577006197.38354
1978-01-27T09:43:47,0.03353,3.353e-05,236311499913.58984
1978-01-27T09:57:48,0.03377,3.3770000000000004e-05,238002963080.28424
1978-01-27T10:11:19,0.03092,3.092e-05,217916837975.7888
1978-01-27T10:21:17,0.03296,3.296e-05,232294274892.6908
1978-01-27T10:24:49,0.04152,4.152e-05,292623127838.1226
1978-01-27T10:28:41,0.05011,5.011e-05,353163413679.39124
1978-01-27T10:35:15,0.08006,8.006e-05,564243921356.457
1978-01-27T10:35:52,0.0636,6.36e-05,448237739174.0028
1978-01-27T10:46:33,0.04744,4.7440000000000007e-05,334345885949.9166
1978-01-27T10:57:58,0.03954,3.954e-05,278668556712.89417
1978-01-27T11:10:15,0.03395,3.395e-05,239271560455.30496
1978-01-27T11:22:44,0.03031,3.031e-05,213617702427.1073
1978-01-27T11:37:16,0.02849,2.8490000000000003e-05,200790773413.0085
1978-01-27T11:51:43,0.02533,2.533e-05,178519841718.19955
1978-01-27T12:03:09,0.02424,2.424e-05,170837779836.1294
1978-01-27T12:11:39,0.02382,2.382e-05,167877719294.41428
1978-01-27T14:32:25,0.036,3.6e-05,253719475004.15256
1978-01-27T14:36:32,0.03323,3.3230000000000005e-05,234197170955.22195
1978-01-27T14:48:49,0.02867,2.867e-05,202059370788.02927
1978-01-27T14:55:08,0.02548,2.548e-05,179577006197.38354
1978-01-27T17:35:12,0.05499,5.499e-05,387556498068.843
1978-01-27T17:35:12,0.04454,4.454e-05,313907372685.6932
1978-01-27T17:35:24,0.03663,3.663000000000001e-05,258159565816.72528
1978-01-27T17:36:05,0.02782,2.782e-05,196068772072.65344
1978-01-27T17:36:53,0.02116,2.116e-05,149130669196.88522
1978-01-27T18:00:37,0.02903,2.903e-05,204596565538.0708
1978-01-27T18:06:06,0.02454,2.454e-05,172952108794.4973
1978-01-27T18:20:28,0.02184,2.184e-05,153923148169.18585
1978-01-27T18:46:08,0.03154,3.154e-05,222286451156.41583
1978-01-27T18:55:23,0.03609,3.609e-05,254353773691.66287
1978-01-27T19:00:02,0.03042,3.042e-05,214392956378.5089
1978-01-27T19:14:21,0.02886,2.886e-05,203398445794.99564
1978-01-27T19:23:27,0.02363,2.363e-05,166538644287.44794
1978-01-27T19:34:55,0.02419,2.419e-05,170485391676.4014
1978-01-27T19:48:25,0.02261,2.261e-05,159349925828.99695
1978-01-27T20:01:03,0.02083,2.083e-05,146804907342.68048
1978-01-27T20:16:03,0.02133,2.133e-05,150328788939.96036
1978-01-27T21:03:56,0.01226,1.226e-05,86405576765.30305
1978-01-27T21:04:08,0.02056,2.056e-05,144902011280.14932
1978-01-27T21:05:39,0.01434,1.434e-05,101064924209.98744
1978-01-27T21:07:53,0.01726,1.726e-05,121644392738.10204
1978-01-27T21:18:40,0.02191,2.191e-05,154416491592.80505
1978-01-27T21:18:45,0.01689,1.689e-05,119036720356.11488
1978-01-27T21:18:52,0.01385,1.385e-05,97611520244.65312
1978-01-27T21:19:54,0.04694,4.694e-05,330822004352.63666
1978-01-27T21:21:34,0.03161,3.161e-05,222779794580.03503
1978-01-27T21:21:44,0.1,0.0001,704776319455.9794
1978-01-27T21:21:44,0.01269,1.269e-05,89436114938.96378
1978-01-27T21:22:09,0.03781,3.7810000000000006e-05,266475926386.30585
1978-01-27T21:28:02,0.02546,2.546e-05,179436050933.49234
1978-01-27T21:30:57,0.0157,1.57e-05,110649882154.58876
1978-01-27T21:31:01,0.01843,1.843e-05,129890275675.73695
1978-01-27T21:33:28,0.09493,9.493e-05,669044160059.5612
1978-01-27T21:33:41,0.06557,6.557000000000001e-05,462121832667.2856
1978-01-27T21:34:01,0.05011,5.011e-05,353163413679.39124
1978-01-27T21:34:01,0.04186,4.186e-05,295019367324.27295
1978-01-27T21:34:38,0.0346,3.46e-05,243852606531.7689
1978-01-27T21:36:07,0.02683,2.683e-05,189091486510.03925
1978-01-27T21:41:32,0.0228,2.28e-05,160689000835.9633
1978-01-27T21:52:26,0.02356,2.356e-05,166045300863.82874
1978-01-27T22:12:05,0.01867,1.867e-05,131581738842.43132
1978-01-27T22:19:27,0.02375,2.375e-05,167384375870.79507
1978-01-27T22:33:19,0.02268,2.268e-05,159843269252.6161
1978-01-27T22:40:20,0.02249,2.249e-05,158504194245.64975
1978-01-27T23:21:05,0.03561,3.5610000000000006e-05,250970847358.2743
1978-01-27T23:22:41,0.03031,3.031e-05,213617702427.1073
1978-01-27T23:23:02,0.02373,2.373e-05,167243420606.9039
1978-01-27T23:39:16,0.0444,4.44e-05,312920685838.45483
1978-01-27T23:39:16,0.03709,3.709e-05,261401536886.2227
1978-01-27T23:39:32,0.05742,5.742e-05,404682562631.6233
1978-01-27T23:39:33,0.02849,2.8490000000000003e-05,200790773413.0085
1978-01-27T23:39:53,0.07571,7.571e-05,533586151460.122
1978-01-27T23:44:11,0.02087,2.087e-05,147086817870.4629
1978-01-28T00:22:26,0.03032,3.032e-05,213688180059.0529
1978-01-28T00:27:07,0.01528,1.528e-05,107689821612.87364
1978-01-28T00:27:23,0.01927,1.927e-05,135810396759.1672
1978-01-28T00:27:52,0.02478,2.478e-05,174643571961.19165
1978-01-28T01:14:06,0.02281,2.281e-05,160759478467.90887
1978-01-28T01:29:55,0.04035,4.035e-05,284377244900.4876
1978-01-28T01:31:37,0.02402,2.402e-05,169287271933.32623
1978-01-28T01:31:49,0.03064,3.064e-05,215943464281.31204
1978-01-28T01:32:39,0.02026,2.026e-05,142787682321.7814
1978-01-28T01:32:39,0.01729,1.729e-05,121855825633.9388
1978-01-28T02:10:08,0.02056,2.056e-05,144902011280.14932
1978-01-28T02:43:08,0.01961,1.961e-05,138206636245.31754
1978-01-28T02:58:36,0.02655,2.655e-05,187118112815.56253
1978-01-28T03:06:01,0.02178,2.178e-05,153500282377.5123
1978-01-28T03:19:49,0.02013,2.013e-05,141871473106.48862
1978-01-28T03:25:15,0.02258,2.258e-05,159138492933.16013
1978-01-28T03:33:13,0.02093,2.093e-05,147509683662.13647
1978-01-28T03:46:49,0.0203,2.03e-05,143069592849.56378
1978-01-28T04:00:25,0.0203,2.03e-05,143069592849.56378
1978-01-28T04:14:02,0.02119,2.119e-05,149342102092.72202
1978-01-28T04:25:20,0.02419,2.419e-05,170485391676.4014
1978-01-28T04:29:23,0.02787,2.787e-05,196421160232.3814
1978-01-28T04:33:49,0.0262,2.6200000000000003e-05,184651395697.46655
1978-01-28T04:46:48,0.02383,2.383e-05,167948196926.35986
1978-01-28T05:08:26,0.02102,2.102e-05,148143982349.64685
1978-01-28T05:23:12,0.02182,2.182e-05,153782192905.29468
1978-01-28T05:27:07,0.0344,3.44e-05,242443053892.8569
1978-01-28T05:28:51,0.03095,3.095e-05,218128270871.6256
1978-01-28T05:32:11,0.02564,2.564e-05,180704648308.5131
1978-01-28T05:35:11,0.02385,2.385e-05,168089152190.25107
1978-01-28T05:36:44,0.03162,3.1620000000000006e-05,222850272211.98068
1978-01-28T05:45:32,0.02826,2.826e-05,199169787878.25974
1978-01-28T05:46:22,0.03743,3.743e-05,263797776372.37305
1978-01-28T05:56:29,0.02977,2.977e-05,209811910302.04504
1978-01-28T06:07:48,0.02506,2.506e-05,176616945655.66843
1978-01-28T06:21:24,0.02352,2.352e-05,165763390336.04633
1978-01-28T06:33:09,0.02345,2.345e-05,165270046912.42715
1978-01-28T06:47:22,0.02257,2.257e-05,159068015301.21454
1978-01-28T07:07:09,0.02136,2.136e-05,150540221835.7972
1978-01-28T07:20:01,0.01987,1.987e-05,140039054675.90308
1978-01-28T07:36:03,0.01993,1.993e-05,140461920467.5767
1978-01-28T07:36:50,0.02452,2.452e-05,172811153530.6061
1978-01-28T07:37:08,0.0316,3.16e-05,222709316948.08948
1978-01-28T07:43:26,0.02024,2.0240000000000003e-05,142646727057.89023
1978-01-28T07:49:20,0.02018,2.018e-05,142223861266.2166
1978-01-28T07:52:17,0.03545,3.545e-05,249843205247.14465
1978-01-28T07:52:44,0.0258,2.58e-05,181832290419.64264
1978-01-28T08:01:34,0.02063,2.063e-05,145395354703.76852
1978-01-28T08:12:00,0.02564,2.564e-05,180704648308.5131
1978-01-28T08:13:53,0.03162,3.1620000000000006e-05,222850272211.98068
1978-01-28T08:19:17,0.02885,2.885e-05,203327968163.05
1978-01-28T08:23:31,0.02562,2.562e-05,180563693044.62192
1978-01-28T08:32:29,0.02286,2.286e-05,161111866627.63684
1978-01-28T08:46:05,0.02285,2.285e-05,161041388995.69125
1978-01-28T09:00:26,0.02215,2.215e-05,156107954759.49942
1978-01-28T09:13:17,0.02103,2.103e-05,148214459981.59244
1978-01-28T09:27:08,0.02206,2.206e-05,155473656071.989
1978-01-28T09:40:30,0.02151,2.151e-05,151597386314.98117
1978-01-28T09:54:06,0.02297,2.297e-05,161887120579.03845
1978-01-28T10:05:13,0.02364,2.364e-05,166609121919.39352
1978-01-28T11:10:17,0.02355,2.3550000000000003e-05,165974823231.88315
1978-01-28T11:30:33,0.18483,0.00018483,1302638071250.4866
1978-01-28T11:31:10,0.31649,0.00031649,2230546573446.229
1978-01-28T11:31:16,0.23467,0.00023467,1653898588867.3467
1978-01-28T11:31:27,0.13165,0.00013165,927838024563.7968
1978-01-28T13:18:20,0.02072,2.072e-05,146029653391.2789
1978-01-28T13:31:39,0.01883,1.883e-05,132709380953.56091
1978-01-28T13:43:35,0.01995,1.995e-05,140602875731.46786
1978-01-28T13:59:21,0.01964,1.964e-05,138418069141.15433
1978-01-28T14:00:27,0.06917,6.917e-05,487493780167.7009
1978-01-28T14:00:53,0.05688,5.688e-05,400876770506.561
1978-01-28T14:01:05,0.03145,3.145e-05,221652152468.9055
1978-01-28T14:01:25,0.04035,4.035e-05,284377244900.4876
1978-01-28T14:02:02,0.04886,4.886e-05,344353709686.1915
1978-01-28T14:04:41,0.02456,2.456e-05,173093064058.3885
1978-01-28T14:07:51,0.02062,2.062e-05,145324877071.8229
1978-01-28T14:11:19,0.0267,2.67e-05,188175277294.7465
1978-01-28T14:29:25,0.06484,6.484e-05,456976965535.25696
1978-01-28T14:30:00,0.03862,3.862e-05,272184614573.8992
1978-01-28T14:30:29,0.08089,8.089e-05,570093564807.9417
1978-01-28T14:31:00,0.04968,4.9680000000000005e-05,350132875505.7306
1978-01-28T14:31:06,0.03252,3.252e-05,229193259087.08447
1978-01-28T14:31:06,0.09684,9.684e-05,682505387761.1704
1978-01-28T14:32:05,0.02633,2.633e-05,185567604912.75937
1978-01-28T14:40:18,0.02448,2.448e-05,172529243002.82373
1978-01-28T14:53:03,0.0237,2.37e-05,167031987711.06708
1978-01-28T15:02:01,0.02383,2.383e-05,167948196926.35986
1978-01-28T16:14:58,0.02035,2.035e-05,143421981009.2918
1978-01-28T16:28:34,0.02039,2.039e-05,143703891537.07416
1978-01-28T16:42:11,0.02003,2.003e-05,141166696787.03265
1978-01-28T16:55:47,0.02027,2.027e-05,142858159953.727
1978-01-28T17:09:23,0.02326,2.326e-05,163930971905.4608
1978-01-28T17:22:22,0.02141,2.141e-05,150892609995.52515
1978-01-28T17:38:27,0.01966,1.966e-05,138559024405.04553
1978-01-28T17:48:20,0.05682,5.682e-05,400453904714.8874
1978-01-28T17:48:29,0.04549,4.549000000000001e-05,320602747720.525
1978-01-28T17:55:08,0.01961,1.961e-05,138206636245.31754
1978-01-28T22:09:53,0.0212,2.12e-05,149412579724.6676
1978-01-28T22:27:12,0.02005,2.005e-05,141307652050.92383
1978-01-28T22:36:36,0.0199,1.9900000000000003e-05,140250487571.7399
1978-01-28T22:49:27,0.01961,1.961e-05,138206636245.31754
1978-01-29T00:51:32,0.14065,0.00014065,991267893314.8348
1978-01-29T01:00:45,0.13013,0.00013013,917125424508.066
1978-01-29T01:03:20,0.02731,2.731e-05,192474412843.42795
1978-01-29T01:04:28,0.03522,3.5220000000000005e-05,248222219712.396
1978-01-29T01:04:46,0.06418,6.418e-05,452325441826.84753
1978-01-29T01:04:46,0.05368,5.368e-05,378323928283.96967
1978-01-29T01:04:46,0.04489,4.489e-05,316374089803.78906
1978-01-29T01:05:11,0.07896,7.896e-05,556491381842.4413
1978-01-29T01:06:23,0.10225,0.0001022499999999,720633786643.7388
1978-01-29T01:08:27,0.1372,0.0001372,966953110293.6036
1978-01-29T01:16:26,0.01876,1.876e-05,132216037529.94173
1978-01-29T01:29:56,0.01912,1.9120000000000003e-05,134753232279.98326
1978-01-29T01:42:50,0.02003,2.003e-05,141166696787.03265
1978-01-29T02:08:15,0.0223,2.23e-05,157165119238.68338
1978-01-29T02:23:58,0.02128,2.128e-05,149976400780.2324
1978-01-29T02:37:28,0.01977,1.977e-05,139334278356.44708
1978-01-29T02:46:04,0.01889,1.889e-05,133132246745.23448
1978-01-29T03:13:17,0.02555,2.555e-05,180070349621.00272
1978-01-29T03:16:26,0.02199,2.199e-05,154980312648.36987
1978-01-29T03:25:58,0.03217,3.217e-05,226726541968.98853
1978-01-29T03:25:58,0.02691,2.691e-05,189655307565.60403
1978-01-29T03:26:34,0.04181,4.181e-05,294666979164.545
1978-01-29T03:26:49,0.13303,0.00013303,937563937772.2894
1978-01-29T03:27:11,0.1704,0.0001704,1200938848352.9888
1978-01-29T03:27:24,0.02232,2.232e-05,157306074502.5746
1978-01-29T03:27:24,0.05375,5.375e-05,378817271707.58887
1978-01-29T03:27:27,0.06634,6.633999999999999e-05,467548610327.09656
1978-01-29T03:28:25,0.36082,0.00036082,2542973915861.0645
1978-01-29T03:28:25,0.30176,0.00030176,2126733021590.3628
1978-01-29T03:28:25,0.25236,0.00025236,1778573519779.1091
1978-01-29T03:28:37,0.21626,0.00021626,1524149268455.501
1978-01-29T03:29:02,0.11388,0.00011388,802599272596.4692
1978-01-29T03:29:11,0.45892,0.00045892,3234359485247.3804
1978-01-29T03:31:29,0.53293,0.00053293,3755964439276.751
1978-01-29T03:31:54,0.09514,9.514e-05,670524190330.4187
1978-01-29T03:42:44,0.02149,2.149e-05,151456431051.08994
1978-01-29T03:57:08,0.02251,2.251e-05,158645149509.54092
1978-01-29T04:10:46,0.0239,2.39e-05,168441540349.97906
1978-01-29T04:24:17,0.02407,2.407e-05,169639660093.05423
1978-01-29T04:34:06,0.02622,2.622e-05,184792350961.35776
1978-01-29T04:39:56,0.03159,3.159e-05,222638839316.14383
1978-01-29T04:48:01,0.03834,3.834e-05,270211240879.42245
1978-01-29T05:02:20,0.03514,3.514e-05,247658398656.83112
1978-01-29T05:15:51,0.03223,3.223e-05,227149407760.6621
1978-01-29T05:30:24,0.03145,3.145e-05,221652152468.9055
1978-01-29T05:42:43,0.0331,3.31e-05,233280961739.92917
1978-01-29T05:52:27,0.047,4.7e-05,331244870144.3103
1978-01-29T05:53:54,0.05819,5.819e-05,410109340291.4343
1978-01-29T06:05:46,0.06625,6.625000000000001e-05,466914311639.5864
1978-01-29T06:12:19,0.09645,9.645e-05,679756760115.292
1978-01-29T06:14:10,0.07864,7.864e-05,554236097620.1821
1978-01-29T06:14:46,0.0632,6.32e-05,445418633896.17896
1978-01-29T06:16:00,0.05728,5.728e-05,403695875784.3849
1978-01-29T06:42:19,0.02231,2.231e-05,157235596870.629
1978-01-29T06:42:41,0.07419,7.419e-05,522873551404.3911
1978-01-29T06:42:41,0.21544,0.0002154399999999,1518370102635.9617
1978-01-29T06:43:01,0.02768,2.768e-05,195082085225.41507
1978-01-29T06:43:22,0.03407,3.4070000000000004e-05,240117292038.65216
1978-01-29T06:44:28,0.18565,0.00018565,1308417237070.0256
1978-01-29T06:45:45,0.04668,4.668e-05,328989585922.05115
1978-01-29T06:46:14,0.10882,0.00010882,766937590831.9967
1978-01-29T06:47:46,0.06051,6.051e-05,426460150902.8131
1978-01-29T06:49:16,0.09169,9.169e-05,646209407309.1875
1978-01-29T06:51:18,0.07181,7.181e-05,506099875001.3388
1978-01-29T06:52:20,0.0375,3.75e-05,264291119795.9922
1978-01-29T06:55:34,0.18957,0.00018957,1336044468792.7
1978-01-29T06:58:53,0.04412,4.412e-05,310947312143.978
1978-01-29T06:59:51,0.16987,0.00016987,1197203533859.872
1978-01-29T07:02:21,0.13864,0.00013864,977101889293.7698
1978-01-29T07:02:29,0.11652,0.00011652,821205367430.107
1978-01-29T07:03:33,0.05889,5.889e-05,415042774527.62616
1978-01-29T07:03:41,0.07664,7.664e-05,540140571231.06256
1978-01-29T07:04:06,0.09419,9.419e-05,663828815295.587
1978-01-29T07:13:42,0.03859,3.859e-05,271973181678.0624
1978-01-29T07:40:06,0.06418,6.418e-05,452325441826.84753
1978-01-29T07:40:34,0.07559,7.559e-05,532740419876.7747
1978-01-29T07:41:12,0.16089,0.00016089,1133914620372.725
1978-01-29T07:41:27,0.12614,0.00012614,889004849361.7723
1978-01-29T07:41:32,0.09139,9.139e-05,644095078350.8195
1978-01-29T07:41:57,0.10451,0.00010451,736561731463.4441
1978-01-29T07:42:11,0.20731,0.00020731,1461071787864.1904
1978-01-29T08:10:31,0.0429,4.29e-05,302349041046.6151
1978-01-29T08:14:02,0.05326,5.326e-05,375363867742.2546
1978-01-29T08:22:28,0.07472,7.472e-05,526608865897.50775
1978-01-29T08:22:41,0.06123,6.123e-05,431534540402.8961
1978-01-29T08:33:37,0.0502,5.02e-05,353797712366.9016
1978-01-29T08:35:26,0.04084,4.084e-05,287830648865.822
1978-01-29T08:40:34,0.0505,5.05e-05,355912041325.26953
1978-01-29T08:42:06,0.0649,6.49e-05,457399831326.9306
1978-01-29T08:44:34,0.08594,8.594000000000001e-05,605684768940.4686
1978-01-29T08:46:46,0.10473,0.00010473,738112239366.2472
1978-01-29T08:48:57,0.12905,0.00012905,909513840257.9412
1978-01-29T09:03:04,0.09873,9.873e-05,695825660198.8883
1978-01-29T09:04:45,0.07409,7.409e-05,522168775084.9351
1978-01-29T09:04:49,0.06139,6.139000000000001e-05,432662182514.0257
1978-01-29T09:05:18,0.04656,4.656e-05,328143854338.7039
1978-01-29T09:06:15,0.02986,2.986e-05,210446208989.55545
1978-01-29T09:06:52,0.03615,3.615000000000001e-05,254776639483.33652
1978-01-29T09:12:33,0.02427,2.427e-05,171049212731.9662
1978-01-29T09:21:53,0.04104,4.104e-05,289240201504.73395
1978-01-29T09:23:14,0.06617,6.617000000000001e-05,466350490584.0216
1978-01-29T09:23:45,0.1089,0.0001089,767501411887.5614
1978-01-29T09:24:03,0.08302,8.302e-05,585105300412.3541
1978-01-29T09:25:37,0.05119,5.119e-05,360774997929.5158
1978-01-29T09:30:14,0.0383,3.83e-05,269929330351.6401
1978-01-29T09:36:17,0.02721,2.721e-05,191769636523.97195
1978-01-29T09:36:20,0.03182,3.1820000000000004e-05,224259824850.89264
1978-01-29T09:53:50,0.03392,3.392e-05,239060127559.46817
1978-01-29T10:01:05,0.03135,3.135e-05,220947376149.44952
1978-01-29T10:02:31,0.0874,8.740000000000001e-05,615974503204.5259
1978-01-29T10:02:39,0.05259,5.259e-05,370641866401.8995
1978-01-29T10:04:08,0.03879,3.879e-05,273382734316.9744
1978-01-29T10:10:30,0.04581,4.581e-05,322858031942.78406
1978-01-29T10:27:24,0.11944,0.00011944,841784835958.2218
1978-01-29T10:28:11,0.09596,9.596e-05,676303356149.9578
1978-01-29T10:34:37,0.18957,0.00018957,1336044468792.7
1978-01-29T10:35:11,0.16286,0.00016286,1147798713866.0078
1978-01-29T10:42:44,0.18382,0.00018382,1295519830423.9812
1978-01-29T10:45:29,0.15689,0.00015689,1105723567594.4858
1978-01-29T10:49:10,0.29282,0.00029282,2063726018630.9983
1978-01-29T10:49:47,0.22708,0.00022708,1600406066220.638
1978-01-29T10:49:47,0.37578,0.00037578,2648408453251.679
1978-01-29T10:50:24,0.20265,0.00020265,1428229211377.542
1978-01-29T10:59:23,0.14729,0.00014729,1038065040926.712
1978-01-29T11:07:25,0.10684,0.00010684,752983019706.7683
1978-01-29T11:09:04,0.12468,0.00012468,878715115097.715
1978-01-29T11:18:14,0.14182,0.00014182,999513776252.4696
1978-01-29T11:20:29,0.12446,0.00012446,877164607194.9119
1978-01-29T11:22:52,0.10176,0.00010176,717180382678.4045
1978-01-29T11:34:40,0.09565,9.565e-05,674118549559.6443
1978-01-29T11:45:02,0.06657,6.657000000000001e-05,469169595861.8455
1978-01-29T11:45:16,0.04608,4.6080000000000006e-05,324760928005.3153
1978-01-29T11:45:39,0.03834,3.834e-05,270211240879.42245
1978-01-29T11:45:56,0.05631,5.631e-05,396859545485.662
1978-01-29T11:48:00,0.07896,7.896e-05,556491381842.4413
1978-01-29T11:49:49,0.09867,9.867e-05,695402794407.2147
1978-01-29T11:54:51,0.06958,6.958000000000001e-05,490383363077.47046
1978-01-29T11:54:51,0.05553,5.5530000000000005e-05,391362290193.9053
1978-01-29T11:55:28,0.046,4.6e-05,324197106949.7505
1978-01-29T11:59:58,0.03554,3.554e-05,250477503934.65503
1978-01-29T12:11:05,0.0306,3.06e-05,215661553753.5297
1978-01-29T12:11:38,0.02746,2.746e-05,193531577322.6119
1978-01-29T12:22:29,0.34834,0.00034834,2455017831192.958
1978-01-29T12:22:29,0.28162,0.00028162,1984791070851.929
1978-01-29T12:22:29,0.23552,0.00023552,1659889187582.723
1978-01-29T12:23:06,0.1949,0.0001949,1373609046619.7036
1978-01-29T12:23:06,0.12941,0.00012941,912051035007.9828
1978-01-29T12:23:06,0.10822,0.00010822,762708932915.2609
1978-01-29T12:23:06,0.09093,9.093e-05,640853107281.3219
1978-01-29T12:23:06,0.07643,7.643e-05,538660540960.20496
1978-01-29T12:23:06,0.06228,6.228000000000001e-05,438934691757.1839
1978-01-29T12:23:18,0.159,0.000159,1120594347935.007
1978-01-29T12:25:33,0.04998,4.998e-05,352247204464.09845
1978-01-29T12:25:33,0.04228,4.228e-05,297979427865.9881
1978-01-29T12:26:15,0.0354,3.54e-05,249490817087.4167
1978-01-29T12:38:24,0.03016,3.016e-05,212560537947.9233
1978-01-29T12:46:09,0.02748,2.748e-05,193672532586.5031
1978-01-29T12:47:18,0.04629,4.629e-05,326240958276.1728
1978-01-29T12:47:39,0.03739,3.739e-05,263515865844.59064
1978-01-29T12:48:28,0.03319,3.319e-05,233915260427.4395
1978-01-29T13:14:54,0.0331,3.31e-05,233280961739.92917
1978-01-29T13:25:30,0.06088,6.088e-05,429067823284.8002
1978-01-29T13:27:33,0.05346,5.346e-05,376773420381.16656
1978-01-29T13:28:52,0.03337,3.337e-05,235183857802.46027
1978-01-29T13:44:08,0.03182,3.1820000000000004e-05,224259824850.89264
1978-01-29T13:58:59,0.03254,3.254e-05,229334214350.9756
1978-01-29T14:00:42,0.04172,4.172e-05,294032680477.03455
1978-01-29T14:01:19,0.05951,5.951000000000001e-05,419412387708.2533
1978-01-29T14:01:19,0.04992,4.992e-05,351824338672.42487
1978-01-29T14:01:28,0.09776,9.776e-05,688989329900.1654
1978-01-29T14:01:28,0.07566,7.566e-05,533233763300.394
1978-01-29T14:21:34,0.03942,3.942e-05,277822825129.54706
1978-01-29T14:22:11,0.1372,0.0001372,966953110293.6036
1978-01-29T14:23:49,0.05194,5.194e-05,366060820325.4356
1978-01-29T14:24:02,0.08574,8.574e-05,604275216301.5566
1978-01-29T14:24:02,0.07155,7.155e-05,504267456570.7532
1978-01-29T14:24:17,0.15409,0.00015409,1085989830649.7184
1978-01-29T14:24:24,0.10858,0.00010858,765246127665.3024
1978-01-29T14:24:57,0.06264,6.264e-05,441471886507.2254
1978-01-29T14:34:28,0.04049,4.049e-05,285363931747.726
1978-01-29T15:24:33,0.02783,2.783e-05,196139249704.59903
1978-01-29T15:48:18,0.0291,2.9100000000000003e-05,205089908961.69
1978-01-29T15:58:08,0.04863,4.863e-05,342732724151.4427
1978-01-29T15:58:49,0.06358,6.358e-05,448096783910.1116
1978-01-29T15:59:11,0.08168,8.168e-05,575661297731.6439
1978-01-29T15:59:11,0.03337,3.337e-05,235183857802.46027
1978-01-29T15:59:38,0.02915,2.915e-05,205442297121.418
1978-01-29T15:59:47,0.09596,9.596e-05,676303356149.9578
1978-01-29T16:00:37,0.03839,3.839e-05,270563629039.15045
1978-01-29T16:18:25,0.0934,9.34e-05,658261082371.8846
1978-01-29T16:18:59,0.03825,3.825e-05,269576942191.91208
1978-01-29T16:19:26,0.05775,5.775e-05,407008324485.828
1978-01-29T16:19:42,0.04895,4.895e-05,344988008373.7019
1978-01-29T16:19:43,0.07472,7.472e-05,526608865897.50775
1978-01-29T16:20:03,0.10554,0.00010554,743820927553.8405
1978-01-29T16:20:03,0.21003,0.00021003,1480241703753.3933
1978-01-29T16:20:15,0.13406,0.00013406,944823133862.686
1978-01-29T16:20:36,0.03043,3.043e-05,214463434010.4545
1978-01-29T16:20:40,0.27328,0.00027328,1926012725809.3003
1978-01-29T16:20:40,0.17541,0.00017541,1236248141957.7332
1978-01-29T16:20:40,0.355,0.000355,2501955934068.7266
1978-01-29T16:23:07,0.02604,2.604e-05,183523753586.337
1978-01-29T17:32:29,0.02432,2.432e-05,171401600891.69415
1978-01-29T17:41:42,0.02516,2.516e-05,177321721975.1244
1978-01-29T18:11:46,0.02344,2.344e-05,165199569280.48157
1978-01-29T18:19:45,0.02241,2.241e-05,157940373190.085
1978-01-29T18:32:39,0.04023,4.023e-05,283531513317.14044
1978-01-29T18:32:53,0.03262,3.262e-05,229898035406.54047
1978-01-29T18:34:05,0.02651,2.651e-05,186836202287.7801
1978-01-29T18:37:33,0.02431,2.431e-05,171331123259.74854
1978-01-29T18:58:26,0.02626,2.626e-05,185074261489.14017
1978-01-29T19:09:14,0.02515,2.515e-05,177251244343.17877
1978-01-29T19:26:10,0.02448,2.448e-05,172529243002.82373
1978-01-29T19:35:50,0.02346,2.346e-05,165340524544.37274
1978-01-29T19:46:55,0.02253,2.2530000000000003e-05,158786104773.43216
1978-01-29T20:03:37,0.02173,2.173e-05,153147894217.7843
1978-01-29T20:17:00,0.02135,2.135e-05,150469744203.8516
1978-01-29T20:27:22,0.02555,2.555e-05,180070349621.00272
1978-01-29T20:29:41,0.02247,2.247e-05,158363238981.75854
1978-01-29T20:43:40,0.02286,2.286e-05,161111866627.63684
1978-01-29T20:59:34,0.02471,2.471e-05,174150228537.57245
1978-01-29T21:14:42,0.03,3e-05,211432895836.7938
1978-01-29T21:23:18,0.02954,2.954e-05,208190924767.2963
1978-01-30T09:41:13,0.02601,2.601e-05,183312320690.5002
1978-01-30T09:50:30,0.02586,2.5860000000000003e-05,182255156211.31628
1978-01-30T09:59:24,0.01733,1.7330000000000002e-05,122137736161.72122
1978-01-30T10:01:51,0.02171,2.171e-05,153006938953.8931
1978-01-30T10:07:10,0.10192,0.00010192,718308024789.5342
1978-01-30T10:09:01,0.13259,0.00013259,934462921966.683
1978-01-30T10:23:11,0.0288,2.88e-05,202975580003.32205
1978-01-30T10:23:20,0.04118,4.118e-05,290226888351.9723
1978-01-30T10:24:33,0.03555,3.555e-05,250547981566.60065
1978-01-30T10:36:50,0.02895,2.895e-05,204032744482.506
1978-01-30T10:50:20,0.03255,3.2550000000000005e-05,229404691982.9213
1978-01-30T11:03:50,0.03299,3.299e-05,232505707788.5276
1978-01-30T11:17:19,0.03304,3.304e-05,232858095948.25555
1978-01-30T11:30:49,0.03029,3.0290000000000003e-05,213476747163.21613
1978-01-30T11:38:11,0.02806,2.806e-05,197760235239.3478
1978-01-30T12:07:56,0.0274,2.74e-05,193108711530.93832
1978-01-30T12:13:10,0.05826,5.826e-05,410602683715.0535
1978-01-30T12:13:17,0.04602,4.602e-05,324338062213.64166
1978-01-30T12:13:46,0.03593,3.593e-05,253226131580.53333
1978-01-30T12:14:35,0.02496,2.496e-05,175912169336.21243
1978-01-30T12:15:55,0.02959,2.9590000000000003e-05,208543312927.0243
1978-01-30T12:31:22,0.0647,6.47e-05,455990278688.01855
1978-01-30T12:31:46,0.02586,2.5860000000000003e-05,182255156211.31628
1978-01-30T12:31:50,0.08745,8.745e-05,616326891364.2539
1978-01-30T12:32:26,0.13652,0.00013652,962160631321.303
1978-01-30T12:32:41,0.03824,3.8240000000000007e-05,269506464559.9665
1978-01-30T12:32:48,0.04929,4.929e-05,347384247859.85223
1978-01-30T12:36:19,0.02989,2.989e-05,210657641885.3922
1978-01-30T12:45:14,0.0251,2.51e-05,176898856183.4508
1978-01-30T12:50:35,0.02806,2.806e-05,197760235239.3478
1978-01-30T12:54:06,0.02246,2.246e-05,158292761349.81296
1978-01-30T13:18:09,0.0474,4.74e-05,334063975422.13416
1978-01-30T13:18:32,0.03614,3.614e-05,254706161851.3909
1978-01-30T13:18:35,0.0278,2.78e-05,195927816808.7622
1978-01-30T13:21:32,0.02265,2.265e-05,159631836356.7793
1978-01-30T13:23:29,0.07317,7.317e-05,515684832945.94006
1978-01-30T13:27:24,0.04152,4.152e-05,292623127838.1226
1978-01-30T13:27:43,0.04699,4.699e-05,331174392512.3646
1978-01-30T13:28:31,0.06167,6.167e-05,434635556208.5024
1978-01-30T13:30:16,0.02551,2.551e-05,179788439093.22034
1978-01-30T13:32:00,0.02219,2.2190000000000003e-05,156389865287.28183
1978-01-30T13:59:55,0.07164,7.164e-05,504901755258.2636
1978-01-30T14:00:22,0.05545,5.545e-05,390798469138.3405
1978-01-30T14:01:37,0.0411,4.11e-05,289663067296.4075
1978-01-30T14:02:23,0.03351,3.351e-05,236170544649.69864
1978-01-30T18:53:50,0.21077,0.00021077,1485457048517.3677
1978-01-30T18:56:54,0.14099,0.00014099,993664132800.9854
1978-01-30T18:58:07,0.56522,0.00056522,3983536712829.086
1978-01-30T19:47:25,0.02723,2.723e-05,191910591787.8632
1978-01-30T19:49:27,0.02167,2.167e-05,152725028426.1107
1978-01-30T19:49:36,0.03292,3.292e-05,232012364364.9084
1978-01-30T19:50:17,0.0164,1.6400000000000002e-05,115583316390.7806
1978-01-30T19:54:22,0.01387,1.387e-05,97752475508.54434
1978-01-30T19:57:14,0.25396,0.00025396,1789849940890.405
1978-01-30T19:57:28,0.32792,0.00032792,2311102506760.0474
1978-01-30T19:58:52,0.11671,0.00011671,822544442437.0734
1978-01-30T19:58:52,0.09824,9.824e-05,692372256233.554
1978-01-30T20:00:55,0.05995,5.995000000000001e-05,422513403513.8596
1978-01-30T20:02:14,0.04918,4.918e-05,346608993908.4506
1978-01-30T20:02:33,0.0307,3.07e-05,216366330072.98563
1978-01-30T20:02:41,0.03751,3.7510000000000005e-05,264361597427.9379
1978-01-30T20:02:42,0.02518,2.5180000000000003e-05,177462677239.0156
1978-01-30T20:02:48,0.01132,1.132e-05,79780679362.41685
1978-01-30T20:03:46,0.01835,1.835e-05,129326454620.1722
1978-01-30T20:04:45,0.01406,1.406e-05,99091550515.51068
1978-01-30T20:20:33,0.01452,1.452e-05,102333521585.00818
1978-01-30T20:20:57,0.01261,1.261e-05,88872293883.39899
1978-01-30T20:21:14,0.01924,1.924e-05,135598963863.33044
1978-01-30T20:22:11,0.02499,2.499e-05,176123602232.04922
1978-01-30T22:34:32,0.16081,0.00016081,1133350799317.1602
1978-01-30T22:34:43,0.20197,0.00020197,1423436732405.2417
1978-01-30T22:35:20,0.56353,0.00056353,3971625993030.28
1978-01-30T22:36:33,0.13646,0.00013646,961737765529.6294
1978-01-30T22:37:10,0.46074,0.00046074,3247186414261.479
1978-01-30T22:37:47,0.38171,0.00038171,2690201688995.4185
1978-01-30T23:04:10,0.04693,4.693e-05,330751526720.69104
1978-01-30T23:05:07,0.03717,3.7170000000000005e-05,261965357941.78757
1978-01-30T23:06:37,0.05426,5.4260000000000006e-05,382411630936.8144
1978-01-30T23:25:02,0.03391,3.3910000000000006e-05,238989649927.5226
1978-01-30T23:40:22,0.02899,2.899e-05,204314655010.2884
1978-01-31T02:08:42,0.03507,3.5069999999999995e-05,247165055233.21188
1978-01-31T02:10:04,0.06679,6.679e-05,470720103764.64856
1978-01-31T02:10:33,0.04434,4.434e-05,312497820046.78125
1978-01-31T02:11:54,0.21117,0.00021117,1488276153795.1917
1978-01-31T02:11:54,0.10937,0.0001093699999999,770813860589.0045
1978-01-31T02:11:54,0.27316,0.00027316,1925166994225.953
1978-01-31T02:12:10,0.08999,8.999e-05,634228209878.4358
1978-01-31T02:12:21,0.16115,0.00016115,1135747038803.3103
1978-01-31T02:12:27,0.05446,5.446e-05,383821183575.7263
1978-01-31T09:24:14,0.09624,9.624e-05,678276729844.4346
1978-01-31T09:24:39,0.548,0.000548,3862174230618.767
1978-01-31T09:25:41,0.3251,0.0003251,2291227814551.388
1978-01-31T09:25:53,0.15437,0.00015437,1087963204344.1952
1978-01-31T09:27:07,0.07784,7.784000000000001e-05,548597887064.5344
1978-01-31T09:27:27,0.0345,3.4500000000000005e-05,243147830212.3129
1978-01-31T09:27:44,0.05393,5.393e-05,380085869082.6097
1978-01-31T09:30:11,0.04364,4.364e-05,307564385810.58936
1978-01-31T09:32:23,0.02678,2.678e-05,188739098350.31125
1978-01-31T09:36:39,0.02965,2.965e-05,208966178718.69788
1978-01-31T09:46:32,0.02811,2.811e-05,198112623399.07578
1978-01-31T09:59:32,0.02863,2.863e-05,201777460260.2469
1978-01-31T10:18:08,0.03639,3.639e-05,256468102650.03088
1978-01-31T10:18:27,0.0276,2.76e-05,194518264169.85028
1978-01-31T10:33:46,0.02524,2.524e-05,177885543030.68918
1978-01-31T10:38:25,0.03917,3.9170000000000006e-05,276060884330.9071
1978-01-31T10:38:25,0.02997,2.997e-05,211221462940.957
1978-01-31T10:44:14,0.02323,2.323e-05,163719539009.624
1978-01-31T12:31:50,0.02292,2.292e-05,161534732419.31046
1978-01-31T12:33:22,0.02813,2.813e-05,198253578662.96695
1978-01-31T12:37:46,0.03609,3.609e-05,254353773691.66287
1978-01-31T12:50:35,0.02999,2.999e-05,211362418204.84818
1978-01-31T13:02:53,0.02591,2.591e-05,182607544371.04425
1978-01-31T13:13:56,0.03671,3.671e-05,258723386872.29
1978-01-31T13:15:25,0.02709,2.709e-05,190923904940.6248
1978-01-31T13:17:38,0.03045,3.045e-05,214604389274.3457
1978-01-31T13:30:48,0.03049,3.049e-05,214886299802.12808
1978-01-31T13:31:46,0.48534,0.00048534,3420561388847.65
1978-01-31T13:31:46,0.40616,0.00040616,2862519499102.406
1978-01-31T13:32:38,0.04587,4.587e-05,323280897734.4577
1978-01-31T13:32:39,0.21426,0.00021426,1510053742066.381
1978-01-31T13:33:00,0.08045,8.044999999999999e-05,566992549002.3353
1978-01-31T13:33:37,0.05595,5.595e-05,394322350735.6204
1978-01-31T13:34:38,0.03714,3.714e-05,261753925045.9507
1978-01-31T13:34:50,0.09802,9.802e-05,690821748330.7509
1978-01-31T13:41:10,0.0299,2.99e-05,210728119517.3378
1978-01-31T14:19:06,0.03171,3.171e-05,223484570899.49103
1978-01-31T14:30:59,0.02862,2.862e-05,201706982628.3013
1978-01-31T14:45:48,0.02617,2.617e-05,184439962801.62976
1978-01-31T15:00:24,0.02381,2.381e-05,167807241662.4687
1978-01-31T15:09:08,0.01972,1.972e-05,138981890196.71912
1978-01-31T15:10:44,0.01594,1.594e-05,112341345321.2831
1978-01-31T15:15:02,0.02502,2.502e-05,176335035127.88602
1978-01-31T15:34:42,0.02978,2.9780000000000003e-05,209882387933.99063
1978-01-31T15:35:03,0.02448,2.448e-05,172529243002.82373
1978-01-31T15:36:05,0.01937,1.937e-05,136515173078.62315
1978-01-31T15:52:20,0.0749,7.489999999999999e-05,527877463272.5285
1978-01-31T15:54:23,0.05072,5.072e-05,357462549228.0727
1978-01-31T15:54:23,0.04244,4.244e-05,299107069977.1176
1978-01-31T15:54:23,0.02878,2.878e-05,202834624739.43088
1978-01-31T15:54:35,0.03453,3.453e-05,243359263108.14963
1978-01-31T15:54:45,0.06129,6.129e-05,431957406194.56976
1978-01-31T16:13:11,0.02594,2.594e-05,182818977266.88104
1978-01-31T16:22:17,0.02628,2.628e-05,185215216753.03137
1978-01-31T16:22:30,0.0337,3.37e-05,237509619656.665
1978-01-31T16:22:32,0.16114,0.00016114,1135676561171.3652
1978-01-31T16:22:39,0.0401,4.01e-05,282615304101.84766
1978-01-31T16:24:30,0.12542,0.00012542,883930459861.6892
1978-01-31T16:25:07,0.10382,0.0001038199999999,731698774859.1976
1978-01-31T17:00:34,0.10229,0.00010229,720915697171.5214
1978-01-31T17:00:46,0.07695,7.695e-05,542325377821.3761
1978-01-31T17:00:58,0.1266,0.0001266,892246820431.2697
1978-01-31T17:01:23,0.1614,0.0001614,1137508979601.9504
1978-01-31T17:04:05,0.03001,3.001e-05,211503373468.73935
1978-01-31T17:19:49,0.02596,2.596e-05,182959932530.77225
1978-01-31T17:35:33,0.02366,2.366e-05,166750077183.28473
1978-01-31T17:41:57,0.0237,2.37e-05,167031987711.06708
1978-01-31T18:26:30,0.09297,9.297e-05,655230544198.2239
1978-01-31T18:26:49,0.14646,0.00014646,1032215397475.2272
1978-01-31T18:28:03,0.07125,7.125e-05,502153127612.38525
1978-01-31T18:29:01,0.03896,3.896e-05,274580854060.04956
1978-01-31T18:29:17,0.0487,4.87e-05,343226067575.0619
1978-01-31T18:37:16,0.02638,2.638e-05,185919993072.48734
1978-01-31T18:38:30,0.01635,1.635e-05,115230928231.05264
1978-01-31T18:39:07,0.01139,1.139e-05,80274022786.03606
1978-01-31T18:40:21,0.00824,8.24e-06,58073568723.17269
1978-01-31T18:58:10,0.0259,2.59e-05,182537066739.09863
1978-01-31T19:40:54,0.22334,0.00022334,1574047431872.984
1978-01-31T19:43:40,0.12316,0.00012316,868002515041.9841
1978-01-31T19:44:04,0.02395,2.395e-05,168793928509.70703
1978-01-31T19:44:17,0.05522,5.522e-05,389177483603.5917
1978-01-31T19:45:08,0.03651,3.651e-05,257313834233.378
1978-01-31T19:48:44,0.02823,2.823e-05,198958354982.4229
1978-01-31T19:50:44,0.02294,2.294e-05,161675687683.20166
1978-01-31T20:08:15,0.02465,2.465e-05,173727362745.8989
1978-01-31T20:34:45,0.02196,2.196e-05,154768879752.53305
1978-01-31T22:07:30,0.02428,2.428e-05,171119690363.9118
1978-01-31T22:28:24,0.02261,2.261e-05,159349925828.99695
1978-01-31T22:41:55,0.02333,2.333e-05,164424315329.08
1978-01-31T22:55:27,0.02478,2.478e-05,174643571961.19165
1978-01-31T23:04:28,0.03129,3.129e-05,220524510357.77597
1978-01-31T23:05:54,0.03639,3.639e-05,256468102650.03088
1978-01-31T23:28:02,0.02741,2.741e-05,193179189162.8839
1978-01-31T23:51:23,0.02391,2.391e-05,168512017981.92465
1978-02-01T00:03:47,0.02523,2.523e-05,177815065398.7436
1978-02-01T00:12:08,0.03262,3.262e-05,229898035406.54047
1978-02-01T00:22:59,0.03813,3.813e-05,268731210608.56485
1978-02-01T00:33:39,0.04098,4.098e-05,288817335713.0604
1978-02-01T00:45:23,0.03959,3.959e-05,279020944872.6222
1978-02-01T00:58:11,0.03623,3.623e-05,255340460538.90128
1978-02-01T01:09:55,0.0359,3.5900000000000005e-05,253014698684.6966
1978-02-01T01:21:53,0.03773,3.773e-05,265912105330.74097
1978-02-01T01:26:41,0.19649,0.00019649,1384814990099.0537
1978-02-01T01:27:13,0.07703,7.703e-05,542889198876.94086
1978-02-01T01:27:14,0.05684,5.6840000000000005e-05,400594859978.7786
1978-02-01T01:27:41,0.04292,4.292e-05,302489996310.50635
1978-02-01T01:27:53,0.11583,0.00011583,816342410825.8608
1978-02-01T01:36:34,0.03917,3.9170000000000006e-05,276060884330.9071
1978-02-01T01:54:42,0.04251,4.251e-05,299600413400.7368
1978-02-01T02:06:06,0.04141,4.1410000000000005e-05,291847873886.72107
1978-02-01T02:16:02,0.04503,4.503e-05,317360776651.02747
1978-02-01T02:30:58,0.04551,4.551e-05,320743702984.4162
1978-02-01T02:42:42,0.04265,4.265e-05,300587100247.9752
1978-02-01T02:54:26,0.04088,4.088e-05,288112559393.6043
1978-02-01T03:06:10,0.03715,3.715e-05,261824402677.8963
1978-02-01T03:18:29,0.03462,3.462e-05,243993561795.66
1978-02-01T03:29:38,0.03422,3.422e-05,241174456517.8361
1978-02-01T03:41:22,0.0333,3.33e-05,234690514378.84116
1978-02-01T03:53:06,0.03093,3.093e-05,217987315607.7344
1978-02-01T04:04:49,0.03354,3.354e-05,236381977545.53543
1978-02-01T04:13:21,0.03293,3.2930000000000005e-05,232082841996.85403
1978-02-01T04:13:21,0.02717,2.717e-05,191487725996.18958
1978-02-01T04:18:54,0.02434,2.434e-05,171542556155.58536
1978-02-01T04:30:25,0.02308,2.308e-05,162662374530.44
1978-02-01T04:42:09,0.02184,2.184e-05,153923148169.18585
1978-02-01T04:53:53,0.02146,2.146e-05,151244998155.25317
1978-02-01T05:05:10,0.02122,2.122e-05,149553534988.5588
1978-02-01T05:17:48,0.02239,2.239e-05,157799417926.1938
1978-02-01T05:23:18,0.02076,2.076e-05,146311563919.0613
1978-02-01T05:29:05,0.0245,2.4500000000000003e-05,172670198266.71494
1978-02-01T05:38:41,0.02299,2.299e-05,162028075842.92966
1978-02-01T05:43:22,0.01998,1.998e-05,140814308627.3047
1978-02-01T05:48:10,0.01619,1.619e-05,114103286119.92303
1978-02-01T05:49:21,0.01903,1.903e-05,134118933592.47284
1978-02-01T05:50:41,0.02602,2.602e-05,183382798322.44583
1978-02-01T05:50:50,0.02092,2.0920000000000003e-05,147439206030.1909
1978-02-01T05:54:09,0.03262,3.262e-05,229898035406.54047
1978-02-01T06:03:45,0.03815,3.8150000000000006e-05,268872165872.4561
1978-02-01T06:14:57,0.04238,4.238e-05,298684204185.44403
1978-02-01T06:26:41,0.04085,4.085e-05,287901126497.7675
1978-02-01T06:38:25,0.03814,3.814e-05,268801688240.51053
1978-02-01T06:50:08,0.03696,3.696e-05,260485327670.92996
1978-02-01T07:01:52,0.03611,3.6110000000000005e-05,254494728955.5541
1978-02-01T07:13:16,0.09667,9.667e-05,681307268018.0953
1978-02-01T07:13:36,0.0381,3.810000000000001e-05,268519777712.72812
1978-02-01T07:14:08,0.1578,0.0001578,1112137032101.5354
1978-02-01T07:14:08,0.13508,0.00013508,952011852321.137
1978-02-01T07:14:19,0.11728,0.00011728,826561667457.9725
1978-02-01T07:14:23,0.19598,0.00019598,1381220630869.8284
1978-02-01T07:14:40,0.05643,5.643e-05,397705277069.0091
1978-02-01T07:14:40,0.04536,4.536e-05,319686538505.2322
1978-02-01T07:14:47,0.07571,7.571e-05,533586151460.122
1978-02-01T07:17:10,0.03967,3.967e-05,279584765928.187
1978-02-01T07:25:52,0.03893,3.893e-05,274369421164.2128
1978-02-01T07:41:20,0.04141,4.1410000000000005e-05,291847873886.72107
1978-02-01T07:53:13,0.0407,4.07e-05,286843962018.5836
1978-02-01T08:04:48,0.04513,4.513e-05,318065552970.48346
1978-02-01T08:16:32,0.04595,4.595e-05,323844718790.02246
1978-02-01T08:28:16,0.0437,4.3700000000000005e-05,307987251602.26294
1978-02-01T08:40:00,0.04154,4.154e-05,292764083102.01373
1978-02-01T08:51:44,0.0378,3.78e-05,266405448754.3602
1978-02-01T09:03:28,0.03604,3.604e-05,254001385531.93497
1978-02-01T09:15:12,0.03448,3.4479999999999995e-05,243006874948.42163
1978-02-01T09:26:56,0.03457,3.457e-05,243641173635.932
1978-02-01T09:38:39,0.03259,3.2590000000000005e-05,229686602510.70367
1978-02-01T09:50:23,0.03145,3.145e-05,221652152468.9055
1978-02-01T10:02:07,0.03479,3.4790000000000004e-05,245191681538.73523
1978-02-01T10:13:51,0.0347,3.47e-05,244557382851.2248
1978-02-01T10:25:35,0.03263,3.263e-05,229968513038.486
1978-02-01T10:37:19,0.03091,3.091e-05,217846360343.8432
1978-02-01T10:49:03,0.03123,3.1230000000000004e-05,220101644566.1024
1978-02-01T10:54:23,0.04369,4.369e-05,307916773970.3174
1978-02-01T10:56:43,0.03511,3.511e-05,247446965760.99432
1978-02-01T11:08:15,0.03424,3.424e-05,241315411781.7273
1978-02-01T11:19:18,0.0332,3.32e-05,233985738059.38516
1978-02-01T11:21:12,0.03925,3.925e-05,276624705386.47186
1978-02-01T11:33:19,0.03475,3.4750000000000004e-05,244909771010.95285
1978-02-01T11:36:47,0.03067,3.067e-05,216154897177.14886
1978-02-01T13:50:54,0.02456,2.456e-05,173093064058.3885
1978-02-01T14:05:18,0.02372,2.3720000000000003e-05,167172942974.9583
1978-02-01T14:17:02,0.02377,2.377e-05,167525331134.68628
1978-02-01T14:28:46,0.02321,2.3210000000000003e-05,163578583745.73282
1978-02-01T14:40:30,0.0232,2.32e-05,163508106113.7872
1978-02-01T14:52:14,0.02362,2.362e-05,166468166655.5023
1978-02-01T15:03:57,0.02339,2.339e-05,164847181120.75357
1978-02-01T15:10:21,0.02369,2.369e-05,166961510079.12146
1978-02-01T15:23:02,0.03146,3.146e-05,221722630100.8511
1978-02-01T15:34:53,0.02999,2.999e-05,211362418204.84818
1978-02-01T15:46:37,0.03048,3.048e-05,214815822170.1825
1978-02-01T15:58:21,0.0319,3.19e-05,224823645906.45737
1978-02-01T16:10:05,0.03075,3.075e-05,216718718232.71365
1978-02-01T16:20:49,0.0281,2.81e-05,198042145767.1302
1978-02-01T16:30:21,0.02863,2.863e-05,201777460260.2469
1978-02-01T17:09:17,0.02437,2.437e-05,171753989051.42215
1978-02-01T17:52:28,0.02596,2.596e-05,182959932530.77225
1978-02-01T18:04:12,0.02561,2.561e-05,180493215412.6763
1978-02-01T18:14:20,0.02552,2.5520000000000003e-05,179858916725.16595
1978-02-01T18:45:48,0.0309,3.09e-05,217775882711.8976
1978-02-01T18:57:38,0.03072,3.0720000000000004e-05,216507285336.8769
1978-02-01T18:57:44,0.03631,3.631e-05,255904281594.4661
1978-02-01T19:05:12,0.04254,4.254e-05,299811846296.5736
1978-02-01T19:07:08,0.03345,3.345e-05,235747678858.02505
1978-02-01T19:23:26,0.11189,0.00011189,788574223839.2952
1978-02-01T19:25:25,0.05532,5.532e-05,389882259923.0477
1978-02-01T19:25:44,0.08083,8.083e-05,569670699016.2681
1978-02-01T19:26:52,0.0395,3.95e-05,278386646185.1118
1978-02-01T19:28:41,0.03256,3.256e-05,229475169614.86685
1978-02-01T19:41:16,0.03184,3.184e-05,224400780114.7838
1978-02-01T19:53:00,0.03095,3.095e-05,218128270871.6256
1978-02-01T20:34:03,0.02817,2.817e-05,198535489190.74936
1978-02-01T20:50:27,0.02857,2.8570000000000003e-05,201354594468.5733
1978-02-01T21:00:11,0.03056,3.056e-05,215379643225.74725
1978-02-01T21:28:59,0.0318,3.18e-05,224118869587.0014
1978-02-01T21:41:43,0.03219,3.219e-05,226867497232.87973
1978-02-01T21:46:35,0.04505,4.505e-05,317501731914.9187
1978-02-01T21:46:35,0.05637,5.637e-05,397282411277.3356
1978-02-01T21:49:29,0.03576,3.576e-05,252028011837.45825
1978-02-01T21:55:39,0.03545,3.545e-05,249843205247.14465
1978-02-01T22:36:20,0.08352,8.352e-05,588629182009.6339
1978-02-01T22:36:43,0.10245,0.00010245,722043339282.6508
1978-02-01T22:37:15,0.05635,5.635e-05,397141456013.44434
1978-02-01T22:37:24,0.04803,4.8030000000000006e-05,338504066234.7069
1978-02-01T22:40:48,0.03616,3.616e-05,254847117115.2821
1978-02-01T22:53:15,0.03732,3.732e-05,263022522420.97147
1978-02-01T23:04:59,0.03997,3.997e-05,281699094886.55493
1978-02-01T23:16:35,0.04099,4.099e-05,288887813345.0059
1978-02-01T23:26:18,0.03728,3.728e-05,262740611893.18912
1978-02-01T23:40:16,0.03667,3.667e-05,258441476344.50763
1978-02-01T23:48:10,0.04382,4.382e-05,308832983185.6101
1978-02-01T23:50:18,0.04948,4.948000000000001e-05,348723322866.8186
1978-02-02T00:11:07,0.05758,5.758e-05,405810204742.7529
1978-02-02T00:11:26,0.07206,7.206e-05,507861815799.9787
1978-02-02T00:11:58,0.11478,0.00011478,808942259471.573
1978-02-02T00:11:58,0.09828,9.828e-05,692654166761.3365
1978-02-02T00:12:14,0.08167,8.167000000000001e-05,575590820099.6984
1978-02-02T00:12:30,0.15491,0.00015491,1091768996469.2574
1978-02-02T00:12:30,0.13382,0.00013382,943131670695.9916
1978-02-02T00:34:05,0.04285,4.285e-05,301996652886.8871
1978-02-02T00:42:44,0.04025,4.025e-05,283672468581.0317
1978-02-02T01:15:59,0.05426,5.4260000000000006e-05,382411630936.8144
1978-02-02T01:16:26,0.04344,4.344e-05,306154833171.67737
1978-02-02T01:24:39,0.04468,4.468e-05,314894059532.9315
1978-02-02T01:50:18,0.04917,4.917e-05,346538516276.505
1978-02-02T02:02:31,0.04651,4.651000000000001e-05,327791466178.9761
1978-02-02T02:03:42,0.1797,0.0001797,1266483046062.3948
1978-02-02T02:06:27,0.06448,6.447999999999999e-05,454439770785.2154
1978-02-02T02:08:09,0.08378,8.378e-05,590461600440.2195
1978-02-02T02:08:29,0.05283,5.283e-05,372333329568.5939
1978-02-02T02:13:12,0.11823,0.00011823,833257042492.8042
1978-02-02T02:13:17,0.06437,6.437e-05,453664516833.8138
1978-02-02T02:13:49,0.24176,0.00024176,1703867229916.7756
1978-02-02T02:13:49,0.08181,8.180999999999999e-05,576577506946.9365
1978-02-02T02:14:05,0.2098,0.0002098,1478620718218.6443
1978-02-02T02:14:36,0.30186,0.00030186,2127437797909.8196
1978-02-02T02:27:11,0.05237,5.237e-05,369091358499.0964
1978-02-02T02:27:43,0.11451,0.00011451,807039363409.0419
1978-02-02T02:28:15,0.09421,9.421e-05,663969770559.4781
1978-02-02T02:28:15,0.08067,8.067000000000001e-05,568543056905.1385
1978-02-02T02:28:15,0.06907,6.907e-05,486789003848.2449
1978-02-02T02:28:33,0.04421,4.421e-05,311581610831.4884
1978-02-02T02:28:47,0.05881,5.881e-05,414478953472.0615
1978-02-02T02:45:19,0.03418,3.418e-05,240892545990.0537
1978-02-02T02:57:18,0.05283,5.283e-05,372333329568.5939
1978-02-02T03:28:09,0.04655,4.655e-05,328073376706.7584
1978-02-02T03:28:56,0.02285,2.285e-05,161041388995.69125
1978-02-02T03:29:11,0.02726,2.726e-05,192122024683.69995
1978-02-02T03:30:35,0.0367,3.67e-05,258652909240.3444
1978-02-02T04:10:20,0.04335,4.335e-05,305520534484.16705
1978-02-02T04:11:24,0.06916,6.916e-05,487423302535.7553
1978-02-02T04:11:51,0.03559,3.559e-05,250829892094.38303
1978-02-02T04:11:53,0.08601,8.601000000000001e-05,606178112364.0878
1978-02-02T04:12:18,0.05283,5.283e-05,372333329568.5939
1978-02-02T04:12:25,0.11442,0.0001144199999999,806405064721.5315
1978-02-02T04:17:20,0.02913,2.913e-05,205301341857.5268
1978-02-02T04:17:55,0.02461,2.461e-05,173445452218.11652
1978-02-02T04:19:25,0.09289,9.289e-05,654666723142.6592
1978-02-02T04:20:29,0.12465,0.00012465,878503682201.8782
1978-02-02T04:20:48,0.06571,6.571e-05,463108519514.5241
1978-02-02T04:21:33,0.05551,5.551e-05,391221334930.0141
1978-02-02T04:21:33,0.04062,4.062000000000001e-05,286280140963.01886
1978-02-02T04:21:55,0.03509,3.5090000000000005e-05,247306010497.10315
1978-02-02T04:22:51,0.02033,2.033e-05,143281025745.4006
1978-02-02T04:49:53,0.05914,5.914e-05,416804715326.2662
1978-02-02T05:07:36,0.06886,6.886e-05,485308973577.3873
1978-02-02T05:08:35,0.06302,6.302e-05,444150036521.1582
1978-02-02T05:38:31,0.14864,0.0001486399999999,1047579521239.3676
1978-02-02T05:39:35,0.04055,4.055e-05,285786797539.3996
1978-02-02T05:40:39,0.08694,8.694e-05,612732532135.0284
1978-02-02T05:40:48,0.1209,0.0001209,852074570222.2789
1978-02-02T05:41:49,0.05967,5.967e-05,420540029819.3829
1978-02-02T05:42:27,0.07319,7.319000000000001e-05,515825788209.8313
1978-02-02T05:43:03,0.04861,4.861e-05,342591768887.5515
1978-02-02T06:05:46,0.03536,3.536e-05,249208906559.63428
1978-02-02T06:16:39,0.03185,3.185e-05,224471257746.72943
1978-02-02T06:17:32,0.02888,2.888e-05,203539401058.8868
1978-02-02T06:38:54,0.03245,3.245e-05,228699915663.4653
1978-02-02T06:49:54,0.06469,6.468999999999999e-05,455919801056.07294
1978-02-02T06:51:23,0.04691,4.691e-05,330610571456.79987
1978-02-02T06:51:27,0.03261,3.261e-05,229827557774.59485
1978-02-02T06:51:44,0.05574,5.574e-05,392842320464.7628
1978-02-02T06:53:43,0.03915,3.915e-05,275919929067.01587
1978-02-02T07:02:30,0.03398,3.398e-05,239482993351.14175
1978-02-02T07:30:42,0.03289,3.2890000000000005e-05,231800931469.0716
1978-02-02T07:32:50,0.04034,4.034e-05,284306767268.54205
1978-02-02T07:33:19,0.04833,4.833e-05,340618395193.0748
1978-02-02T07:34:29,0.06791,6.791e-05,478613598542.5556
1978-02-02T07:35:01,0.05804,5.804e-05,409052175812.2504
1978-02-02T07:35:34,0.08254,8.254e-05,581722374078.9653
1978-02-02T07:36:01,0.12047,0.0001204699999999,849044032048.6182
1978-02-02T07:41:58,0.03218,3.218e-05,226797019600.9341
1978-02-02T07:53:12,0.03152,3.152e-05,222145495892.5247
1978-02-02T08:14:49,0.04056,4.056e-05,285857275171.34515
1978-02-02T08:18:19,0.05202,5.202e-05,366624641381.0004
1978-02-02T08:30:17,0.15028,0.00015028,1059137852878.4456
1978-02-02T08:30:36,0.21263,0.00021263,1498565888059.249
1978-02-02T08:30:36,0.17362,0.00017362,1223632645839.4712
1978-02-02T08:30:44,0.05363,5.363e-05,377971540124.2417
1978-02-02T08:31:08,0.0659,6.59e-05,464447594521.4904
1978-02-02T08:31:18,0.07393,7.392999999999999e-05,521041132973.8054
1978-02-02T08:31:40,0.10253,0.00010253,722607160338.2155
1978-02-02T08:31:40,0.08814,8.813999999999999e-05,621189847968.5
1978-02-02T08:32:13,0.12502,0.00012502,881111354583.8652
1978-02-02T08:32:45,0.0407,4.07e-05,286843962018.5836
1978-02-02T08:49:46,0.04371,4.371e-05,308057729234.20856
1978-02-02T08:56:48,0.05534,5.534e-05,390023215186.93896
1978-02-02T08:59:39,0.04241,4.241e-05,298895637081.2808
1978-02-02T09:11:45,0.04103,4.103e-05,289169723872.7883
1978-02-02T09:23:31,0.04012,4.012e-05,282756259365.7389
1978-02-02T09:33:08,0.03877,3.877e-05,273241779053.08316
1978-02-02T09:46:22,0.03639,3.639e-05,256468102650.03088
1978-02-02T09:53:27,0.04379,4.3790000000000006e-05,308621550289.7734
1978-02-02T10:04:40,0.06041,6.041e-05,425755374583.3571
1978-02-02T10:06:25,0.04884,4.884e-05,344212754422.3003
1978-02-02T11:25:06,0.04151,4.151e-05,292552650206.17706
1978-02-02T11:33:42,0.05378,5.378e-05,379028704603.4257
1978-02-02T11:36:03,0.07003,7.002999999999999e-05,493554856515.0223
1978-02-02T11:38:31,0.16647,0.00016647,1173241138998.369
1978-02-02T11:38:37,0.12517,0.00012517,882168519063.0492
1978-02-02T11:45:09,0.12231,0.00012231,862011916326.6084
1978-02-02T11:47:49,0.08181,8.180999999999999e-05,576577506946.9365
1978-02-02T11:48:53,0.06888,6.888e-05,485449928841.27856
1978-02-02T11:55:44,0.05948,5.948e-05,419200954812.4165
1978-02-02T12:07:03,0.0575,5.75e-05,405246383687.1881
1978-02-02T12:17:45,0.06747,6.747e-05,475512582736.9493
1978-02-02T12:18:41,0.05639,5.639e-05,397423366541.2268
1978-02-02T12:18:44,0.08071,8.071e-05,568824967432.9209
1978-02-02T12:19:02,0.1925,0.0001925,1356694414952.7605
1978-02-02T12:19:13,0.34316,0.00034316,2418510417845.1387
1978-02-02T12:19:23,0.10185,0.00010185,717814681365.9148
1978-02-02T12:19:53,0.24214,0.00024214,1706545379930.7085
1978-02-02T12:20:20,0.12963,0.00012963,913601542910.786
1978-02-02T12:26:05,0.09494,9.494e-05,669114637691.5067
1978-02-02T12:26:50,0.34256,0.00034256,2414281759928.4023
1978-02-02T12:26:50,0.29331,0.00029331,2067179422596.333
1978-02-02T12:26:50,0.11559,0.00011559,814650947659.1665
1978-02-02T12:27:11,0.21759,0.00021759,1533522793504.2654
1978-02-02T12:27:22,0.15149,0.00015149,1067665646343.8632
1978-02-02T12:28:26,0.07005,7.005000000000001e-05,493695811778.9136
1978-02-02T12:28:58,0.05845,5.845000000000001e-05,411941758722.02
1978-02-02T12:32:13,0.04942,4.942e-05,348300457075.1449
1978-02-02T12:45:04,0.04717,4.717e-05,332442989887.38544
1978-02-02T12:53:33,0.04952,4.952e-05,349005233394.6009
1978-02-02T15:35:25,0.10015,0.00010015,705833483935.1633
1978-02-02T15:36:21,0.11984,0.00011984,844603941236.0457
1978-02-02T15:36:45,0.07709,7.709000000000001e-05,543312064668.6144
1978-02-02T15:37:06,0.1461,0.0001461,1029678202725.1855
1978-02-02T15:37:06,0.06859,6.859e-05,483406077514.8562
1978-02-02T15:37:06,0.23637,0.00023637,1665879786298.098
1978-02-02T15:37:06,0.18028,0.00018028,1270570748715.2395
1978-02-02T15:37:24,0.05582,5.582e-05,393406141520.3277
1978-02-02T15:37:32,0.04387,4.387e-05,309185371345.33813
1978-02-02T15:37:55,0.03792,3.792e-05,267251180337.7073
1978-02-02T15:44:34,0.04245,4.245e-05,299177547609.06323
1978-02-02T15:48:25,0.03593,3.593e-05,253226131580.53333
1978-02-02T21:23:03,0.04218,4.2180000000000006e-05,297274651546.5321
1978-02-02T21:29:25,0.04908,4.908e-05,345904217588.9946
1978-02-02T21:38:55,0.05698,5.698000000000001e-05,401581546826.017
1978-02-02T21:50:40,0.06371,6.371e-05,449012993125.4044
1978-02-02T22:01:57,0.05965,5.965e-05,420399074555.4917
1978-02-02T22:14:11,0.05572,5.572e-05,392701365200.8717
1978-02-02T22:25:56,0.0549,5.49e-05,386922199381.33264
1978-02-02T22:32:21,0.05434,5.434e-05,382975451992.3791
1978-02-02T23:10:18,0.04048,4.0480000000000005e-05,285293454115.78046
1978-02-02T23:27:56,0.04275,4.275e-05,301291876567.4312
1978-02-02T23:28:08,0.04744,4.7440000000000007e-05,334345885949.9166
1978-02-02T23:37:38,0.05398,5.398e-05,380438257242.3376
1978-02-02T23:45:59,0.04534,4.534e-05,319545583241.34094
1978-02-02T23:55:12,0.04019,4.019e-05,283249602789.3581
1978-02-03T00:03:50,0.03694,3.694e-05,260344372407.0388
1978-02-03T00:13:59,0.03672,3.672e-05,258793864504.2356
1978-02-03T00:30:33,0.03406,3.406e-05,240046814406.7065
1978-02-03T00:42:19,0.03432,3.4320000000000003e-05,241879232837.2921
1978-02-03T00:54:04,0.03741,3.741e-05,263656821108.48187
1978-02-03T01:05:50,0.04348,4.348e-05,306436743699.4598
1978-02-03T01:17:35,0.04464,4.464e-05,314612149005.1492
1978-02-03T01:29:20,0.04192,4.192e-05,295442233115.94653
1978-02-03T01:41:06,0.04464,4.464e-05,314612149005.1492
1978-02-03T01:51:26,0.04372,4.372e-05,308128206866.1541
1978-02-03T02:01:57,0.04256,4.256e-05,299952801560.4648
1978-02-03T02:29:12,0.10515,0.00010515,741072299907.9622
1978-02-03T02:41:42,0.09376,9.376e-05,660798277121.9263
1978-02-03T02:53:01,0.10513,0.00010513,740931344644.071
1978-02-03T03:02:40,0.12307,0.00012307,867368216354.4738
1978-02-03T03:05:05,0.0993,9.93e-05,699842885219.7875
1978-02-03T03:11:25,0.16666,0.00016666,1174580214005.3352
1978-02-03T03:11:25,0.13551,0.0001355099999999,955042390494.7976
1978-02-03T03:12:36,0.0885,8.85e-05,623727042718.5416
1978-02-03T03:15:17,0.06463,6.463000000000001e-05,455496935264.3995
1978-02-03T03:30:08,0.06222,6.222e-05,438511825965.5103
1978-02-03T03:40:49,0.05358,5.3580000000000005e-05,377619151964.5137
1978-02-03T03:52:34,0.0509,5.09e-05,358731146603.0935
1978-02-03T04:00:35,0.0485,4.85e-05,341816514936.15
1978-02-03T04:27:03,0.04385,4.385e-05,309044416081.44696
1978-02-03T04:40:40,0.04334,4.334e-05,305450056852.2214
1978-02-03T04:52:07,0.04437,4.437e-05,312709252942.61804
1978-02-03T04:54:02,0.16305,0.00016305,1149137788872.9744
1978-02-03T04:54:02,0.13963,0.00013963,984079174856.384
1978-02-03T04:54:02,0.32738,0.00032738,2307296714634.985
1978-02-03T04:54:34,0.20163,0.00020163,1421040492919.091
1978-02-03T04:54:34,0.26618,0.00026618,1875973607127.926
1978-02-03T04:54:34,0.24311,0.00024311,1713381710229.4314
1978-02-03T04:55:11,0.09595,9.595e-05,676232878518.0121
1978-02-03T04:55:24,0.06087,6.0870000000000005e-05,428997345652.8547
1978-02-03T04:55:29,0.11549,0.00011549,813946171339.7104
1978-02-03T04:55:38,0.05083,5.083e-05,358237803179.47424
1978-02-03T04:55:53,0.07319,7.319000000000001e-05,515825788209.8313
1978-02-03T05:02:24,0.05367,5.3670000000000006e-05,378253450652.0241
1978-02-03T05:03:07,0.06496,6.496e-05,457822697118.6042
1978-02-03T05:03:39,0.08887,8.887000000000001e-05,626334715100.5288
1978-02-03T05:06:52,0.1242,0.0001242,875332188764.3264
1978-02-03T05:07:44,0.10698,0.00010698,753969706554.0067
1978-02-03T05:19:26,0.09855,9.855e-05,694557062823.8676
1978-02-03T05:23:16,0.0841,8.41e-05,592716884662.4785
1978-02-03T05:23:58,0.22699,0.00022699,1599771767533.1272
1978-02-03T05:24:30,0.18605,0.00018605,1311236342347.8496
1978-02-03T05:25:02,0.15936,0.00015936,1123131542685.0486
1978-02-03T05:25:13,0.11932,0.00011932,840939104374.8745
1978-02-03T05:30:36,0.06782,6.782000000000001e-05,477979299855.0452
1978-02-03T05:41:36,0.1948,0.0001948,1372904270300.2476
1978-02-03T05:42:08,0.06176,6.176e-05,435269854896.0129
1978-02-03T05:42:08,0.38765,0.00038765,2732065402371.104
1978-02-03T05:42:08,0.49473,0.00049473,3486739885244.5664
1978-02-03T05:42:23,0.15207,0.00015207,1071753348996.708
1978-02-03T05:42:24,0.28485,0.00028485,2007555345970.3567
1978-02-03T05:42:58,0.12789,0.00012789,901338434952.252
1978-02-03T05:43:33,0.10367,0.00010367,730641610380.0137
1978-02-03T05:43:44,0.08567,8.567e-05,603781872877.9375
1978-02-03T05:51:04,0.05398,5.398e-05,380438257242.3376
1978-02-03T06:01:22,0.05521,5.521e-05,389107005971.6462
1978-02-03T06:28:38,0.06066,6.066e-05,427517315381.997
1978-02-03T06:40:23,0.05489,5.4890000000000005e-05,386851721749.387
1978-02-03T06:51:27,0.0484,4.84e-05,341111738616.694
1978-02-03T07:03:54,0.04685,4.685e-05,330187705665.12634
1978-02-03T07:13:31,0.04375,4.375e-05,308339639761.9909
1978-02-03T07:33:39,0.04132,4.132e-05,291213575199.2107
1978-02-03T07:36:21,0.10096,0.00010096,711542172122.7567
1978-02-03T07:36:41,0.16596,0.00016596,1169646779769.1433
1978-02-03T07:37:34,0.2222,0.0002222,1566012981831.186
1978-02-03T07:37:43,0.07537,7.537e-05,531189911973.9716
1978-02-03T07:37:50,0.05208,5.208e-05,367047507172.674
1978-02-03T07:39:43,0.06458,6.458e-05,455144547104.6714
1978-02-03T07:44:15,0.0393,3.93e-05,276977093546.1998
1978-02-03T08:04:35,0.04195,4.195e-05,295653666011.7834
1978-02-03T08:11:32,0.04647,4.647e-05,327509555651.1936
1978-02-03T08:14:27,0.18203,0.00018203,1282904334305.7192
1978-02-03T08:14:59,0.21608,0.00021608,1522880671080.48
1978-02-03T08:14:59,0.42975,0.00042975,3028776232862.071
1978-02-03T08:15:13,0.27085,0.00027085,1908886661246.52
1978-02-03T08:15:31,0.14414,0.0001441399999999,1015864586863.8484
1978-02-03T08:15:31,0.55202,0.00055202,3890506238660.897
1978-02-03T08:15:31,0.34053,0.00034053,2399974800643.4463
1978-02-03T08:15:52,0.10738,0.00010738,756788811831.8306
1978-02-03T08:16:35,0.06224,6.224e-05,438652781229.4015
1978-02-03T08:16:46,0.07667,7.667000000000001e-05,540352004126.8994
1978-02-03T08:17:57,0.05233,5.233e-05,368809447971.314
1978-02-03T08:18:53,0.09127,9.127e-05,643249346767.4724
1978-02-03T08:21:08,0.05051,5.051e-05,355982518957.21515
1978-02-03T08:23:32,0.06168,6.168e-05,434706033840.44806
1978-02-03T08:24:41,0.07541,7.541000000000001e-05,531471822501.7541
1978-02-03T08:25:51,0.09284,9.284e-05,654314334982.9313
1978-02-03T08:29:38,0.11454,0.00011454,807250796304.8787
1978-02-03T08:38:07,0.10262,0.00010262,723241459025.726
1978-02-03T08:45:27,0.08819,8.819000000000001e-05,621542236128.2283
1978-02-03T08:55:04,0.07635,7.635e-05,538096719904.64014
1978-02-03T09:07:32,0.06736,6.736e-05,474737328785.54767
1978-02-03T09:11:59,0.063,6.3e-05,444009081257.26697
1978-02-03T09:14:46,0.12261,0.00012261,864126245284.9762
1978-02-03T09:14:51,0.20029,0.00020029,1411596490238.3809
1978-02-03T09:14:51,0.17938,0.00017938,1264227761840.1355
1978-02-03T09:17:14,0.07881,7.881000000000001e-05,555434217363.2573
1978-02-03T09:20:03,0.06556,6.555999999999999e-05,462051355035.3399
1978-02-03T09:22:51,0.05962,5.962e-05,420187641659.6549
1978-02-03T09:33:33,0.04941,4.941e-05,348229979443.19934
1978-02-03T09:45:37,0.04899,4.899e-05,345269918901.4842
1978-02-03T09:58:04,0.05018,5.018e-05,353656757103.01044
1978-02-03T10:08:49,0.059,5.9e-05,415818028479.0278
1978-02-03T10:20:35,0.0571,5.71e-05,402427278409.3642
1978-02-03T10:29:08,0.0531,5.31e-05,374236225631.12506
1978-02-03T10:41:43,0.04933,4.933e-05,347666158387.6346
1978-02-03T10:52:07,0.04661,4.661e-05,328496242498.43195
1978-02-03T10:59:53,0.04174,4.174e-05,294173635740.9258
1978-02-03T11:09:45,0.04113,4.113e-05,289874500192.24426
1978-02-03T11:26:51,0.04583,4.583000000000001e-05,322998987206.6753
1978-02-03T11:40:56,0.06062,6.062e-05,427235404854.2146
1978-02-03T11:41:10,0.04843,4.843e-05,341323171512.5308
1978-02-03T11:58:55,0.04564,4.564e-05,321659912199.709
1978-02-03T12:02:07,0.05169,5.169e-05,364298879526.7957
1978-02-03T12:24:34,0.04329,4.329e-05,305097668692.4934
1978-02-03T12:34:11,0.04816,4.816e-05,339420275449.9996
1978-02-03T12:39:00,0.05205,5.205e-05,366836074276.8372
1978-02-03T12:55:55,0.0681,6.81e-05,479952673549.5219
1978-02-03T12:56:06,0.08259,8.259e-05,582074762238.6934
1978-02-03T12:57:42,0.06039,6.039e-05,425614419319.46594
1978-02-03T13:16:34,0.09951,9.951e-05,701322915490.645
1978-02-03T13:17:11,0.07819,7.819e-05,551064604182.6301
1978-02-03T13:18:19,0.1288,0.0001288,907751899459.3014
1978-02-03T13:19:37,0.15138,0.0001513799999999,1066890392392.4612
1978-02-03T13:36:43,0.12611,0.00012611,888793416465.9354
1978-02-03T13:39:59,0.09714,9.714e-05,684619716719.5385
1978-02-03T13:41:00,0.06562,6.562e-05,462474220827.0136
1978-02-03T13:41:46,0.07471,7.471e-05,526538388265.5621
1978-02-03T13:43:08,0.10859,0.00010859,765316605297.2479
1978-02-03T13:59:55,0.07712,7.712e-05,543523497564.4512
1978-02-03T14:10:23,0.09629,9.629e-05,678629118004.1625
1978-02-03T14:12:28,0.08005,8.005e-05,564173443724.5114
1978-02-03T14:36:35,0.03885,3.885e-05,273805600108.648
1978-02-03T14:55:17,0.03579,3.579e-05,252239444733.295
1978-02-03T15:10:09,0.03963,3.963e-05,279302855400.4046
1978-02-03T15:10:47,0.0479,4.79e-05,337587857019.41406
1978-02-03T15:40:43,0.12765,0.00012765,899646971785.5576
1978-02-03T15:40:46,0.05206,5.2060000000000006e-05,366906551908.7829
1978-02-03T15:41:19,0.09593,9.593e-05,676091923254.1208
1978-02-03T15:42:44,0.07513,7.513000000000001e-05,529498448807.2773
1978-02-03T15:47:39,0.06081,6.081e-05,428574479861.181
1978-02-03T15:47:39,0.04972,4.972e-05,350414786033.51294
1978-02-03T16:11:19,0.06491,6.491e-05,457470308958.87616
1978-02-03T16:17:12,0.0507,5.0700000000000006e-05,357321593964.1815
1978-02-03T16:24:00,0.0662,6.62e-05,466561923479.8583
1978-02-03T16:24:38,0.05622,5.622e-05,396225246798.1516
1978-02-03T16:26:08,0.04782,4.782e-05,337024035963.8493
1978-02-03T16:27:44,0.1575,0.0001575,1110022703143.1675
1978-02-03T16:27:52,0.11319,0.00011319,797736315992.223
1978-02-03T16:28:59,0.08895,8.895000000000001e-05,626898536156.0936
1978-02-03T16:29:09,0.07384,7.384e-05,520406834286.29504
1978-02-03T16:30:06,0.19585,0.00019585,1380304421654.5354
1978-02-03T16:37:00,0.08888,8.888e-05,626405192732.4744
1978-02-03T16:38:58,0.10581,0.00010581,745723823616.3718
1978-02-03T16:39:19,0.11946,0.00011946,841925791222.1128
1978-02-03T17:04:37,0.11491,0.00011491,809858468686.8657
1978-02-03T17:07:14,0.09646,9.646e-05,679827237747.2377
1978-02-03T17:07:37,0.20166,0.00020166,1421251925814.928
1978-02-03T17:07:37,0.17266,0.00017266,1216866793172.6938
1978-02-03T17:07:49,0.14851,0.00014851,1046663312024.0748
1978-02-03T17:07:49,0.34865,0.00034865,2457202637783.272
1978-02-03T17:07:49,0.31136,0.00031136,2194391548258.1372
1978-02-03T17:08:01,0.25626,0.00025626,1806059796237.8928
1978-02-03T17:08:54,0.124,0.000124,873922636125.4143
1978-02-03T17:18:31,0.09628,9.628e-05,678558640372.2169
1978-02-03T17:19:51,0.12848,0.00012848,905496615237.0424
1978-02-03T17:20:33,0.15476,0.00015476,1090711831990.0736
1978-02-03T17:29:48,0.09385,9.385e-05,661432575809.4366
1978-02-03T17:33:14,0.07604,7.604e-05,535911913314.32666
1978-02-03T17:45:14,0.0587,5.87e-05,413703699520.6599
1978-02-03T18:09:17,0.11105,0.00011105,782654102755.865
1978-02-03T18:10:25,0.09157,9.157e-05,645363675725.8403
1978-02-03T18:11:18,0.04527,4.527e-05,319052239817.7218
1978-02-03T18:18:11,0.07154,7.154000000000001e-05,504196978938.8077
1978-02-03T18:20:31,0.13913,0.00013913,980555293259.104
1978-02-03T18:21:21,0.0959,9.59e-05,675880490358.2842
1978-02-03T18:21:27,0.05465,5.465e-05,385160258582.6927
1978-02-03T18:39:58,0.03863,3.863e-05,272255092205.8448
1978-02-03T18:45:06,0.08155,8.155e-05,574745088516.3512
1978-02-03T18:45:38,0.06956,6.956e-05,490242407813.5792
1978-02-03T18:45:38,0.05101,5.101e-05,359506400554.49506
1978-02-03T18:45:38,0.15192,0.00015192,1070696184517.5236
1978-02-03T18:45:54,0.10126,0.00010126,713656501081.1248
1978-02-03T18:46:02,0.1294,0.0001294,911980557376.0372
1978-02-03T18:47:35,0.03608,3.608e-05,254283296059.7173
1978-02-03T20:04:23,0.03359,3.359e-05,236734365705.26343
1978-02-03T20:06:52,0.04682,4.682e-05,329976272769.28955
1978-02-03T20:19:41,0.04007,4.007e-05,282403871206.0109
1978-02-03T20:27:10,0.13424,0.00013424,946091731237.7064
1978-02-03T20:27:33,0.09855,9.855e-05,694557062823.8676
1978-02-03T20:27:57,0.0631,6.31e-05,444713857576.7229
1978-02-03T20:28:46,0.117,0.000117,824588293763.4958
1978-02-03T20:28:46,0.07518,7.518e-05,529850836967.0052
1978-02-03T21:56:34,0.03229,3.229e-05,227572273552.3357
1978-02-03T22:14:57,0.03049,3.049e-05,214886299802.12808
1978-02-03T22:23:41,0.03031,3.031e-05,213617702427.1073
1978-02-04T03:36:58,0.0604,6.04e-05,425684896951.4116
1978-02-04T08:32:27,0.02884,2.884e-05,203257490531.10443
1978-02-04T08:43:49,0.06553,6.553e-05,461839922139.5032
1978-02-04T08:44:15,0.04929,4.929e-05,347384247859.85223
1978-02-04T08:44:47,0.03939,3.939e-05,277611392233.71027
1978-02-04T08:45:30,0.0315,3.15e-05,222004540628.63348
1978-02-04T09:24:19,0.0303,3.03e-05,213547224795.1617
1978-02-04T09:27:34,0.03914,3.914e-05,275849451435.0703
1978-02-04T09:32:17,0.04449,4.449e-05,313554984525.9652
1978-02-04T09:33:21,0.13743,0.00013743,968574095828.3524
1978-02-04T09:35:12,0.11049,0.00011049,778707355366.9116
1978-02-04T09:36:02,0.07976,7.976e-05,562129592398.089
1978-02-04T09:36:16,0.05622,5.622e-05,396225246798.1516
1978-02-04T09:38:57,0.04626,4.626e-05,326029525380.336
1978-02-04T10:08:59,0.02768,2.768e-05,195082085225.41507
1978-02-04T10:15:46,0.02589,2.589e-05,182466589107.15305
1978-02-04T10:20:34,0.03101,3.101e-05,218551136663.2992
1978-02-04T10:27:59,0.04118,4.118e-05,290226888351.9723
1978-02-04T10:29:11,0.04844,4.844e-05,341393649144.4764
1978-02-04T10:30:51,0.03345,3.345e-05,235747678858.02505
1978-02-04T10:42:14,0.03364,3.364e-05,237086753864.99146
1978-02-04T10:54:01,0.03285,3.285e-05,231519020941.2892
1978-02-04T11:05:49,0.03189,3.189e-05,224753168274.5118
1978-02-04T11:16:01,0.03087,3.087e-05,217564449816.0608
1978-02-04T12:27:20,0.04426,4.426e-05,311933998991.21643
1978-02-04T12:28:52,0.03589,3.589e-05,252944221052.75092
1978-02-04T12:32:42,0.03036,3.036e-05,213970090586.83533
1978-02-04T12:44:30,0.02972,2.972e-05,209459522142.31705
1978-02-04T12:51:53,0.02555,2.555e-05,180070349621.00272
1978-02-04T12:56:04,0.03099,3.099e-05,218410181399.408
1978-02-04T13:04:01,0.03393,3.393e-05,239130605191.4138
1978-02-04T13:05:25,0.04329,4.329e-05,305097668692.4934
1978-02-04T13:24:19,0.02555,2.555e-05,180070349621.00272
1978-02-04T13:29:10,0.03001,3.001e-05,211503373468.73935
1978-02-04T13:30:05,0.03576,3.576e-05,252028011837.45825
1978-02-04T13:40:16,0.028,2.8e-05,197337369447.6742
1978-02-04T13:52:04,0.02923,2.923e-05,206006118176.9828
1978-02-04T13:59:34,0.03009,3.009e-05,212067194524.3041
1978-02-04T14:15:40,0.02871,2.871e-05,202341281315.81165
1978-02-04T14:29:20,0.02956,2.956e-05,208331880031.1875
1978-02-04T14:39:15,0.02984,2.984e-05,210305253725.6642
1978-02-04T14:48:22,0.02915,2.915e-05,205442297121.418
1978-02-04T15:36:20,0.29637,0.00029637,2088745577971.6855
1978-02-04T15:37:10,0.20123,0.00020123,1418221387641.267
1978-02-04T15:37:10,0.15708,0.00015708,1107062642601.452
1978-02-04T15:39:32,0.07048,7.048e-05,496726349952.5742
1978-02-04T15:39:38,0.12133,0.0001213299999999,855105108395.9397
1978-02-04T15:40:31,0.04698,4.698e-05,331103914880.41907
1978-02-04T15:40:39,0.03472,3.472e-05,244698338115.116
1978-02-04T15:58:37,0.03382,3.3820000000000005e-05,238355351240.0122
1978-02-04T17:53:23,0.06737,6.737e-05,474807806417.4932
1978-02-04T17:53:30,0.39137,0.00039137,2758283081454.8657
1978-02-04T17:54:06,0.27275,0.00027275,1922277411316.184
1978-02-04T17:55:32,0.18036,0.00018036,1271134569770.8042
1978-02-04T17:56:43,0.09618,9.618e-05,677853864052.761
1978-02-04T18:02:30,0.93564,0.00093564,6594169155357.925
1978-02-04T18:04:07,0.42031,0.00042031,2962245348305.427
1978-02-04T18:04:07,0.35992,0.00035992,2536630928985.9604
1978-02-04T18:05:58,0.5383,0.0005383,3793810927631.5366
1978-02-04T18:07:05,0.20637,0.00020637,1454446890461.3042
1978-02-04T18:07:20,0.28971,0.00028971,2041807475095.918
1978-02-04T18:07:41,0.11704,0.00011704,824870204291.2782
1978-02-04T18:08:43,0.09711,9.711e-05,684408283823.7015
1978-02-04T18:09:07,0.02125,2.125e-05,149764967884.3956
1978-02-04T18:09:11,0.04749,4.749e-05,334698274109.6446
1978-02-04T18:09:43,0.03018,3.018e-05,212701493211.8145
1978-02-04T18:10:00,0.06047,6.047e-05,426178240375.0307
1978-02-04T19:38:30,0.03523,3.523e-05,248292697344.34152
1978-02-04T19:45:39,0.0581,5.81e-05,409475041603.924
1978-02-04T19:45:50,0.04684,4.684e-05,330117228033.1807
1978-02-04T19:46:47,0.06932,6.932000000000001e-05,488550944646.8849
1978-02-04T19:47:01,0.09183,9.183e-05,647196094156.4257
1978-02-04T19:50:16,0.14678,0.00014678,1034470681697.4865
1978-02-04T20:07:06,0.04201,4.201e-05,296076531803.45685
1978-02-04T20:07:27,0.06999,6.999e-05,493272945987.2399
1978-02-04T20:07:27,0.05772,5.772e-05,406796891589.9913
1978-02-04T20:07:27,0.04942,4.942e-05,348300457075.1449
1978-02-04T20:08:31,0.02027,2.027e-05,142858159953.727
1978-02-04T20:08:31,0.01482,1.482e-05,104447850543.37614
1978-02-04T20:08:31,0.01269,1.269e-05,89436114938.96378
1978-02-04T20:08:31,0.01087,1.087e-05,76609185924.86494
1978-02-04T20:09:18,0.00678,6.78e-06,47783834459.1154
1978-02-04T20:09:36,0.00485,4.85e-06,34181651493.614998
1978-02-04T20:09:57,0.02791,2.791e-05,196703070760.16385
1978-02-04T20:11:58,0.03373,3.3730000000000004e-05,237721052552.50183
1978-02-04T20:12:54,0.00895,8.949999999999999e-06,63077480591.31014
1978-02-04T20:19:02,0.0321,3.2099999999999994e-05,226233198545.3693
1978-02-04T20:19:15,0.04235,4.235e-05,298472771289.60724
1978-02-04T20:20:06,0.00949,9.49e-06,66883272716.37244
1978-02-04T21:23:04,0.03973,3.973e-05,280007631719.8606
1978-02-04T21:23:36,0.0543,5.4300000000000005e-05,382693541464.5968
1978-02-04T21:24:08,0.02946,2.946e-05,207627103711.73148
1978-02-04T21:33:31,0.02622,2.622e-05,184792350961.35776
1978-02-04T21:41:18,0.05187,5.187e-05,365567476901.8165
1978-02-04T21:42:14,0.02773,2.773e-05,195434473385.14307
1978-02-04T23:04:37,0.02726,2.726e-05,192122024683.69995
1978-02-04T23:10:19,0.02084,2.084e-05,146875384974.62607
1978-02-04T23:11:56,0.02576,2.576e-05,181550379891.86023
1978-02-04T23:15:52,0.02961,2.9610000000000003e-05,208684268190.9155
1978-02-04T23:28:49,0.02884,2.884e-05,203257490531.10443
1978-02-04T23:36:36,0.02864,2.864e-05,201847937892.19244
1978-02-04T23:51:37,0.02853,2.853e-05,201072683940.7909
1978-02-04T23:59:39,0.02824,2.824e-05,199028832614.36856
1978-02-05T00:04:10,0.03006,3.006e-05,211855761628.46735
1978-02-05T00:14:50,0.02838,2.838e-05,200015519461.60693
1978-02-05T00:18:02,0.02476,2.476e-05,174502616697.30048
1978-02-05T00:34:16,0.02867,2.867e-05,202059370788.02927
1978-02-05T00:43:23,0.03036,3.036e-05,213970090586.83533
1978-02-05T01:31:56,0.03809,3.809e-05,268449300080.78253
1978-02-05T01:35:11,0.03417,3.417e-05,240822068358.1081
1978-02-05T01:49:36,0.03554,3.554e-05,250477503934.65503
1978-02-05T01:59:41,0.03388,3.388e-05,238778217031.6858
1978-02-05T02:03:58,0.03368,3.368e-05,237368664392.77383
1978-02-05T02:11:26,0.14119,0.00014119,995073685439.8972
1978-02-05T02:11:52,0.08347,8.347e-05,588276793849.906
1978-02-05T02:11:53,0.05111,5.111e-05,360211176873.951
1978-02-05T02:12:29,0.04048,4.0480000000000005e-05,285293454115.78046
1978-02-05T02:15:37,0.03583,3.583e-05,252521355261.0774
1978-02-05T02:21:13,0.03714,3.714e-05,261753925045.9507
1978-02-05T03:15:05,0.03492,3.492e-05,246107890754.02795
1978-02-05T03:26:49,0.03213,3.213e-05,226444631441.2061
1978-02-05T03:38:33,0.03195,3.195e-05,225176034066.18536
1978-02-05T03:48:41,0.0328,3.2800000000000004e-05,231166632781.5612
1978-02-05T04:02:37,0.0321,3.2099999999999994e-05,226233198545.3693
1978-02-05T04:16:29,0.03325,3.325e-05,234338126219.11316
1978-02-05T04:18:03,0.12376,0.00012376,872231172958.7198
1978-02-05T04:19:20,0.06509,6.509e-05,458738906333.897
1978-02-05T04:19:26,0.10816,0.00010816,762286067123.5873
1978-02-05T04:19:28,0.04082,4.0820000000000006e-05,287689693601.9308
1978-02-05T04:19:29,0.07875,7.875e-05,555011351571.5837
1978-02-05T04:27:36,0.03293,3.2930000000000005e-05,232082841996.85403
1978-02-05T04:39:27,0.03436,3.436e-05,242161143365.0745
1978-02-05T04:46:43,0.05055,5.055e-05,356264429484.9975
1978-02-05T04:47:03,0.04481,4.4810000000000006e-05,315810268748.2244
1978-02-05T04:49:43,0.03375,3.375e-05,237862007816.39304
1978-02-05T04:59:16,0.03008,3.008e-05,211996716892.35852
1978-02-05T05:11:20,0.03283,3.283e-05,231378065677.398
1978-02-05T05:23:04,0.03243,3.243e-05,228558960399.57407
1978-02-05T05:34:48,0.03217,3.217e-05,226726541968.98853
1978-02-05T05:46:32,0.03328,3.328e-05,234549559114.94992
1978-02-05T05:57:33,0.03648,3.648e-05,257102401337.5412
1978-02-05T06:09:06,0.03587,3.587e-05,252803265788.85977
1978-02-05T06:16:45,0.03243,3.243e-05,228558960399.57407
1978-02-05T06:25:48,0.03245,3.245e-05,228699915663.4653
1978-02-05T06:28:40,0.04084,4.084e-05,287830648865.822
1978-02-05T06:31:04,0.08563,8.563e-05,603499962350.1552
1978-02-05T06:31:20,0.19796,0.00019796,1395175201995.0566
1978-02-05T06:31:20,0.15853,0.00015853,1117281899233.564
1978-02-05T06:31:20,0.13549,0.00013549,954901435230.9064
1978-02-05T06:31:20,0.1158,0.0001158,816130977930.024
1978-02-05T06:31:20,0.26118,0.00026118,1840734791155.127
1978-02-05T06:31:51,0.37504,0.00037504,2643193108487.705
1978-02-05T06:31:52,0.07337,7.337000000000001e-05,517094385584.8521
1978-02-05T06:35:02,0.05745,5.745e-05,404893995527.4601
1978-02-05T06:36:11,0.0314,3.14e-05,221299764309.1775
1978-02-05T06:45:54,0.14209,0.00014209,1001416672315.001
1978-02-05T06:46:16,0.19845,0.00019845,1398628605960.3909
1978-02-05T06:46:58,0.04666,4.666e-05,328848630658.16
1978-02-05T06:47:20,0.08871,8.871e-05,625207072989.3992
1978-02-05T06:47:20,0.06489,6.489000000000001e-05,457329353694.98505
1978-02-05T06:48:24,0.03977,3.977e-05,280289542247.64294
1978-02-05T06:48:33,0.03398,3.398e-05,239482993351.14175
1978-02-05T06:49:21,0.02605,2.605e-05,183594231218.2826
1978-02-05T06:50:58,0.02248,2.248e-05,158433716613.70416
1978-02-05T13:29:26,0.04806,4.806e-05,338715499130.54364
1978-02-05T13:42:14,0.04806,4.806e-05,338715499130.54364
1978-02-05T13:57:10,0.05217,5.217e-05,367681805860.1845
1978-02-05T14:08:54,0.05035,5.035e-05,354854876846.0856
1978-02-05T14:20:38,0.04867,4.867e-05,343014634679.2251
1978-02-05T14:32:22,0.04526,4.526e-05,318981762185.7763
1978-02-05T14:44:06,0.04382,4.382e-05,308832983185.6101
1978-02-05T14:52:38,0.04452,4.452e-05,313766417421.80194
1978-02-05T15:31:59,0.04193,4.193e-05,295512710747.8921
1978-02-05T15:44:11,0.04223,4.223e-05,297627039706.2601
1978-02-05T15:55:33,0.04217,4.217e-05,297204173914.5864
1978-02-05T16:07:17,0.04365,4.365e-05,307634863442.535
1978-02-05T16:19:01,0.04645,4.645e-05,327368600387.3024
1978-02-05T16:30:45,0.04588,4.588e-05,323351375366.4033
1978-02-05T16:42:29,0.04351,4.351e-05,306648176595.29663
1978-02-05T16:54:13,0.04442,4.4420000000000005e-05,313061641102.34607
1978-02-05T17:05:50,0.04338,4.338e-05,305731967380.00385
1978-02-05T17:15:01,0.04213,4.2130000000000005e-05,296922263386.8041
1978-02-05T17:33:41,0.043,4.3e-05,303053817366.07104
1978-02-05T17:45:25,0.04588,4.588e-05,323351375366.4033
1978-02-05T17:57:09,0.0488,4.880000000000001e-05,343930843894.51794
1978-02-05T18:08:53,0.0533,5.33e-05,375645778270.037
1978-02-05T18:18:29,0.05538,5.538e-05,390305125714.7213
1978-02-05T18:32:21,0.05351,5.351e-05,377125808540.8945
1978-02-05T18:42:28,0.04933,4.933e-05,347666158387.6346
1978-02-05T18:44:04,0.04535,4.535000000000001e-05,319616060873.2866
1978-02-05T19:04:44,0.0484,4.84e-05,341111738616.694
1978-02-05T19:10:12,0.13043,0.0001304299999999,919239753466.4336
1978-02-05T19:11:14,0.10384,0.00010384,731839730123.0889
1978-02-05T19:12:20,0.05815,5.815e-05,409827429763.652
1978-02-05T19:13:32,0.04683,4.683e-05,330046750401.2351
1978-02-05T19:19:48,0.04309,4.309e-05,303688116053.5815
1978-02-05T20:20:47,0.03742,3.742e-05,263727298740.4275
1978-02-05T20:28:15,0.03754,3.754e-05,264573030323.7746
1978-02-05T21:02:44,0.03549,3.549e-05,250125115774.92703
1978-02-05T21:16:14,0.03403,3.403e-05,239835381510.8697
1978-02-05T21:27:07,0.03538,3.5380000000000003e-05,249349861823.5255
1978-02-05T21:37:11,0.03433,3.433e-05,241949710469.23767
1978-02-05T22:01:59,0.03466,3.4660000000000004e-05,244275472323.44244
1978-02-05T22:02:13,0.06516,6.515999999999999e-05,459232249757.51605
1978-02-05T22:03:59,0.05167,5.1670000000000005e-05,364157924262.9045
1978-02-05T22:06:52,0.02929,2.929e-05,206428983968.6563
1978-02-05T22:12:51,0.03151,3.151e-05,222075018260.5791
1978-02-05T22:22:43,0.03168,3.168e-05,223273138003.65427
1978-02-05T22:34:27,0.03207,3.207e-05,226021765649.5326
1978-02-05T22:42:27,0.0314,3.14e-05,221299764309.1775
1978-02-05T23:18:35,0.033,3.3e-05,232576185420.4732
1978-02-05T23:25:22,0.03716,3.716e-05,261894880309.8419
1978-02-05T23:29:00,0.0427,4.27e-05,300939488407.7032
1978-02-05T23:32:35,0.03605,3.605e-05,254071863163.88052
1978-02-05T23:38:27,0.04217,4.217e-05,297204173914.5864
1978-02-06T00:02:41,0.04169,4.169e-05,293821247581.1977
1978-02-06T00:12:02,0.0341,3.41e-05,240328724934.48892
1978-02-06T00:13:52,0.02951,2.9510000000000004e-05,207979491871.4595
1978-02-06T00:41:07,0.03124,3.124e-05,220172122198.04797
1978-02-06T05:26:01,0.03772,3.772e-05,265841627698.79532
1978-02-06T05:59:09,0.03388,3.388e-05,238778217031.6858
1978-02-06T06:10:54,0.03366,3.3660000000000006e-05,237227709128.88263
1978-02-06T06:22:40,0.0341,3.41e-05,240328724934.48892
1978-02-06T06:34:42,0.03922,3.922e-05,276413272490.6351
1978-02-06T06:44:03,0.04405,4.405e-05,310453968720.3588
1978-02-06T06:55:48,0.04433,4.433e-05,312427342414.8357
1978-02-06T07:06:36,0.0508,5.08e-05,358026370283.6375
1978-02-06T07:07:58,0.04148,4.148e-05,292341217310.3403
1978-02-06T07:19:48,0.03687,3.687e-05,259851028983.4196
1978-02-06T07:31:05,0.03322,3.322e-05,234126693323.2763
1978-02-06T07:42:50,0.03311,3.311e-05,233351439371.8748
1978-02-06T07:54:36,0.03329,3.329e-05,234620036746.8955
1978-02-06T08:06:22,0.03432,3.4320000000000003e-05,241879232837.2921
1978-02-06T08:16:31,0.0382,3.82e-05,269224554032.18408
1978-02-06T08:23:17,0.04476,4.4760000000000005e-05,315457880588.4964
1978-02-06T08:35:13,0.04323,4.323e-05,304674802900.8198
1978-02-06T08:46:59,0.03935,3.935e-05,277329481705.92786
1978-02-06T08:58:44,0.03819,3.8190000000000005e-05,269154076400.23853
1978-02-06T09:10:30,0.03755,3.755e-05,264643507955.7202
1978-02-06T09:21:59,0.03953,3.953e-05,278598079080.9486
1978-02-06T09:34:01,0.03596,3.596e-05,253437564476.37012
1978-02-06T09:45:47,0.03344,3.344e-05,235677201226.07947
1978-02-06T09:57:32,0.03163,3.163e-05,222920749843.92624
1978-02-06T10:09:18,0.03114,3.1140000000000003e-05,219467345878.59195
1978-02-06T10:21:03,0.0315,3.15e-05,222004540628.63348
1978-02-06T10:32:49,0.03279,3.279e-05,231096155149.61563
1978-02-06T10:44:34,0.03399,3.399e-05,239553470983.0873
1978-02-06T10:55:28,0.0321,3.2099999999999994e-05,226233198545.3693
1978-02-06T12:38:57,0.03189,3.189e-05,224753168274.5118
1978-02-06T12:50:43,0.03072,3.0720000000000004e-05,216507285336.8769
1978-02-06T13:02:28,0.02914,2.914e-05,205371819489.47235
1978-02-06T13:14:14,0.02909,2.909e-05,205019431329.7444
1978-02-06T13:25:59,0.02851,2.851e-05,200931728676.8997
1978-02-06T13:37:45,0.02928,2.928e-05,206358506336.71072
1978-02-06T13:49:30,0.0297,2.97e-05,209318566878.42584
1978-02-06T14:01:16,0.02913,2.913e-05,205301341857.5268
1978-02-06T14:13:01,0.02897,2.897e-05,204173699746.3972
1978-02-06T14:24:47,0.02947,2.947e-05,207697581343.6771
1978-02-06T14:36:32,0.03227,3.227e-05,227431318288.4445
1978-02-06T14:48:18,0.03136,3.136e-05,221017853781.39508
1978-02-06T14:54:43,0.0308,3.08e-05,217071106392.44165
1978-02-06T16:11:19,0.0306,3.06e-05,215661553753.5297
1978-02-06T16:19:10,0.03331,3.331e-05,234760992010.78668
1978-02-06T16:36:16,0.04931,4.931e-05,347525203123.7434
1978-02-06T16:37:20,0.0673,6.73e-05,474314462993.874
1978-02-06T16:37:36,0.04037,4.037e-05,284518200164.37885
1978-02-06T16:37:38,0.05596,5.5960000000000006e-05,394392828367.5661
1978-02-06T16:50:55,0.0376,3.76e-05,264995896115.4482
1978-02-06T16:59:00,0.11526,0.00011526,812325185804.9618
1978-02-06T16:59:26,0.06466,6.466e-05,455708368160.2362
1978-02-06T16:59:47,0.07673,7.673e-05,540774869918.57294
1978-02-06T17:01:04,0.04605,4.605e-05,324549495109.4785
1978-02-06T17:02:00,0.09191,9.191e-05,647759915211.9906
1978-02-06T17:03:42,0.05384,5.384e-05,379451570395.0992
1978-02-06T17:15:49,0.04724,4.724e-05,332936333311.0046
1978-02-06T17:27:35,0.04691,4.691e-05,330610571456.79987
1978-02-06T17:39:20,0.04703,4.703e-05,331456303040.14703
1978-02-06T17:51:06,0.04721,4.721e-05,332724900415.16785
1978-02-06T18:02:51,0.04295,4.295e-05,302701429206.3431
1978-02-06T18:14:08,0.04115,4.115e-05,290015455456.13544
1978-02-06T18:17:49,0.04865,4.865e-05,342873679415.33386
1978-02-06T18:28:31,0.03707,3.707e-05,261260581622.33157
1978-02-06T18:40:16,0.03552,3.5520000000000006e-05,250336548670.7639
1978-02-06T18:49:53,0.03389,3.389e-05,238848694663.6314
1978-02-06T19:21:58,0.03212,3.2120000000000004e-05,226374153809.2606
1978-02-06T19:33:43,0.03163,3.163e-05,222920749843.92624
1978-02-06T19:45:29,0.03324,3.324e-05,234267648587.1675
1978-02-06T19:54:34,0.03203,3.203e-05,225739855121.75015
1978-02-06T20:09:32,0.03047,3.047e-05,214745344538.2369
1978-02-06T21:00:24,0.04518,4.518e-05,318417941130.2114
1978-02-06T21:01:23,0.05205,5.205e-05,366836074276.8372
1978-02-06T21:01:41,0.02993,2.993e-05,210939552413.1746
1978-02-06T21:01:48,0.03675,3.675e-05,259005297400.0724
1978-02-06T21:13:08,0.03048,3.048e-05,214815822170.1825
1978-02-06T21:24:54,0.03208,3.208e-05,226092243281.47812
1978-02-06T21:36:07,0.03336,3.336e-05,235113380170.5147
1978-02-06T21:51:37,0.03912,3.9120000000000005e-05,275708496171.17914
1978-02-06T22:03:23,0.03997,3.997e-05,281699094886.55493
1978-02-06T22:11:56,0.03958,3.958e-05,278950467240.6766
1978-02-06T22:27:58,0.03984,3.984e-05,280782885671.26215
1978-02-06T22:37:51,0.04024,4.024e-05,283601990949.08606
1978-02-06T22:51:29,0.03777,3.777e-05,266194015858.52335
1978-02-06T23:01:06,0.03636,3.636e-05,256256669754.1941
1978-02-06T23:16:04,0.03607,3.607e-05,254212818427.7717
1978-02-06T23:27:50,0.03547,3.5470000000000004e-05,249984160511.03583
1978-02-06T23:39:35,0.03612,3.612e-05,254565206587.49973
1978-02-06T23:46:32,0.0344,3.44e-05,242443053892.8569
1978-02-07T00:09:32,0.0348,3.48e-05,245262159170.6808
1978-02-07T00:20:25,0.0349,3.49e-05,245966935490.1368
1978-02-07T00:32:36,0.03644,3.644e-05,256820490809.75888
1978-02-07T00:39:01,0.03696,3.696e-05,260485327670.92996
1978-02-07T01:18:02,0.29988,0.00029988,2113483226784.5903
1978-02-07T01:18:20,0.21504,0.00021504,1515550997358.138
1978-02-07T01:19:38,0.16721,0.00016721,1178456483762.343
1978-02-07T01:19:38,0.13994,0.00013994,986263981446.6976
1978-02-07T01:19:49,0.07821,7.821e-05,551205559446.5214
1978-02-07T01:20:21,0.06421,6.421000000000001e-05,452536874722.6844
1978-02-07T01:21:14,0.05456,5.456e-05,384525959895.1823
1978-02-07T01:21:14,0.04669,4.669e-05,329060063553.9968
1978-02-07T01:23:22,0.03747,3.7470000000000005e-05,264079686900.1555
1978-02-07T01:55:59,0.04144,4.144e-05,292059306782.5578
1978-02-07T02:06:08,0.04274,4.274e-05,301221398935.4856
1978-02-07T02:23:14,0.04249,4.249e-05,299459458136.8456
1978-02-07T02:40:52,0.03955,3.9550000000000006e-05,278739034344.83984
1978-02-07T02:53:16,0.04044,4.044e-05,285011543587.99805
1978-02-07T02:56:54,0.05055,5.055e-05,356264429484.9975
1978-02-07T03:04:32,0.03971,3.971e-05,279866676455.9694
1978-02-07T03:08:40,0.03615,3.615000000000001e-05,254776639483.33652
1978-02-07T03:18:17,0.04314,4.314e-05,304040504213.30945
1978-02-07T03:24:42,0.04443,4.443e-05,313132118734.2916
1978-02-07T04:23:29,0.41587,0.00041587,2930953279721.581
1978-02-07T04:23:43,0.32838,0.00032838,2314344477829.545
1978-02-07T04:24:55,0.21811,0.00021811,1537187630365.4363
1978-02-07T04:25:05,0.15728,0.00015728,1108472195240.3645
1978-02-07T04:25:16,0.08385,8.384999999999999e-05,590954943863.8386
1978-02-07T04:25:37,0.13548,0.00013548,954830957598.9608
1978-02-07T04:25:37,0.09905,9.905e-05,698080944421.1475
1978-02-07T04:26:41,0.0612,6.12e-05,431323107507.0593
1978-02-07T04:26:41,0.05237,5.237e-05,369091358499.0964
1978-02-07T04:26:41,0.04603,4.6030000000000005e-05,324408539845.58734
1978-02-07T04:43:09,0.15896,0.0001589599999999,1120312437407.2246
1978-02-07T04:43:26,0.13192,0.00013192,929740920626.328
1978-02-07T04:44:52,0.04665,4.665e-05,328778153026.2143
1978-02-07T04:44:52,0.08524,8.524e-05,600751334704.2767
1978-02-07T04:44:52,0.07305,7.305e-05,514839101362.5928
1978-02-07T04:45:06,0.10625,0.00010625,748824839421.9779
1978-02-07T04:45:34,0.05469,5.469000000000001e-05,385442169110.4752
1978-02-07T06:20:00,0.04269,4.269e-05,300869010775.7576
1978-02-07T07:18:36,0.03722,3.7220000000000006e-05,262317746101.51556
1978-02-07T07:20:39,0.03129,3.129e-05,220524510357.77597
1978-02-07T07:38:55,0.65602,0.00065602,4623473610895.115
1978-02-07T07:39:06,0.4486,0.0004486,3161626569079.5234
1978-02-07T07:39:48,0.34724,0.00034724,2447265291678.9424
1978-02-07T07:39:48,0.25308,0.00025308,1783647909279.1926
1978-02-07T07:40:23,0.20513,0.00020513,1445707664100.0503
1978-02-07T07:40:42,0.74962,0.00074962,5283144245905.912
1978-02-07T07:41:14,0.13565,0.00013565,956029077342.0358
1978-02-07T07:41:14,0.11608,0.00011608,818104351624.5009
1978-02-07T07:42:02,0.04981,4.981e-05,351049084721.02325
1978-02-07T07:42:18,0.05882,5.882e-05,414549431104.007
1978-02-07T07:42:18,0.08769,8.769000000000001e-05,618018354530.9482
1978-02-07T07:42:42,0.07205,7.205e-05,507791338168.03314
1978-02-07T08:19:43,0.13603,0.00013603,958707227355.9688
1978-02-07T08:20:47,0.05169,5.169e-05,364298879526.7957
1978-02-07T08:21:51,0.07598,7.598e-05,535489047522.6531
1978-02-07T08:22:03,0.11286,0.00011286,795410554138.0182
1978-02-07T08:22:05,0.15163,0.0001516299999999,1068652333191.1012
1978-02-07T08:22:18,0.08833,8.833e-05,622528922975.4666
1978-02-07T08:24:31,0.06337,6.337e-05,446616753639.2541
1978-02-07T08:40:01,0.0555,5.55e-05,391150857298.0685
1978-02-07T09:33:28,0.0427,4.27e-05,300939488407.7032
1978-02-07T09:41:29,0.05294,5.2940000000000005e-05,373108583519.9955
1978-02-07T09:59:54,0.0341,3.41e-05,240328724934.48892
1978-02-07T10:01:47,0.0301,3.01e-05,212137672156.24976
1978-02-07T10:13:15,0.03506,3.506e-05,247094577601.26636
1978-02-07T10:19:52,0.03034,3.034e-05,213829135322.9441
1978-02-07T10:26:22,0.0317,3.17e-05,223414093267.54544
1978-02-07T10:59:55,0.03561,3.5610000000000006e-05,250970847358.2743
1978-02-07T11:01:23,0.04035,4.035e-05,284377244900.4876
1978-02-07T11:03:31,0.03035,3.035e-05,213899612954.8897
1978-02-07T11:10:26,0.03655,3.655e-05,257595744761.16043
1978-02-07T11:22:54,0.0222,2.22e-05,156460342919.22742
1978-02-07T11:23:14,0.02797,2.797e-05,197125936551.8374
1978-02-07T11:35:58,0.03349,3.349e-05,236029589385.80743
1978-02-07T11:42:48,0.033,3.3e-05,232576185420.4732
1978-02-07T11:58:18,0.03058,3.058e-05,215520598489.6385
1978-02-07T12:15:56,0.02631,2.631e-05,185426649648.86816
1978-02-07T12:17:29,0.05242,5.242e-05,369443746658.82434
1978-02-07T12:19:37,0.03054,3.054e-05,215238687961.85608
1978-02-07T12:19:57,0.04014,4.0140000000000005e-05,282897214629.6301
1978-02-07T12:28:46,0.0834,8.340000000000001e-05,587783450426.2867
1978-02-07T12:28:46,0.06716,6.716e-05,473327776146.6357
1978-02-07T12:28:46,0.10512,0.00010512,740860867012.1255
1978-02-07T12:29:23,0.03315,3.315e-05,233633349899.65717
1978-02-07T12:29:34,0.05777,5.777e-05,407149279749.7192
1978-02-07T12:29:50,0.04837,4.8370000000000006e-05,340900305720.85724
1978-02-07T12:30:11,0.04208,4.208e-05,296569875227.07605
1978-02-07T12:32:30,0.0301,3.01e-05,212137672156.24976
1978-02-07T12:46:35,0.03471,3.471e-05,244627860483.1704
1978-02-07T12:46:39,0.07646,7.646e-05,538871973856.04175
1978-02-07T12:46:56,0.05217,5.217e-05,367681805860.1845
1978-02-07T12:46:56,0.09807,9.807e-05,691174136490.4789
1978-02-07T12:51:45,0.03029,3.0290000000000003e-05,213476747163.21613
1978-02-07T12:52:27,0.04247,4.2470000000000005e-05,299318502872.9544
1978-02-07T13:01:59,0.08332,8.332000000000001e-05,587219629370.7219
1978-02-07T13:04:02,0.05999,5.999e-05,422795314041.642
1978-02-07T13:05:09,0.12696,0.00012696,894784015181.3112
1978-02-07T13:14:44,0.02897,2.897e-05,204173699746.3972
1978-02-07T13:21:43,0.03645,3.6450000000000005e-05,256890968441.7045
1978-02-07T13:24:02,0.03143,3.143e-05,221511197205.0143
1978-02-07T13:30:40,0.02837,2.837e-05,199945041829.66132
1978-02-07T13:41:59,0.02989,2.989e-05,210657641885.3922
1978-02-07T13:56:25,0.02945,2.945e-05,207556626079.7859
1978-02-07T14:08:10,0.03187,3.1870000000000005e-05,224612213010.62064
1978-02-07T14:19:01,0.02992,2.992e-05,210869074781.22897
1978-02-07T14:33:07,0.02996,2.996e-05,211150985309.0114
1978-02-07T14:43:27,0.02943,2.943e-05,207415670815.8947
1978-02-07T14:51:28,0.02926,2.926e-05,206217551072.81955
1978-02-07T15:06:34,0.02921,2.921e-05,205865162913.09155
1978-02-07T15:18:43,0.02802,2.802e-05,197478324711.56537
1978-02-07T20:11:36,0.13037,0.00013037,918816887674.7604
1978-02-07T20:12:08,0.10617,0.00010617,748261018366.4132
1978-02-07T20:12:31,0.08672,8.672000000000001e-05,611182024232.2253
1978-02-07T20:13:12,0.06331,6.331e-05,446193887847.5805
1978-02-07T20:14:20,0.04489,4.489e-05,316374089803.78906
1978-02-07T20:53:54,0.17254,0.00017254,1216021061589.3467
1978-02-07T20:54:09,0.29932,0.00029932,2109536479395.6367
1978-02-07T20:54:53,0.3661,0.0003661,2580186105528.3403
1978-02-07T20:55:38,0.1456,0.0001456,1026154321127.906
1978-02-07T20:55:57,0.43659,0.00043659,3076982933112.86
1978-02-07T20:56:45,0.12015,0.00012015,846788747826.3591
1978-02-07T20:58:16,0.07346,7.346e-05,517728684272.3624
1978-02-07T20:59:33,0.06176,6.176e-05,435269854896.0129
1978-02-07T20:59:37,0.0907,9.07e-05,639232121746.5732
1978-02-07T21:37:39,0.05165,5.165e-05,364016968999.0133
1978-02-07T22:24:08,0.04037,4.037e-05,284518200164.37885
1978-02-07T22:36:58,0.0482,4.82e-05,339702185977.782
1978-02-07T22:38:56,0.0399,3.99e-05,281205751462.9357
1978-02-07T22:39:06,0.05713,5.713e-05,402638711305.201
1978-02-07T22:39:06,0.03542,3.542e-05,249631772351.3079
1978-02-07T23:04:45,0.03116,3.116e-05,219608301142.48312
1978-02-07T23:16:31,0.03027,3.027e-05,213335791899.32492
1978-02-07T23:28:16,0.02998,2.998e-05,211291940572.9026
1978-02-07T23:40:02,0.02969,2.969e-05,209248089246.48026
1978-02-07T23:46:59,0.03021,3.021e-05,212912926107.65137
1978-02-08T00:01:16,0.03826,3.826e-05,269647419823.8577
1978-02-08T00:14:04,0.03715,3.715e-05,261824402677.8963
1978-02-08T00:23:58,0.03884,3.884e-05,273735122476.7024
1978-02-08T00:36:38,0.03927,3.927e-05,276765660650.36304
1978-02-08T00:48:23,0.04053,4.053e-05,285645842275.5084
1978-02-08T00:58:32,0.03907,3.907e-05,275356108011.4511
1978-02-08T01:15:06,0.03996,3.996e-05,281628617254.6094
1978-02-08T01:26:52,0.04508,4.508e-05,317713164810.7555
1978-02-08T01:38:37,0.04581,4.581e-05,322858031942.78406
1978-02-08T01:47:42,0.88463,0.00088463,6234662754803.431
1978-02-08T01:49:36,0.05012,5.012e-05,353233891311.33685
1978-02-08T01:51:26,0.71251,0.00071251,5021601753755.798
1978-02-08T01:51:45,0.10486,0.00010486,739028448581.5398
1978-02-08T01:51:58,0.30269,0.00030269,2133287441361.304
1978-02-08T01:51:58,0.58414,0.00058414,4116880392470.1577
1978-02-08T01:51:58,0.49973,0.00049973,3521978701217.365
1978-02-08T01:52:01,0.37729,0.00037729,2659050575675.464
1978-02-08T01:52:03,0.22439,0.00022439,1581447583227.272
1978-02-08T01:52:23,0.06625,6.625000000000001e-05,466914311639.5864
1978-02-08T01:52:30,0.16328,0.00016328,1150758774407.7231
1978-02-08T01:52:30,0.14013,0.00014013,987603056453.6638
1978-02-08T01:52:41,0.08001,8.001e-05,563891533196.729
1978-02-08T01:52:50,0.05789,5.789e-05,407995011333.0664
1978-02-08T02:03:53,0.05159,5.159e-05,363594103207.3397
1978-02-08T02:14:57,0.04284,4.284e-05,301926175254.9415
1978-02-08T02:24:02,0.04192,4.192e-05,295442233115.94653
1978-02-08T02:38:28,0.04217,4.217e-05,297204173914.5864
1978-02-08T02:50:13,0.03988,3.988e-05,281064796199.0445
1978-02-08T03:01:58,0.03773,3.773e-05,265912105330.74097
1978-02-08T03:14:00,0.04099,4.099e-05,288887813345.0059
1978-02-08T03:23:21,0.04373,4.373e-05,308198684498.09973
1978-02-08T03:35:06,0.04074,4.074e-05,287125872546.3659
1978-02-08T03:47:13,0.04108,4.108e-05,289522112032.5163
1978-02-08T03:54:11,0.10221,0.00010221,720351876115.9564
1978-02-08T03:54:52,0.04034,4.034e-05,284306767268.54205
1978-02-08T03:56:55,0.05706,5.706e-05,402145367881.5818
1978-02-08T03:56:55,0.07956,7.956e-05,560720039759.1771
1978-02-08T03:58:22,0.04613,4.613e-05,325113316165.0432
1978-02-08T03:59:11,0.14637,0.00014637,1031581098787.7168
1978-02-08T04:00:59,0.1138,0.0001138,802035451540.9044
1978-02-08T04:03:41,0.09558,9.558e-05,673625206136.025
1978-02-08T04:08:46,0.07879,7.879e-05,555293262099.3661
1978-02-08T04:13:27,0.06716,6.716e-05,473327776146.6357
1978-02-08T04:19:59,0.05689,5.6890000000000006e-05,400947248138.50665
1978-02-08T04:31:44,0.04833,4.833e-05,340618395193.0748
1978-02-08T04:43:35,0.04754,4.754e-05,335050662269.37256
1978-02-08T04:47:28,0.05788,5.788e-05,407924533701.12085
1978-02-08T04:47:59,0.07197,7.197e-05,507227517112.4683
1978-02-08T04:57:17,0.08142,8.142e-05,573828879301.0585
1978-02-08T05:01:47,0.06029,6.029000000000001e-05,424909643000.01
1978-02-08T05:11:17,0.05198,5.198e-05,366342730853.218
1978-02-08T05:27:18,0.04531,4.5310000000000005e-05,319334150345.5042
1978-02-08T05:39:04,0.04306,4.306e-05,303476683157.74475
1978-02-08T05:48:05,0.04626,4.626e-05,326029525380.336
1978-02-08T05:50:17,0.05746,5.746e-05,404964473159.4057
1978-02-08T05:55:05,0.07165,7.165000000000001e-05,504972232890.2092
1978-02-08T06:06:19,0.07276,7.276e-05,512795250036.1705
1978-02-08T06:16:28,0.06052,6.052e-05,426530628534.75867
1978-02-08T06:27:09,0.05178,5.178e-05,364933178214.3061
1978-02-08T06:38:54,0.04817,4.817e-05,339490753081.9452
1978-02-08T06:49:04,0.04911,4.911e-05,346115650484.8314
1978-02-08T07:04:33,0.04191,4.191e-05,295371755484.001
1978-02-08T07:12:23,0.04838,4.838e-05,340970783352.8028
1978-02-08T07:13:38,0.05962,5.962e-05,420187641659.6549
1978-02-08T07:14:26,0.07294,7.294e-05,514063847411.19135
1978-02-08T07:16:38,0.11788,0.00011788,830790325374.7084
1978-02-08T07:17:52,0.10514,0.00010514,741001822276.0166
1978-02-08T07:26:36,0.09952,9.952e-05,701393393122.5906
1978-02-08T07:31:23,0.08493,8.493e-05,598566528113.9633
1978-02-08T07:38:02,0.07068,7.068000000000001e-05,498135902591.4862
1978-02-08T07:48:54,0.06124,6.124e-05,431605018034.84174
1978-02-08T07:59:03,0.05223,5.223e-05,368104671651.858
1978-02-08T08:09:45,0.04625,4.625e-05,325959047748.3904
1978-02-08T08:21:30,0.04251,4.251e-05,299600413400.7368
1978-02-08T08:30:03,0.04232,4.232e-05,298261338393.77045
1978-02-08T08:51:25,0.04326,4.326e-05,304886235796.6566
1978-02-08T09:07:27,0.04323,4.323e-05,304674802900.8198
1978-02-08T09:19:12,0.04311,4.3110000000000006e-05,303829071317.4727
1978-02-08T09:30:58,0.0406,4.06e-05,286139185699.1276
1978-02-08T09:42:43,0.03978,3.978e-05,280360019879.58856
1978-02-08T09:54:28,0.03869,3.869e-05,272677957997.51843
1978-02-08T10:06:14,0.03836,3.836e-05,270352196143.31363
1978-02-08T10:17:59,0.04037,4.037e-05,284518200164.37885
1978-02-08T10:29:44,0.041,4.1e-05,288958290976.95154
1978-02-08T10:41:29,0.04311,4.3110000000000006e-05,303829071317.4727
1978-02-08T10:53:15,0.04239,4.239e-05,298754681817.3896
1978-02-08T11:05:00,0.04084,4.084e-05,287830648865.822
1978-02-08T11:13:41,0.04479,4.479e-05,315669313484.3332
1978-02-08T11:17:04,0.05419,5.419e-05,381918287513.1952
1978-02-08T11:20:25,0.06477,6.476999999999999e-05,456483622111.6377
1978-02-08T11:25:50,0.07794,7.794e-05,549302663383.99023
1978-02-08T11:37:04,0.08292,8.292e-05,584400524092.8981
1978-02-08T11:48:17,0.07214,7.214e-05,508425636855.5434
1978-02-08T11:54:42,0.06663,6.662999999999999e-05,469592461653.5189
1978-02-08T12:14:28,0.05678,5.678e-05,400171994187.105
1978-02-08T12:26:38,0.05929,5.929e-05,417861879805.4502
1978-02-08T12:36:50,0.06651,6.651e-05,468746730070.1718
1978-02-08T12:41:11,0.0564,5.64e-05,397493844173.1724
1978-02-08T13:10:37,0.04501,4.501e-05,317219821387.1363
1978-02-08T13:12:42,0.03951,3.9510000000000006e-05,278457123817.05743
1978-02-08T13:28:12,0.04337,4.337e-05,305661489748.0582
1978-02-08T13:40:21,0.04258,4.258e-05,300093756824.356
1978-02-08T13:41:42,0.09962,9.962e-05,702098169442.0465
1978-02-08T13:42:23,0.0734,7.340000000000001e-05,517305818480.6888
1978-02-08T13:43:42,0.12588,0.00012588,887172430931.1868
1978-02-08T13:44:14,0.14715,0.00014715,1037078354079.4736
1978-02-08T13:51:43,0.04695,4.695e-05,330892481984.5823
1978-02-08T14:03:09,0.04918,4.918e-05,346608993908.4506
1978-02-08T14:12:10,0.05799,5.799e-05,408699787652.5224
1978-02-08T14:17:22,0.06331,6.331e-05,446193887847.5805
1978-02-08T14:22:21,0.05489,5.4890000000000005e-05,386851721749.387
1978-02-08T14:28:22,0.06919,6.919e-05,487634735431.59216
1978-02-08T14:36:23,0.08142,8.142e-05,573828879301.0585
1978-02-08T14:37:12,0.16158,0.00016158,1138777576976.9714
1978-02-08T14:37:40,0.19428,0.00019428,1369239433439.077
1978-02-08T14:37:40,0.12724,0.0001272399999999,896757388875.788
1978-02-08T14:37:40,0.10168,0.00010168,716616561622.8397
1978-02-08T14:38:12,0.23979,0.00023979,1689983136423.493
1978-02-08T14:38:12,0.35676,0.00035676,2514359997291.152
1978-02-08T14:42:34,0.07499,7.499e-05,528511761960.0389
1978-02-08T14:50:29,0.07098,7.098e-05,500250231549.85406
1978-02-08T15:02:15,0.06173,6.173000000000001e-05,435058422000.1761
1978-02-08T15:14:00,0.05606,5.606e-05,395097604687.022
1978-02-08T15:25:45,0.04867,4.867e-05,343014634679.2251
1978-02-08T15:37:30,0.04505,4.505e-05,317501731914.9187
1978-02-08T15:49:41,0.04336,4.3360000000000005e-05,305591012116.1127
1978-02-08T16:01:49,0.04737,4.737e-05,333852542526.29736
1978-02-08T16:09:02,0.05044,5.044e-05,355489175533.59595
1978-02-08T16:12:32,0.04089,4.089e-05,288183037025.5499
1978-02-08T16:22:23,0.04374,4.3740000000000005e-05,308269162130.04535
1978-02-08T16:28:16,0.04749,4.749e-05,334698274109.6446
1978-02-08T23:17:02,0.19829,0.00019829,1397500963849.2612
1978-02-08T23:17:02,0.48231,0.00048231,3399206666368.1333
1978-02-08T23:17:23,0.38074,0.00038074,2683365358696.696
1978-02-08T23:17:34,0.28783,0.00028783,2028557680290.1453
1978-02-08T23:19:10,0.14101,0.00014101,993805088064.8763
1978-02-08T23:19:10,0.12135,0.00012135,855246063659.8309
1978-02-08T23:19:53,0.06012,6.012e-05,423711523256.9348
1978-02-08T23:20:28,0.0733,7.33e-05,516601042161.2329
1978-02-08T23:21:18,0.08913,8.913000000000001e-05,628167133531.1145
1978-02-09T06:16:03,0.05345,5.345e-05,376702942749.22095
1978-02-09T06:25:04,0.05176,5.176e-05,364792222950.4149
1978-02-09T06:31:02,0.04458,4.458e-05,314189283213.4756
1978-02-09T06:40:40,0.04327,4.327e-05,304956713428.60223
1978-02-09T07:00:06,0.04158,4.158e-05,293045993629.79614
1978-02-09T07:00:27,0.05087,5.087e-05,358519713707.25665
1978-02-09T07:18:06,0.0365,3.65e-05,257243356601.43243
1978-02-09T07:29:52,0.03537,3.537e-05,249279384191.5799
1978-02-09T07:36:17,0.03512,3.512e-05,247517443392.9399
1978-02-09T08:08:59,0.05088,5.088e-05,358590191339.2023
1978-02-09T08:19:04,0.04626,4.626e-05,326029525380.336
1978-02-09T08:28:42,0.03921,3.9210000000000006e-05,276342794858.6895
1978-02-09T08:38:52,0.03882,3.882e-05,273594167212.8112
1978-02-09T08:56:30,0.03411,3.4110000000000004e-05,240399202566.43457
1978-02-09T09:09:01,0.03347,3.347e-05,235888634121.9163
1978-02-09T09:19:03,0.0364,3.64e-05,256538580281.9765
1978-02-09T09:31:48,0.03299,3.299e-05,232505707788.5276
1978-02-09T09:44:04,0.03412,3.412e-05,240469680198.38013
1978-02-09T09:50:00,0.0416,4.16e-05,293186948893.6874
1978-02-09T09:55:55,0.04893,4.893e-05,344847053109.81067
1978-02-09T10:05:11,0.04314,4.314e-05,304040504213.30945
1978-02-09T10:17:48,0.03848,3.848e-05,271197927726.6609
1978-02-09T10:31:43,0.03807,3.807e-05,268308344816.89133
1978-02-09T10:43:55,0.03504,3.504e-05,246953622337.37515
1978-02-09T10:54:10,0.04792,4.792e-05,337728812283.30524
1978-02-09T10:54:16,0.09081,9.081e-05,640007375697.9749
1978-02-09T10:54:16,0.1962,0.0001962,1382771138772.631
1978-02-09T10:54:23,0.14522,0.00014522,1023476171113.973
1978-02-09T10:54:35,0.03181,3.1809999999999995e-05,224189347218.947
1978-02-09T10:54:42,0.0636,6.36e-05,448237739174.0028
1978-02-09T10:55:15,0.11435,0.00011435,805911721297.9124
1978-02-09T10:55:15,0.07566,7.566e-05,533233763300.394
1978-02-09T10:55:15,0.23855,0.00023855,1681243910062.2388
1978-02-09T10:56:10,0.03788,3.788e-05,266969269809.92493
1978-02-09T11:08:30,0.04603,4.6030000000000005e-05,324408539845.58734
1978-02-09T11:08:43,0.03178,3.1780000000000004e-05,223977914323.11023
1978-02-09T11:11:17,0.03781,3.7810000000000006e-05,266475926386.30585
1978-02-09T11:13:26,0.04438,4.4380000000000005e-05,312779730574.56366
1978-02-09T11:13:58,0.0572,5.72e-05,403132054728.8202
1978-02-09T11:15:02,0.07273,7.273e-05,512583817140.33374
1978-02-09T11:15:02,0.084,8.400000000000001e-05,592012108343.0226
1978-02-09T11:19:08,0.0989,9.89e-05,697023779941.9635
1978-02-09T11:29:32,0.0961,9.61e-05,677290042997.1962
1978-02-09T11:35:53,0.08325,8.325e-05,586726285947.1028
1978-02-09T11:47:39,0.0804,8.04e-05,566640160842.6074
1978-02-09T11:54:05,0.0777,7.77e-05,547611200217.296
1978-02-09T12:10:45,0.05087,5.087e-05,358519713707.25665
1978-02-09T12:17:04,0.04849,4.849e-05,341746037304.20435
1978-02-09T12:17:37,0.21769,0.00021769,1534227569823.7214
1978-02-09T12:17:37,0.18214,0.00018214,1283679588257.1206
1978-02-09T12:17:37,0.13332,0.00013332,939607789098.7115
1978-02-09T12:17:37,0.08859,8.859e-05,624361341406.052
1978-02-09T12:17:37,0.34504,0.00034504,2431760212650.911
1978-02-09T12:18:09,0.07159,7.159e-05,504549367098.5356
1978-02-09T12:21:26,0.05476,5.476e-05,385935512534.09424
1978-02-09T12:33:39,0.0499,4.99e-05,351683383408.5336
1978-02-09T12:45:25,0.04857,4.857e-05,342309858359.7692
1978-02-09T12:57:11,0.04682,4.682e-05,329976272769.28955
1978-02-09T13:08:57,0.04598,4.598e-05,324056151685.8593
1978-02-09T13:20:43,0.04395,4.395e-05,309749192400.9029
1978-02-09T13:31:57,0.04259,4.259e-05,300164234456.30164
1978-02-09T13:49:36,0.04158,4.158e-05,293045993629.79614
1978-02-09T14:08:51,0.07485,7.485e-05,527525075112.8005
1978-02-09T14:19:53,0.06597,6.597000000000001e-05,464940937945.1096
1978-02-09T14:22:07,0.06106,6.106e-05,430336420659.8209
1978-02-09T14:34:32,0.06699,6.699e-05,472129656403.5605
1978-02-09T14:43:27,0.0733,7.33e-05,516601042161.2329
1978-02-09T14:45:06,0.08851,8.851e-05,623797520350.4873
1978-02-09T14:46:58,0.10742,0.00010742,757070722359.6129
1978-02-09T14:52:58,0.13103,0.00013103,923468411383.1696
1978-02-09T15:02:39,0.12109,0.00012109,853413645229.2454
1978-02-09T15:12:37,0.11411,0.00011411,804220258131.2179
1978-02-09T15:17:51,0.30316,0.00030316,2136599890062.747
1978-02-09T15:19:07,0.22184,0.00022184,1563475787081.1443
1978-02-09T15:19:08,0.15834,0.00015834,1115942824226.5977
1978-02-09T15:19:27,0.13754,0.00013754,969349349779.754
1978-02-09T15:19:40,0.18338,0.00018338,1292418814618.375
1978-02-09T15:26:15,0.1102,0.0001102,776663504040.4893
1978-02-09T15:26:25,0.20819,0.00020819,1467273819475.4033
1978-02-09T15:30:35,0.17611,0.00017611,1241181576193.925
1978-02-09T15:30:55,0.15055,0.00015055,1061040748940.9768
1978-02-09T15:31:13,0.12719,0.00012719,896405000716.0602
1978-02-09T15:37:18,0.10341,0.00010341,728809191949.4281
1978-02-09T15:43:53,0.12232,0.00012232,862082393958.554
1978-02-09T15:43:54,0.14196,0.00014196,1000500463099.708
1978-02-09T15:44:12,0.68606,0.00068606,4835188417259.692
1978-02-09T15:44:28,0.17494,0.00017494,1232935693256.2903
1978-02-09T15:44:46,0.42708,0.00042708,3009958705132.5967
1978-02-09T15:46:12,0.23586,0.0002358599999999,1662285427068.8726
1978-02-09T15:46:26,0.34253,0.00034253,2414070327032.5664
1978-02-09T15:49:28,0.10049,0.00010049,708229723421.3136
1978-02-09T15:49:52,0.20443,0.00020443,1440774229863.8584
1978-02-09T15:49:59,0.06343,6.343000000000001e-05,447039619430.9277
1978-02-09T15:51:03,0.0804,8.04e-05,566640160842.6074
1978-02-09T15:51:33,0.17216,0.00017216,1213342911575.414
1978-02-09T15:51:33,0.12602,0.00012602,888159117778.4249
1978-02-09T15:52:05,0.1457,0.0001457,1026859097447.3618
1978-02-09T16:02:15,0.10333,0.00010333,728245370893.8634
1978-02-09T16:06:31,0.44966,0.00044966,3169097198065.757
1978-02-09T16:08:12,0.31346,0.00031346,2209191850966.7124
1978-02-09T16:09:26,0.19226,0.0001922599999999,1355002951786.0657
1978-02-09T16:10:11,0.25546,0.00025546,1800421585682.245
1978-02-09T16:10:41,0.12368,0.00012368,871667351903.1552
1978-02-09T16:12:14,0.1031,0.0001031,726624385359.1146
1978-02-09T16:22:42,0.1258,0.0001258,886608609875.622
1978-02-09T16:23:38,0.19615,0.00019615,1382418750612.9033
1978-02-09T16:23:50,0.28387,0.00028387,2000648538039.6887
1978-02-09T16:23:53,0.37686,0.0003768599999999,2656020037501.803
1978-02-09T16:24:08,0.09335,9.335e-05,657908694212.1567
1978-02-09T16:24:10,0.52706,0.00052706,3714594069324.6846
1978-02-09T16:26:19,0.07692,7.692e-05,542113944925.5393
1978-02-09T16:30:03,0.06566,6.565999999999999e-05,462756131354.796
1978-02-09T16:41:49,0.06363,6.363000000000001e-05,448449172069.8397
1978-02-09T16:49:51,0.06009,6.009e-05,423500090361.098
1978-02-10T19:15:01,0.04393,4.393e-05,309608237137.01166
1978-02-10T19:15:33,0.03634,3.634e-05,256115714490.3029
1978-02-10T19:21:56,0.03162,3.1620000000000006e-05,222850272211.98068
1978-02-10T19:34:36,0.02994,2.994e-05,211010030045.1202
1978-02-10T19:38:27,0.0535,5.35e-05,377055330908.9489
1978-02-10T19:38:27,0.04579,4.579e-05,322717076678.8929
1978-02-10T19:38:27,0.03918,3.918e-05,276131361962.8527
1978-02-10T19:38:30,0.06643,6.643e-05,468182909014.607
1978-02-10T19:38:50,0.08471,8.471e-05,597016020211.16
1978-02-10T19:40:16,0.03408,3.408e-05,240187769670.5977
1978-02-10T19:45:23,0.02673,2.673e-05,188386710190.58328
1978-02-10T19:57:06,0.02711,2.711e-05,191064860204.516
1978-02-10T20:08:50,0.02852,2.852e-05,201002206308.8453
1978-02-10T20:20:33,0.02929,2.929e-05,206428983968.6563
1978-02-10T20:32:17,0.02949,2.949e-05,207838536607.5683
1978-02-10T20:38:40,0.02966,2.966e-05,209036656350.64343
1978-02-10T20:54:39,0.03275,3.275e-05,230814244621.83325
1978-02-10T21:11:43,0.38786,0.00038786,2733545432641.9614
1978-02-10T21:12:12,0.33148,0.00033148,2336192543732.68
1978-02-10T21:21:18,0.29121,0.00029121,2052379119887.757
1978-02-10T21:22:22,0.36396,0.00036396,2565103892291.9824
1978-02-10T21:24:11,0.45942,0.00045942,3237883366844.66
1978-02-10T21:24:30,0.51014,0.00051014,3595345916072.733
1978-02-10T21:28:46,0.09891,9.891e-05,697094257573.9092
1978-02-10T21:37:46,0.10935,0.00010935,770672905325.1133
1978-02-10T21:45:29,0.09574,9.574e-05,674752848247.1545
1978-02-10T21:53:16,0.10119,0.00010119,713163157657.5054
1978-02-10T22:12:23,0.05797,5.797e-05,408558832388.6312
1978-02-10T22:18:51,0.064,6.4e-05,451056844451.8267
1978-02-10T22:22:23,0.05279,5.279e-05,372051419040.81146
1978-02-10T22:33:46,0.05103,5.103e-05,359647355818.38617
1978-02-10T22:48:42,0.04702,4.702e-05,331385825408.2015
1978-02-10T22:58:17,0.04409,4.409e-05,310735879248.14124
1978-02-10T23:15:20,0.04633,4.6330000000000005e-05,326522868803.95526
1978-02-10T23:21:44,0.046,4.6e-05,324197106949.7505
1978-02-10T23:42:28,0.05399,5.399e-05,380508734874.2832
1978-02-10T23:44:27,0.03921,3.9210000000000006e-05,276342794858.6895
1978-02-10T23:45:02,0.03132,3.132e-05,220735943253.6127
1978-02-10T23:53:00,0.04163,4.163e-05,293398381789.5242
1978-02-11T00:59:57,0.05609,5.609e-05,395309037582.8588
1978-02-11T01:24:41,0.09102,9.102e-05,641487405968.8324
1978-02-11T01:27:21,0.19012,0.00019012,1339920738549.7078
1978-02-11T01:27:21,0.15564,0.00015564,1096913863601.286
1978-02-11T01:27:54,0.07682,7.682e-05,541409168606.08325
1978-02-11T01:27:54,0.13449,0.00013449,947853672036.3466
1978-02-11T01:27:54,0.11478,0.00011478,808942259471.573
1978-02-11T01:28:58,0.06127,6.127e-05,431816450930.6785
1978-02-11T01:30:23,0.09876,9.876e-05,696037093094.7252
1978-02-11T01:35:23,0.05223,5.223e-05,368104671651.858
1978-02-11T01:47:36,0.04624,4.624000000000001e-05,325888570116.4448
1978-02-11T01:59:08,0.04267,4.267e-05,300728055511.8664
1978-02-11T02:10:09,0.04367,4.367e-05,307775818706.42615
1978-02-11T02:25:39,0.03588,3.588e-05,252873743420.80536
1978-02-11T02:33:39,0.03006,3.006e-05,211855761628.46735
1978-02-11T02:43:50,0.03067,3.067e-05,216154897177.14886
1978-02-11T02:47:46,0.02782,2.782e-05,196068772072.65344
1978-02-11T03:00:57,0.0278,2.78e-05,195927816808.7622
1978-02-11T03:11:07,0.02677,2.677e-05,188668620718.36563
1978-02-11T03:27:37,0.0332,3.32e-05,233985738059.38516
1978-02-11T03:29:50,0.04195,4.195e-05,295653666011.7834
1978-02-11T03:38:24,0.02689,2.689e-05,189514352301.7129
1978-02-11T03:49:29,0.02946,2.946e-05,207627103711.73148
1978-02-11T04:00:24,0.02671,2.671e-05,188245754926.69208
1978-02-11T04:04:50,0.02393,2.393e-05,168652973245.81583
1978-02-11T04:16:54,0.02499,2.499e-05,176123602232.04922
1978-02-11T04:28:40,0.02486,2.486e-05,175207393016.75647
1978-02-11T04:38:50,0.0228,2.28e-05,160689000835.9633
1978-02-11T04:50:04,0.02417,2.417e-05,170344436412.5102
1978-02-11T05:00:46,0.02778,2.778e-05,195786861544.87103
1978-02-11T05:08:47,0.03105,3.105e-05,218833047191.0816
1978-02-11T05:14:24,0.0377,3.77e-05,265700672434.9041
1978-02-11T05:24:50,0.03596,3.596e-05,253437564476.37012
1978-02-11T05:35:00,0.03019,3.019e-05,212771970843.76016
1978-02-11T05:46:46,0.0285,2.85e-05,200861251044.9541
1978-02-11T05:57:38,0.02895,2.895e-05,204032744482.506
1978-02-11T06:07:26,0.03076,3.076e-05,216789195864.6592
1978-02-11T06:11:54,0.03712,3.712e-05,261612969782.05957
1978-02-11T06:18:51,0.04433,4.433e-05,312427342414.8357
1978-02-11T06:31:32,0.0413,4.13e-05,291072619935.31946
1978-02-11T06:35:58,0.05744,5.744e-05,404823517895.51447
1978-02-11T06:36:27,0.03368,3.368e-05,237368664392.77383
1978-02-11T06:40:15,0.0481,4.81e-05,338997409658.32605
1978-02-11T06:48:16,0.02948,2.948e-05,207768058975.62268
1978-02-11T06:51:33,0.03832,3.832e-05,270070285615.53128
1978-02-11T07:05:18,0.03521,3.521e-05,248151742080.4503
1978-02-11T07:15:33,0.03375,3.375e-05,237862007816.39304
1978-02-11T07:17:14,0.04549,4.549000000000001e-05,320602747720.525
1978-02-11T07:17:53,0.02649,2.649e-05,186695247023.8889
1978-02-11T07:18:13,0.02158,2.158e-05,152090729738.60034
1978-02-11T07:18:16,0.05827,5.827e-05,410673161346.9992
1978-02-11T07:18:52,0.08733,8.733e-05,615481159780.9067
1978-02-11T07:21:58,0.03663,3.663000000000001e-05,258159565816.72528
1978-02-11T07:29:19,0.02674,2.674e-05,188457187822.52887
1978-02-11T07:43:21,0.0298,2.98e-05,210023343197.88184
1978-02-11T08:02:09,0.07916,7.916e-05,557900934481.3531
1978-02-11T08:02:37,0.05487,5.487e-05,386710766485.4959
1978-02-11T08:02:37,0.04701,4.7010000000000006e-05,331315347776.25586
1978-02-11T08:02:46,0.03967,3.967e-05,279584765928.187
1978-02-11T08:02:47,0.06511,6.511e-05,458879861597.78815
1978-02-11T08:03:09,0.09903,9.903e-05,697939989157.2563
1978-02-11T08:07:20,0.03482,3.4819999999999995e-05,245403114434.57196
1978-02-11T08:17:31,0.04345,4.3450000000000006e-05,306225310803.62305
1978-02-11T08:20:48,0.05181,5.181e-05,365144611110.1429
1978-02-11T08:28:32,0.04219,4.219e-05,297345129178.47766
1978-02-11T08:34:42,0.03611,3.6110000000000005e-05,254494728955.5541
1978-02-11T08:46:28,0.04095,4.095e-05,288605902817.2235
1978-02-11T08:58:14,0.04225,4.225e-05,297767994970.1513
1978-02-11T09:10:00,0.03827,3.827e-05,269717897455.80325
1978-02-11T09:21:46,0.0342,3.4200000000000005e-05,241033501253.94495
1978-02-11T09:34:27,0.03298,3.2980000000000006e-05,232435230156.582
1978-02-11T09:43:53,0.03194,3.194e-05,225105556434.23975
1978-02-11T09:50:44,0.03923,3.923e-05,276483750122.5807
1978-02-11T10:02:52,0.04,4e-05,281910527782.3917
1978-02-11T10:10:59,0.04572,4.572e-05,322223733255.2737
1978-02-11T10:13:57,0.03691,3.691e-05,260132939511.20197
1978-02-11T10:21:08,0.03463,3.463e-05,244064039427.6056
1978-02-11T15:46:52,0.02709,2.709e-05,190923904940.6248
1978-02-11T16:02:54,0.02945,2.945e-05,207556626079.7859
1978-02-11T16:14:40,0.03035,3.035e-05,213899612954.8897
1978-02-11T16:32:51,0.02795,2.795e-05,196984981287.9462
1978-02-11T16:44:37,0.02872,2.872e-05,202411758947.75723
1978-02-11T16:52:39,0.0293,2.93e-05,206499461600.60196
1978-02-11T17:13:30,0.03793,3.793e-05,267321657969.6529
1978-02-11T17:23:51,0.03475,3.4750000000000004e-05,244909771010.95285
1978-02-11T17:37:48,0.03348,3.3480000000000005e-05,235959111753.8619
1978-02-11T17:38:43,0.04188,4.188e-05,295160322588.1641
1978-02-11T18:00:34,0.03131,3.131e-05,220665465621.66708
1978-02-11T18:12:20,0.0301,3.01e-05,212137672156.24976
1978-02-11T18:24:22,0.03198,3.198e-05,225387466962.0222
1978-02-11T18:30:56,0.03844,3.8440000000000005e-05,270916017198.87848
1978-02-11T18:39:37,0.04278,4.278e-05,301503309463.2679
1978-02-11T18:44:47,0.0379,3.7900000000000006e-05,267110225073.8162
1978-02-11T19:06:54,0.03494,3.494e-05,246248846017.9192
1978-02-11T19:18:40,0.0352,3.52e-05,248081264448.50476
1978-02-11T19:30:00,0.04055,4.055e-05,285786797539.3996
1978-02-11T19:37:18,0.04603,4.6030000000000005e-05,324408539845.58734
1978-02-11T19:41:40,0.0542,5.42e-05,381988765145.1408
1978-02-11T19:47:36,0.06397,6.397e-05,450845411555.9899
1978-02-11T19:52:53,0.09789,9.789e-05,689905539115.4583
1978-02-11T20:04:39,0.09616,9.616e-05,677712908788.8698
1978-02-11T20:11:05,0.09102,9.102e-05,641487405968.8324
1978-02-11T20:20:42,0.07095,7.095e-05,500038798654.0173
1978-02-11T20:30:20,0.05914,5.914e-05,416804715326.2662
1978-02-11T20:41:02,0.054,5.4e-05,380579212506.2288
1978-02-11T20:52:48,0.05411,5.411e-05,381354466457.6304
1978-02-11T21:03:55,0.05043,5.043e-05,355418697901.6504
1978-02-11T21:13:07,0.04869,4.869e-05,343155589943.1163
1978-02-11T21:26:55,0.04708,4.708e-05,331808691199.875
1978-02-11T21:40:56,0.05338,5.338e-05,376209599325.60175
1978-02-11T21:51:38,0.04564,4.564e-05,321659912199.709
1978-02-11T22:00:33,0.03726,3.726e-05,262599656629.29788
1978-02-11T22:11:57,0.03524,3.524e-05,248363174976.2871
1978-02-11T22:29:04,0.03551,3.5510000000000004e-05,250266071038.81827
1978-02-11T22:40:50,0.03683,3.6830000000000005e-05,259569118455.6372
1978-02-11T22:49:56,0.03578,3.578e-05,252168967101.3494
1978-02-11T23:04:54,0.03834,3.834e-05,270211240879.42245
1978-02-11T23:27:43,0.03226,3.226e-05,227360840656.49893
1978-02-11T23:32:04,0.03598,3.598e-05,253578519740.2613
1978-02-11T23:40:39,0.03999,3.999e-05,281840050150.4461
1978-02-11T23:43:03,0.05145,5.145e-05,362607416360.1014
1978-02-12T00:34:08,0.09924,9.924e-05,699420019428.1138
1978-02-12T00:35:48,0.08299,8.298999999999999e-05,584893867516.5171
1978-02-12T00:51:10,0.08422,8.422e-05,593562616245.8258
1978-02-12T01:06:09,0.07582,7.582e-05,534361405411.5236
1978-02-12T01:22:44,0.05849,5.849e-05,412223669249.8023
1978-02-12T01:34:30,0.05311,5.311e-05,374306703263.07056
1978-02-12T01:45:44,0.05099,5.0990000000000005e-05,359365445290.6039
1978-02-12T01:58:02,0.04288,4.288e-05,302208085782.72394
1978-02-12T02:08:44,0.04859,4.859e-05,342450813623.66034
1978-02-12T02:10:24,0.03978,3.978e-05,280360019879.58856
1978-02-12T02:17:44,0.05761,5.7610000000000006e-05,406021637638.5897
1978-02-12T02:22:23,0.036,3.6e-05,253719475004.15256
1978-02-12T02:33:20,0.03514,3.514e-05,247658398656.83112
1978-02-12T22:26:13,0.04313,4.313e-05,303970026581.3639
1978-02-12T22:36:22,0.04143,4.143e-05,291988829150.61224
1978-02-12T22:49:21,0.04195,4.195e-05,295653666011.7834
1978-02-12T22:58:24,0.03543,3.5430000000000005e-05,249702249983.2535
1978-02-12T23:13:17,0.03031,3.031e-05,213617702427.1073
1978-02-12T23:22:26,0.02417,2.417e-05,170344436412.5102
1978-02-12T23:25:19,0.02852,2.852e-05,201002206308.8453
1978-02-12T23:30:11,0.06407,6.407e-05,451550187875.4459
1978-02-12T23:30:24,0.0391,3.91e-05,275567540907.2879
1978-02-12T23:30:24,0.05501,5.501e-05,387697453332.7343
1978-02-12T23:30:56,0.07803,7.803000000000001e-05,549936962071.5007
1978-02-12T23:32:00,0.11056,0.00011056,779200698790.5308
1978-02-12T23:33:00,0.03174,3.174e-05,223696003795.3278
1978-02-12T23:38:15,0.03062,3.062e-05,215802509017.42087
1978-02-12T23:45:59,0.03369,3.369e-05,237439142024.71945
1978-02-12T23:47:10,0.04195,4.195e-05,295653666011.7834
1978-02-12T23:47:31,0.06193,6.193e-05,436467974639.088
1978-02-12T23:47:31,0.05301,5.301e-05,373601926943.6146
1978-02-12T23:47:40,0.07503,7.503e-05,528793672487.8213
1978-02-12T23:48:03,0.11293,0.00011293,795903897561.6375
1978-02-12T23:49:07,0.09481,9.481e-05,668198428476.214
1978-02-13T00:03:10,0.03588,3.588e-05,252873743420.80536
1978-02-13T00:14:22,0.03674,3.674e-05,258934819768.1268
1978-02-13T00:26:05,0.03775,3.775e-05,266053060594.6322
1978-02-13T00:36:13,0.04095,4.095e-05,288605902817.2235
1978-02-13T00:50:36,0.0417,4.17e-05,293891725213.1434
1978-02-13T01:02:19,0.04167,4.167e-05,293680292317.3066
1978-02-13T01:14:03,0.04135,4.135e-05,291425008095.0474
1978-02-13T01:25:23,0.046,4.6e-05,324197106949.7505
1978-02-13T01:31:38,0.05411,5.411e-05,381354466457.6304
1978-02-13T01:40:41,0.08506,8.506e-05,599482737329.256
1978-02-13T01:42:36,0.10088,0.00010088,710978351067.1919
1978-02-13T01:48:47,0.12485,0.00012485,879913234840.79
1978-02-13T01:52:25,0.15501,0.00015501,1092473772788.7136
1978-02-13T01:56:09,0.1828,0.0001828,1288331111965.53
1978-02-13T02:05:25,0.21322,0.00021322,1502724068344.0388
1978-02-13T02:11:36,0.24818,0.00024818,1749113869625.8494
1978-02-13T02:18:31,0.29303,0.00029303,2065206048901.856
1978-02-13T02:36:07,0.41004,0.00041004,2889864820297.2974
1978-02-13T02:48:17,0.46537,0.00046537,3279817557852.291
1978-02-13T02:56:14,0.55287,0.00055287,3896496837376.273
1978-02-13T03:08:05,0.54596,0.00054596,3847796793701.8647
1978-02-13T03:19:48,0.51664,0.00051664,3641156376837.371
1978-02-13T03:33:40,0.45323,0.00045323,3194257712670.3354
1978-02-13T03:45:23,0.41162,0.00041162,2901000286144.702
1978-02-13T03:57:07,0.37002,0.00037002,2607813337251.014
1978-02-13T04:08:50,0.35195,0.00035195,2480460256325.319
1978-02-13T04:19:29,0.31696,0.00031696,2233859022147.6724
1978-02-13T04:30:09,0.27665,0.00027665,1949763687774.967
1978-02-13T04:41:52,0.25598,0.00025598,1804086422543.416
1978-02-13T04:53:36,0.23868,0.00023868,1682160119277.5315
1978-02-13T05:05:19,0.21635,0.00021635,1524783567143.0112
1978-02-13T05:16:09,0.2018,0.0002018,1422238612662.1665
1978-02-13T05:28:46,0.19004,0.00019004,1339356917494.143
1978-02-13T05:40:29,0.18919,0.00018919,1333366318778.767
1978-02-13T05:52:13,0.18076,0.00018076,1273953675048.6282
1978-02-13T06:00:12,0.18184,0.00018184,1281565259298.7527
1978-02-13T07:06:49,0.1355,0.0001355,954971912862.852
1978-02-13T07:16:25,0.14099,0.00014099,993664132800.9854
1978-02-13T07:30:16,0.13893,0.00013893,979145740620.192
1978-02-13T07:41:59,0.13559,0.00013559,955606211550.3622
1978-02-13T07:53:43,0.13147,0.00013147,926569427188.776
1978-02-13T08:04:54,0.12609,0.00012609,888652461202.0443
1978-02-13T08:20:28,0.1322,0.0001322,931714294320.8048
1978-02-13T08:31:01,0.14028,0.0001402799999999,988660220932.8477
1978-02-13T08:42:44,0.13071,0.00013071,921213127160.9104
1978-02-13T09:13:39,0.11849,0.00011849,835089460923.3899
1978-02-13T09:25:22,0.11408,0.00011408,804008825235.3812
1978-02-13T09:37:06,0.10583,0.00010583,745864778880.2628
1978-02-13T09:48:49,0.10388,0.00010388,732121640650.8712
1978-02-13T10:00:32,0.10308,0.00010308,726483430095.2235
1978-02-13T10:12:16,0.09805,9.805e-05,691033181226.5876
1978-02-13T10:23:59,0.09183,9.183e-05,647196094156.4257
1978-02-13T10:36:01,0.09267,9.267e-05,653116215239.856
1978-02-13T10:40:26,0.10046,0.00010046,708018290525.4767
1978-02-13T10:47:45,0.08685,8.685e-05,612098233447.518
1978-02-13T10:59:03,0.08449,8.449e-05,595465512308.3568
1978-02-13T11:06:37,0.08457,8.457000000000001e-05,596029333363.9218
1978-02-13T11:41:40,0.10011,0.00010011,705551573407.3809
1978-02-13T11:44:27,0.12296,0.00012296,866592962403.0721
1978-02-13T11:45:10,0.08343,8.343e-05,587994883322.1237
1978-02-13T11:56:43,0.07953,7.953e-05,560508606863.3403
1978-02-13T12:06:31,0.07665,7.664999999999999e-05,540211048863.00806
1978-02-13T12:42:32,0.07395,7.395000000000001e-05,521182088237.6967
1978-02-13T13:01:43,0.07368,7.368e-05,519279192175.1655
1978-02-13T13:13:27,0.07223,7.223e-05,509059935543.0538
1978-02-13T13:25:10,0.07411,7.411e-05,522309730348.82623
1978-02-13T13:36:54,0.07707,7.707e-05,543171109404.7233
1978-02-13T13:48:37,0.08092,8.092e-05,570304997703.7784
1978-02-13T13:58:45,0.07841,7.840999999999999e-05,552615112085.4333
1978-02-13T15:05:21,0.07076,7.076000000000001e-05,498699723647.051
1978-02-13T15:17:05,0.06658,6.658e-05,469240073493.791
1978-02-13T15:28:48,0.06423,6.423e-05,452677829986.5755
1978-02-13T15:40:31,0.06308,6.308e-05,444572902312.8317
1978-02-13T15:48:10,0.06559,6.559e-05,462262787931.1768
1978-02-13T16:46:36,0.06312,6.311999999999999e-05,444854812840.6141
1978-02-13T16:58:20,0.07018,7.018000000000001e-05,494612020994.2063
1978-02-13T17:09:31,0.07219,7.219000000000001e-05,508778025015.2715
1978-02-13T17:16:14,0.076,7.6e-05,535630002786.5443
1978-02-13T17:21:46,0.07607,7.607e-05,536123346210.1634
1978-02-13T19:06:24,0.17626,0.00017626,1242238740673.1091
1978-02-13T19:14:13,0.23389,0.00023389,1648401333575.59
1978-02-13T19:15:49,0.38341,0.00038341,2702182886426.17
1978-02-13T19:16:21,0.30557,0.00030557,2153584999361.636
1978-02-13T19:16:25,0.2475,0.0002475,1744321390653.5488
1978-02-13T19:17:09,0.19545,0.00019545,1377485316376.7117
1978-02-13T19:24:15,0.16165,0.00016165,1139270920400.5906
1978-02-13T19:31:48,0.20539,0.0002053899999999,1447540082530.6355
1978-02-13T19:34:51,0.17034,0.00017034,1200515982561.315
1978-02-13T19:35:00,0.33861,0.00033861,2386443095309.892
1978-02-13T19:35:15,0.27242,0.00027242,1919951649461.9788
1978-02-13T19:35:32,0.2212,0.0002212,1558965218636.6262
1978-02-13T19:37:22,0.13573,0.00013573,956592898397.6008
1978-02-13T19:37:40,0.12223,0.00012223,861448095271.0436
1978-02-14T10:21:35,0.14414,0.0001441399999999,1015864586863.8484
1978-02-14T10:33:16,0.14001,0.00014001,986757324870.3168
1978-02-14T10:44:56,0.13786,0.00013786,971604634002.0132
1978-02-14T10:56:36,0.14386,0.00014386,1013891213169.3718
1978-02-14T11:05:37,0.15155,0.00015155,1068088512135.5366
1978-02-14T11:22:04,0.29303,0.00029303,2065206048901.856
1978-02-14T11:37:17,0.29675,0.00029675,2091423727985.619
1978-02-14T11:44:35,0.26418,0.00026418,1861878080738.8064
1978-02-14T11:46:10,0.33018,0.0003301799999999,2327030451579.752
1978-02-14T11:54:58,0.37902,0.00037902,2671243206002.0527
1978-02-14T12:06:38,0.38594,0.00038594,2720013727308.4067
1978-02-14T12:18:18,0.40054,0.00040054,2822911069948.9795
1978-02-14T12:29:59,0.43887,0.00043887,3093051833196.4565
1978-02-14T12:41:39,0.45353,0.00045353,3196372041628.7026
1978-02-14T12:53:19,0.44086,0.00044086,3107076881953.63
1978-02-14T13:05:00,0.45917,0.00045917,3236121426046.02
1978-02-14T13:12:57,0.47793,0.00047793,3368337463575.962
1978-02-14T13:39:31,0.45054,0.00045054,3175299229676.9688
1978-02-14T13:50:37,0.51113,0.0005111299999999,3602323201635.3467
1978-02-14T14:02:18,0.5621,0.0005621,3961547691662.06
1978-02-14T14:07:23,0.72155,0.00072155,5085313533034.618
1978-02-14T14:08:08,0.92534,0.00092534,6521577194453.959
1978-02-14T14:10:11,0.59507,0.00059507,4193912444186.696
1978-02-14T14:14:38,0.33038,0.00033038,2328440004218.665
1978-02-14T14:15:13,0.48059,0.00048059,3387084513673.491
1978-02-14T14:16:05,0.38108,0.00038108,2685761598182.8457
1978-02-14T14:26:10,0.94752,0.00094752,6677896582109.296
1978-02-14T14:30:19,0.7433,0.0007433,5238602382516.295
1978-02-14T14:34:08,0.58394,0.00058394,4115470839831.2456
1978-02-14T14:39:13,0.7595,0.0007595,5352776146268.163
1978-02-14T15:13:34,0.40781,0.00040781,2874148308373.4297
1978-02-14T15:13:55,0.48077,0.00048077,3388353111048.512
1978-02-14T16:57:23,0.2916,0.0002916,2055127747533.636
1978-02-14T17:09:03,0.2933,0.0002933,2067108944964.3877
1978-02-14T17:18:36,0.30332,0.00030332,2137727532173.876
1978-02-14T18:28:38,0.38197,0.00038197,2692034107426.004
1978-02-14T18:40:18,0.3847,0.0003846999999999,2711274500947.152
1978-02-14T18:51:58,0.39071,0.00039071,2753631557746.4565
1978-02-14T19:03:39,0.41758,0.00041758,2943004954784.2783
1978-02-14T19:15:19,0.42603,0.00042603,3002558553778.3086
1978-02-14T19:26:59,0.41275,0.00041275,2908964258554.5547
1978-02-14T19:38:08,0.45088,0.00045088,3177695469163.12
1978-02-14T19:55:11,0.44606,0.00044606,3143725250565.3413
1978-02-14T20:05:11,0.38894,0.00038894,2741157016892.086
1978-02-14T20:08:58,0.447,0.000447,3150350147968.2275
1978-02-14T20:15:17,0.48654,0.00048654,3429018704681.1216
1978-02-14T20:21:37,0.48654,0.00048654,3429018704681.1216
1978-02-14T20:30:22,0.52417,0.00052417,3694226033692.407
1978-02-14T20:34:17,0.91873,0.00091873,6474991479737.919
1978-02-14T20:34:17,0.7433,0.0007433,5238602382516.295
1978-02-14T20:36:56,0.61337,0.00061337,4322886510647.14
1978-02-14T20:50:20,0.68167,0.00068167,4804248736835.574
1978-02-14T20:53:16,1.0,0.001,7047763194559.793
1978-02-14T20:54:16,0.78306,0.00078306,5518821447131.991
1978-02-14T21:04:26,0.71127,0.00071127,5012862527394.544
1978-02-15T13:21:12,0.04442,4.4420000000000005e-05,313061641102.34607
1978-02-15T13:32:59,0.04903,4.903e-05,345551829429.2666
1978-02-15T13:35:07,0.14802,0.00014802,1043209908058.7406
1978-02-15T13:35:07,0.12632,0.00012632,890273446736.793
1978-02-15T13:35:07,0.26409,0.00026409,1861243782051.2957
1978-02-15T13:35:47,0.07987,7.986999999999999e-05,562904846349.4906
1978-02-15T13:35:49,0.0998,9.98e-05,703366766817.0673
1978-02-15T13:35:59,0.3207,0.0003207,2260217656495.3257
1978-02-15T13:53:34,0.36637,0.00036637,2582089001590.871
1978-02-15T13:53:51,0.2505,0.0002505,1765464680237.2285
1978-02-15T13:53:59,0.18298,0.00018298,1289599709340.551
1978-02-15T13:54:55,0.13219,0.00013219,931643816688.859
1978-02-15T13:54:55,0.11352,0.00011352,800062077846.4277
1978-02-15T14:10:13,0.10146,0.00010146,715066053720.0365
1978-02-15T14:11:31,0.07812,7.811999999999999e-05,550571260759.011
1978-02-15T14:12:50,0.06076,6.076e-05,428222091701.453
1978-02-15T14:33:42,0.04643,4.643e-05,327227645123.4112
1978-02-15T14:45:46,0.0433,4.33e-05,305168146324.439
1978-02-15T14:57:33,0.04468,4.468e-05,314894059532.9315
1978-02-15T15:09:20,0.04275,4.275e-05,301291876567.4312
1978-02-15T15:21:32,0.04455,4.455e-05,313977850317.63873
1978-02-15T15:32:48,0.04777,4.777e-05,336671647804.1213
1978-02-15T15:44:39,0.04682,4.682e-05,329976272769.28955
1978-02-15T15:56:56,0.04565,4.5650000000000005e-05,321730389831.6546
1978-02-15T16:04:50,0.03999,3.999e-05,281840050150.4461
1978-02-15T16:05:46,0.28629,0.0002862899999999,2017704124970.523
1978-02-15T16:06:04,0.10116,0.00010116,712951724761.6687
1978-02-15T16:06:04,0.36109,0.00036109,2544876811923.596
1978-02-15T16:06:12,0.22183,0.00022183,1563405309449.199
1978-02-15T16:06:17,0.13466,0.00013466,949051791779.4218
1978-02-15T16:06:36,0.0593,5.93e-05,417932357437.39575
1978-02-15T16:06:44,0.04712,4.712e-05,332090601727.6575
1978-02-15T16:06:50,0.08468,8.468000000000001e-05,596804587315.3234
1978-02-15T16:15:42,0.04097,4.097e-05,288746858081.11475
1978-02-15T16:24:59,0.04607,4.607e-05,324690450373.3697
1978-02-15T16:25:20,0.04199,4.199e-05,295935576539.5657
1978-02-15T16:36:35,0.04917,4.917e-05,346538516276.505
1978-02-15T16:56:23,0.04838,4.838e-05,340970783352.8028
1978-02-15T17:13:31,0.05492,5.492e-05,387063154645.2238
1978-02-15T17:24:18,0.04662,4.662e-05,328566720130.3776
1978-02-16T06:56:00,0.04167,4.167e-05,293680292317.3066
1978-02-16T06:56:36,0.64557,0.00064557,4549824485511.966
1978-02-16T06:56:36,0.04902,4.902e-05,345481351797.32104
1978-02-16T06:56:53,0.07473,7.473000000000001e-05,526679343529.45337
1978-02-16T06:57:04,0.30953,0.00030953,2181494141612.0928
1978-02-16T06:57:16,0.14985,0.00014985,1056107314704.785
1978-02-16T06:57:26,0.36559,0.00036559,2576591746299.115
1978-02-16T06:57:26,0.06431,6.431000000000001e-05,453241651042.1403
1978-02-16T06:57:42,0.12502,0.00012502,881111354583.8652
1978-02-16T06:57:47,0.50239,0.00050239,3540725751314.894
1978-02-16T06:57:58,0.42565,0.0004256499999999,2999880403764.3755
1978-02-16T06:58:06,0.2224,0.0002223999999999,1567422534470.0977
1978-02-16T06:58:30,0.26505,0.00026505,1868009634718.0728
1978-02-16T08:02:20,0.04229,4.229e-05,298049905497.93365
1978-02-16T08:02:41,0.05409,5.409e-05,381213511193.7392
1978-02-16T08:02:56,0.06642,6.642e-05,468112431382.66144
1978-02-16T08:07:44,0.03389,3.389e-05,238848694663.6314
1978-02-16T08:18:17,0.03748,3.748e-05,264150164532.10104
1978-02-16T08:31:25,0.03859,3.859e-05,271973181678.0624
1978-02-16T08:36:23,0.07991,7.991e-05,563186756877.2731
1978-02-16T08:37:11,0.04281,4.281e-05,301714742359.1047
1978-02-16T08:38:00,0.03661,3.661e-05,258018610552.834
1978-02-16T08:38:05,0.06216,6.216e-05,438088960173.83673
1978-02-16T08:38:53,0.22964,0.00022964,1618448339998.711
1978-02-16T08:39:04,0.12201,0.0001220099999999,859897587368.2402
1978-02-16T08:39:20,0.15102,0.00015102,1064353197642.42
1978-02-16T08:39:58,0.05036,5.0360000000000006e-05,354925354478.0312
1978-02-16T08:51:22,0.03851,3.851e-05,271409360622.49765
1978-02-16T09:08:45,0.09292,9.292e-05,654878156038.496
1978-02-16T09:10:31,0.06139,6.139000000000001e-05,432662182514.0257
1978-02-16T09:10:32,0.04196,4.196e-05,295724143643.7289
1978-02-16T09:10:52,0.12216,0.00012216,860954751847.4243
1978-02-16T09:11:10,0.05095,5.0950000000000005e-05,359083534762.8215
1978-02-16T09:11:37,0.07225,7.225e-05,509200890806.945
1978-02-16T09:15:14,0.03581,3.5810000000000004e-05,252380399997.18625
1978-02-16T09:29:08,0.03524,3.524e-05,248363174976.2871
1978-02-16T09:35:46,0.03824,3.8240000000000007e-05,269506464559.9665
1978-02-16T09:46:28,0.0379,3.7900000000000006e-05,267110225073.8162
1978-02-16T15:56:39,0.03645,3.6450000000000005e-05,256890968441.7045
1978-02-16T16:17:30,0.12639,0.00012639,890766790160.4124
1978-02-16T16:18:19,0.05277,5.277e-05,371910463776.9202
1978-02-16T16:18:19,0.08782,8.782e-05,618934563746.241
1978-02-16T16:18:24,0.06559,6.559e-05,462262787931.1768
1978-02-16T16:19:07,0.03674,3.674e-05,258934819768.1268
1978-02-16T16:34:05,0.03655,3.655e-05,257595744761.16043
1978-02-16T16:38:48,0.05047,5.047e-05,355700608429.4328
1978-02-16T16:39:26,0.06513,6.513e-05,459020816861.67926
1978-02-16T16:40:37,0.03143,3.143e-05,221511197205.0143
1978-02-16T16:40:58,0.04155,4.155e-05,292834560733.9593
1978-02-16T16:50:46,0.03512,3.512e-05,247517443392.9399
1978-02-16T17:02:59,0.03641,3.641e-05,256609057913.9221
1978-02-16T17:13:05,0.04139,4.139e-05,291706918622.82983
1978-02-16T17:13:08,0.04895,4.895e-05,344988008373.7019
1978-02-16T17:13:33,0.07133,7.133000000000001e-05,502716948667.9501
1978-02-16T17:13:41,0.11085,0.00011085,781244550116.9531
1978-02-16T17:14:45,0.0822,8.219999999999999e-05,579326134592.815
1978-02-16T17:18:12,0.03668,3.668e-05,258511953976.4532
1978-02-16T17:27:35,0.03508,3.508e-05,247235532865.1576
1978-02-16T17:40:00,0.03418,3.418e-05,240892545990.0537
1978-02-16T17:46:18,0.03428,3.428e-05,241597322309.50967
1978-02-16T18:11:27,0.03397,3.397e-05,239412515719.1962
1978-02-16T18:23:13,0.03168,3.168e-05,223273138003.65427
1978-02-16T18:34:59,0.03227,3.227e-05,227431318288.4445
1978-02-16T18:46:45,0.03448,3.4479999999999995e-05,243006874948.42163
1978-02-16T18:55:19,0.03487,3.487e-05,245755502594.3
1978-02-16T19:20:59,0.04255,4.255e-05,299882323928.5192
1978-02-16T19:31:14,0.04614,4.614e-05,325183793796.98883
1978-02-16T19:44:32,0.04953,4.953e-05,349075711026.5466
1978-02-16T19:57:08,0.0511,5.11e-05,360140699242.00543
1978-02-16T20:08:11,0.04928,4.928e-05,347313770227.90656
1978-02-16T20:08:16,0.11168,0.00011168,787094193568.4377
1978-02-16T20:08:28,0.06782,6.782000000000001e-05,477979299855.0452
1978-02-16T20:08:36,0.14484,0.00014484,1020798021100.0404
1978-02-16T20:10:12,0.08515,8.515000000000001e-05,600117036016.7664
1978-02-16T20:19:50,0.04522,4.522e-05,318699851657.9939
1978-02-16T20:30:32,0.04475,4.475e-05,315387402956.5507
1978-02-16T20:43:22,0.04193,4.193e-05,295512710747.8921
1978-02-16T20:55:08,0.04099,4.099e-05,288887813345.0059
1978-02-16T21:04:14,0.04094,4.094e-05,288535425185.2779
1978-02-16T21:32:35,0.05154,5.154000000000001e-05,363241715047.61176
1978-02-16T21:44:21,0.04374,4.3740000000000005e-05,308269162130.04535
1978-02-16T21:54:47,0.04391,4.391e-05,309467281873.1205
1978-02-16T21:55:48,0.0623,6.23e-05,439075647021.0751
1978-02-16T21:56:07,0.12069,0.00012069,850594539951.4214
1978-02-16T21:56:07,0.15376,0.00015376,1083664068795.514
1978-02-16T21:56:39,0.07741,7.741e-05,545567348890.87366
1978-02-16T21:58:16,0.05163,5.1630000000000005e-05,363876013735.1221
1978-02-16T22:08:58,0.04925,4.925e-05,347102337332.0698
1978-02-16T22:20:44,0.04702,4.702e-05,331385825408.2015
1978-02-16T22:32:30,0.04453,4.453e-05,313836895053.7476
1978-02-16T22:43:57,0.04224,4.224e-05,297697517338.2057
1978-02-16T22:56:02,0.03828,3.828e-05,269788375087.74887
1978-02-16T23:08:08,0.0364,3.64e-05,256538580281.9765
1978-02-16T23:19:34,0.03386,3.3860000000000004e-05,238637261767.79465
1978-02-16T23:28:08,0.02972,2.972e-05,209459522142.31705
1978-02-17T00:44:13,0.03231,3.231e-05,227713228816.22693
1978-02-17T00:57:51,0.03528,3.528e-05,248645085504.0695
1978-02-17T01:09:47,0.03981,3.981e-05,280571452775.4253
1978-02-17T01:21:31,0.03899,3.899e-05,274792286955.8863
1978-02-17T01:33:41,0.03864,3.864e-05,272325569837.7904
1978-02-17T01:42:18,0.03771,3.771e-05,265771150066.84985
1978-02-17T01:43:06,0.04537,4.537e-05,319757016137.1778
1978-02-17T01:43:10,0.06437,6.437e-05,453664516833.8138
1978-02-17T01:43:17,0.05086,5.086e-05,358449236075.3111
1978-02-17T01:45:30,0.15571,0.0001557099999999,1097407207024.9052
1978-02-17T01:45:34,0.07968,7.968e-05,561565771342.5243
1978-02-17T01:46:43,0.1289,0.0001289,908456675778.7572
1978-02-17T01:50:22,0.09697,9.697e-05,683421596976.4631
1978-02-17T01:53:18,0.06538,6.538e-05,460782757660.3193
1978-02-17T01:53:29,0.07983,7.983e-05,562622935821.7083
1978-02-17T01:56:17,0.05405,5.405e-05,380931600665.9568
1978-02-17T02:06:16,0.05049,5.049e-05,355841563693.324
1978-02-17T02:18:00,0.04355,4.355e-05,306930087123.07904
1978-02-17T02:29:43,0.04017,4.017e-05,283108647525.46686
1978-02-17T02:41:27,0.03778,3.778e-05,266264493490.46896
1978-02-17T02:52:06,0.03633,3.633e-05,256045236858.35727
1978-02-17T03:12:14,0.04421,4.421e-05,311581610831.4884
1978-02-17T03:12:53,0.02353,2.353e-05,165833867967.9919
1978-02-17T03:13:57,0.02905,2.905e-05,204737520801.962
1978-02-17T03:14:16,0.03552,3.5520000000000006e-05,250336548670.7639
1978-02-17T03:14:29,0.05826,5.826e-05,410602683715.0535
1978-02-17T03:15:01,0.1452,0.0001452,1023335215850.082
1978-02-17T03:15:16,0.07335,7.335e-05,516953430320.9608
1978-02-17T03:19:01,0.23663,0.00023663,1667712204728.684
1978-02-17T03:20:46,0.19272,0.00019272,1358244922855.5632
1978-02-17T03:30:09,0.03506,3.506e-05,247094577601.26636
1978-02-17T03:37:24,0.04566,4.566e-05,321800867463.6001
1978-02-17T03:41:14,0.03478,3.478e-05,245121203906.7896
1978-02-17T03:52:51,0.03271,3.2710000000000004e-05,230532334094.05087
1978-02-17T04:04:34,0.03189,3.189e-05,224753168274.5118
1978-02-17T04:16:18,0.03298,3.2980000000000006e-05,232435230156.582
1978-02-17T04:25:21,0.0335,3.35e-05,236100067017.75308
1978-02-17T04:37:37,0.02125,2.125e-05,149764967884.3956
1978-02-17T04:39:45,0.06076,6.076e-05,428222091701.453
1978-02-17T04:39:45,0.05294,5.2940000000000005e-05,373108583519.9955
1978-02-17T04:41:30,0.03528,3.528e-05,248645085504.0695
1978-02-17T04:42:01,0.04343,4.343e-05,306084355539.7318
1978-02-17T04:52:52,0.03643,3.643e-05,256750013177.81323
1978-02-17T05:01:04,0.03169,3.169e-05,223343615635.59988
1978-02-17T05:55:33,0.04222,4.222e-05,297556562074.31445
1978-02-17T05:55:49,0.05419,5.419e-05,381918287513.1952
1978-02-17T05:56:29,0.0765,7.65e-05,539153884383.82416
1978-02-17T05:57:15,0.11092,0.00011092,781737893540.5723
1978-02-17T05:57:33,0.14097,0.00014097,993523177537.0942
1978-02-17T06:37:43,0.03335,3.335e-05,235042902538.5691
1978-02-17T06:54:42,0.03601,3.601e-05,253789952636.09818
1978-02-17T07:06:49,0.03339,3.3390000000000004e-05,235324813066.3515
1978-02-17T07:17:01,0.03237,3.2370000000000003e-05,228136094607.9005
1978-02-17T07:28:40,0.03146,3.146e-05,221722630100.8511
1978-02-17T07:38:48,0.03525,3.525e-05,248433652608.23267
1978-02-17T07:55:03,0.03478,3.478e-05,245121203906.7896
1978-02-17T08:04:22,0.02997,2.997e-05,211221462940.957
1978-02-17T08:14:39,0.03038,3.038e-05,214111045850.7265
1978-02-17T08:14:40,0.04651,4.651000000000001e-05,327791466178.9761
1978-02-17T08:15:02,0.06328,6.328e-05,445982454951.7437
1978-02-17T08:15:02,0.1005,0.0001005,708300201053.2592
1978-02-17T08:15:34,0.07827,7.827000000000001e-05,551628425238.1951
1978-02-17T08:28:53,0.0297,2.97e-05,209318566878.42584
1978-02-17T08:40:41,0.03033,3.033e-05,213758657690.9985
1978-02-17T09:05:14,0.02657,2.657e-05,187259068079.4537
1978-02-17T10:08:32,0.02759,2.759e-05,194447786537.90472
1978-02-17T10:26:50,0.06404,6.404e-05,451338754979.60913
1978-02-17T10:27:11,0.07815,7.815e-05,550782693654.8478
1978-02-17T10:29:03,0.05219,5.219e-05,367822761124.0756
1978-02-17T10:29:19,0.02048,2.048e-05,144338190224.58456
1978-02-17T10:29:30,0.02519,2.519e-05,177533154870.96118
1978-02-17T10:31:02,0.0308,3.08e-05,217071106392.44165
1978-02-17T10:31:27,0.04293,4.293e-05,302560473942.4519
1978-02-17T10:31:27,0.03691,3.691e-05,260132939511.20197
1978-02-17T10:38:54,0.03169,3.169e-05,223343615635.59988
1978-02-17T10:39:26,0.03588,3.588e-05,252873743420.80536
1978-02-17T10:40:27,0.0262,2.6200000000000003e-05,184651395697.46655
1978-02-17T11:16:27,0.03954,3.954e-05,278668556712.89417
1978-02-17T11:17:11,0.03131,3.131e-05,220665465621.66708
1978-02-17T11:22:11,0.04351,4.351e-05,306648176595.29663
1978-02-17T11:44:59,0.04035,4.035e-05,284377244900.4876
1978-02-17T11:49:05,0.03301,3.301e-05,232646663052.41876
1978-02-17T18:26:57,0.02404,2.404e-05,169428227197.21744
1978-02-17T18:27:00,0.03853,3.8530000000000005e-05,271550315886.3889
1978-02-17T18:27:40,0.01605,1.6049999999999997e-05,113116599272.68466
1978-02-17T18:27:50,0.01899,1.899e-05,133837023064.69046
1978-02-17T18:28:18,0.03058,3.058e-05,215520598489.6385
1978-02-17T18:28:54,0.07606,7.606e-05,536052868578.2178
1978-02-17T18:28:54,0.06505,6.505e-05,458456995806.1145
1978-02-17T18:28:54,0.05564,5.564e-05,392137544145.3069
1978-02-17T18:28:54,0.04758,4.758e-05,335332572797.1549
1978-02-17T18:29:26,0.1028,0.0001028,724510056400.7468
1978-02-17T18:29:41,0.12811,0.00012811,902888942855.0548
1978-02-17T18:32:00,0.08941,8.941e-05,630140507225.5911
1978-02-17T20:22:37,0.02905,2.905e-05,204737520801.962
1978-02-17T20:37:15,0.03378,3.378e-05,238073440712.22977
1978-02-17T20:43:12,0.02949,2.949e-05,207838536607.5683
1978-02-17T20:56:45,0.04748,4.748e-05,334627796477.699
1978-02-17T20:57:58,0.05887,5.887e-05,414901819263.735
1978-02-17T21:15:10,0.02754,2.754e-05,194095398378.1767
1978-02-17T21:20:30,0.03223,3.223e-05,227149407760.6621
1978-02-17T21:21:02,0.05449,5.449e-05,384032616471.5631
1978-02-17T21:21:02,0.04041,4.041e-05,284800110692.16125
1978-02-17T21:22:06,0.07704,7.704e-05,542959676508.8864
1978-02-17T21:22:06,0.12172,0.00012172,857853736041.818
1978-02-17T21:22:16,0.09499,9.499e-05,669467025851.2349
1978-02-17T21:28:40,0.02742,2.742e-05,193249666794.82956
1978-02-17T21:38:37,0.02776,2.776e-05,195645906280.9799
1978-02-17T21:50:20,0.02719,2.719e-05,191628681260.08075
1978-02-17T22:02:03,0.02821,2.821e-05,198817399718.5317
1978-02-17T22:11:39,0.03091,3.091e-05,217846360343.8432
1978-02-17T22:19:53,0.30649,0.00030649,2160068941500.6309
1978-02-17T22:20:01,0.43511,0.00043511,3066552243584.912
1978-02-17T22:21:15,0.2374,0.0002374,1673138982388.4946
1978-02-17T22:22:06,0.0462,4.62e-05,325606659588.6624
1978-02-17T22:22:54,0.03621,3.621e-05,255199505275.0101
1978-02-17T22:23:44,0.12482,0.00012482,879701801944.9535
1978-02-17T22:23:54,0.16982,0.00016982,1196851145700.144
1978-02-17T22:24:05,0.07908,7.908e-05,557337113425.7883
1978-02-17T22:24:20,0.09242,9.242e-05,651354274441.2161
1978-02-17T22:24:58,0.05812,5.812e-05,409615996867.8151
1978-02-17T22:25:43,0.04203,4.203e-05,296217487067.348
1978-02-17T22:26:20,0.02536,2.536e-05,178731274614.03635
1978-02-17T22:30:07,0.03323,3.3230000000000005e-05,234197170955.22195
1978-02-17T22:45:25,0.02698,2.6980000000000003e-05,190148650989.2232
1978-02-17T22:56:50,0.0462,4.62e-05,325606659588.6624
1978-02-17T22:57:20,0.0302,3.02e-05,212842448475.70575
1978-02-17T22:57:50,0.04054,4.054e-05,285716319907.454
1978-02-17T23:06:32,0.03679,3.6790000000000005e-05,259287207927.85483
1978-02-17T23:06:55,0.04139,4.139e-05,291706918622.82983
1978-02-17T23:09:15,0.02937,2.937e-05,206992805024.22116
1978-02-17T23:17:44,0.03137,3.137e-05,221088331413.3407
1978-02-17T23:36:55,0.02942,2.9420000000000003e-05,207345193183.94916
1978-02-17T23:47:52,0.03138,3.138e-05,221158809045.28632
1978-02-17T23:55:47,0.03297,3.297e-05,232364752524.63635
1978-02-18T00:20:17,0.02969,2.969e-05,209248089246.48026
1978-02-18T00:32:10,0.03079,3.079e-05,217000628760.49603
1978-02-18T00:40:25,0.03702,3.702e-05,260908193462.60355
1978-02-18T00:48:31,0.04245,4.245e-05,299177547609.06323
1978-02-18T00:59:07,0.04095,4.095e-05,288605902817.2235
1978-02-18T00:59:40,0.0516,5.16e-05,363664580839.2853
1978-02-18T00:59:40,0.0718,7.180000000000001e-05,506029397369.3932
1978-02-18T01:00:17,0.05882,5.882e-05,414549431104.007
1978-02-18T01:05:00,0.03342,3.342e-05,235536245962.1883
1978-02-18T01:16:42,0.03074,3.074e-05,216648240600.76804
1978-02-18T01:25:13,0.03152,3.152e-05,222145495892.5247
1978-02-18T01:41:02,0.03002,3.002e-05,211573851100.685
1978-02-18T01:51:16,0.0347,3.47e-05,244557382851.2248
1978-02-18T02:02:55,0.03698,3.698e-05,260626282934.82117
1978-02-18T02:17:23,0.03388,3.388e-05,238778217031.6858
1978-02-18T02:29:06,0.03442,3.442e-05,242584009156.74805
1978-02-18T02:40:05,0.03397,3.397e-05,239412515719.1962
1978-02-18T02:52:31,0.03078,3.078e-05,216930151128.5504
1978-02-18T03:04:14,0.0307,3.07e-05,216366330072.98563
1978-02-18T03:15:57,0.03255,3.2550000000000005e-05,229404691982.9213
1978-02-18T03:25:32,0.03195,3.195e-05,225176034066.18536
1978-02-18T03:26:36,0.02607,2.607e-05,183735186482.1738
1978-02-18T03:27:08,0.02404,2.404e-05,169428227197.21744
1978-02-18T03:39:22,0.03321,3.321e-05,234056215691.33072
1978-02-18T03:55:20,0.03266,3.266e-05,230179945934.32285
1978-02-18T04:07:03,0.03278,3.2779999999999994e-05,231025677517.66995
1978-02-18T04:18:46,0.03362,3.362e-05,236945798601.10025
1978-02-18T04:30:28,0.03193,3.193e-05,225035078802.2942
1978-02-18T04:42:11,0.0313,3.13e-05,220594987989.7216
1978-02-18T04:53:54,0.03177,3.177e-05,223907436691.16464
1978-02-18T05:04:33,0.03319,3.319e-05,233915260427.4395
1978-02-18T05:43:56,0.0346,3.46e-05,243852606531.7689
1978-02-18T06:08:25,0.0369,3.69e-05,260062461879.25635
1978-02-18T06:20:08,0.03813,3.813e-05,268731210608.56485
1978-02-18T06:31:51,0.037,3.7e-05,260767238198.7123
1978-02-18T06:43:33,0.0403,4.03e-05,284024856740.75964
1978-02-18T06:55:16,0.04069,4.069e-05,286773484386.638
1978-02-18T07:06:59,0.03757,3.757e-05,264784463219.61145
1978-02-18T07:18:41,0.03755,3.755e-05,264643507955.7202
1978-02-18T07:30:24,0.03892,3.892000000000001e-05,274298943532.2672
1978-02-18T07:42:07,0.03801,3.801e-05,267885479025.2177
1978-02-18T07:55:44,0.03897,3.897e-05,274651331691.99512
1978-02-18T08:05:32,0.03813,3.813e-05,268731210608.56485
1978-02-18T08:17:15,0.03723,3.723e-05,262388223733.4611
1978-02-18T08:28:57,0.03615,3.615000000000001e-05,254776639483.33652
1978-02-18T08:40:40,0.03747,3.7470000000000005e-05,264079686900.1555
1978-02-18T08:52:23,0.03728,3.728e-05,262740611893.18912
1978-02-18T09:04:05,0.03573,3.573e-05,251816578941.6214
1978-02-18T09:15:48,0.03346,3.3459999999999995e-05,235818156489.97064
1978-02-18T09:22:43,0.03224,3.224e-05,227219885392.6077
1978-02-18T09:39:52,0.03293,3.2930000000000005e-05,232082841996.85403
1978-02-18T09:42:57,0.21709,0.00021709,1529998911906.9854
1978-02-18T09:43:29,0.26994,0.00026994,1902473196739.4707
1978-02-18T09:44:01,0.14444,0.00014444,1017978915822.2166
1978-02-18T09:44:01,0.07723,7.722999999999999e-05,544298751515.8527
1978-02-18T09:44:15,0.11646,0.0001164599999999,820782501638.4335
1978-02-18T09:44:15,0.06232,6.232e-05,439216602284.9663
1978-02-18T09:46:04,0.04125,4.125e-05,290720231775.59143
1978-02-18T09:50:56,0.03383,3.383e-05,238425828871.9578
1978-02-18T10:02:07,0.03361,3.361e-05,236875320969.15463
1978-02-18T10:21:49,0.03175,3.175e-05,223766481427.2734
1978-02-18T10:33:31,0.03181,3.1809999999999995e-05,224189347218.947
1978-02-18T10:45:14,0.03323,3.3230000000000005e-05,234197170955.22195
1978-02-18T10:56:57,0.03314,3.3140000000000005e-05,233562872267.7116
1978-02-18T11:08:39,0.03338,3.338e-05,235254335434.40588
1978-02-18T11:20:22,0.03355,3.355e-05,236452455177.48108
1978-02-18T11:29:57,0.03419,3.419e-05,240963023621.99927
1978-02-18T11:44:51,0.03454,3.4540000000000005e-05,243429740740.09528
1978-02-18T11:56:34,0.03539,3.539e-05,249420339455.47107
1978-02-18T12:05:05,0.03446,3.446e-05,242865919684.5305
1978-02-18T12:50:52,0.0327,3.27e-05,230461856462.1053
1978-02-18T13:21:12,0.03025,3.025e-05,213194836635.43372
1978-02-18T14:23:10,0.03268,3.268e-05,230320901198.214
1978-02-18T14:34:08,0.03494,3.494e-05,246248846017.9192
1978-02-18T14:46:07,0.035,3.5000000000000004e-05,246671711809.5928
1978-02-18T14:46:55,0.03004,3.004e-05,211714806364.5762
1978-02-18T14:55:20,0.04278,4.278e-05,301503309463.2679
1978-02-18T14:55:26,0.05025,5.025e-05,354150100526.6296
1978-02-18T14:57:51,0.05973,5.973e-05,420962895611.0564
1978-02-18T14:58:56,0.10565,0.0001056499999999,744596181505.2421
1978-02-18T14:58:56,0.08965,8.965e-05,631831970392.2854
1978-02-18T14:58:56,0.07673,7.673e-05,540774869918.57294
1978-02-18T14:58:59,0.06921,6.921e-05,487775690695.4833
1978-02-18T14:59:04,0.13233,0.00013233,932630503536.0974
1978-02-18T15:01:49,0.32239,0.00032239,2272128376294.132
1978-02-18T15:02:00,0.15779,0.00015779,1112066554469.5898
1978-02-18T15:02:21,0.22198,0.00022198,1564462473928.3828
1978-02-18T15:02:21,0.18999,0.00018999,1339004529334.415
1978-02-18T15:02:21,0.5578,0.0005578,3931242309925.4526
1978-02-18T15:02:39,0.46009,0.00046009,3242605368185.015
1978-02-18T15:05:01,0.10141,0.00010141,714713665560.3087
1978-02-18T15:05:01,0.08679,8.679000000000001e-05,611675367655.8446
1978-02-18T15:05:01,0.07428,7.428e-05,523507850091.9014
1978-02-18T15:05:39,0.06251,6.251e-05,440555677291.9326
1978-02-18T15:05:43,0.11276,0.00011276,794705777818.5623
1978-02-18T16:18:28,0.10377,0.00010377,731346386699.4697
1978-02-18T16:20:04,0.07975,7.975e-05,562059114766.1436
1978-02-18T16:20:44,0.05657,5.657e-05,398691963916.2475
1978-02-18T16:22:44,0.03662,3.662e-05,258089088184.7796
1978-02-19T03:40:18,0.03289,3.2890000000000005e-05,231800931469.0716
1978-02-19T03:42:32,0.0428,4.28e-05,301644264727.15906
1978-02-19T03:42:32,0.04911,4.911e-05,346115650484.8314
1978-02-19T03:42:38,0.02885,2.885e-05,203327968163.05
1978-02-19T03:50:07,0.03262,3.262e-05,229898035406.54047
1978-02-19T04:01:34,0.0696,6.96e-05,490524318341.3616
1978-02-19T04:01:34,0.05962,5.962e-05,420187641659.6549
1978-02-19T04:02:37,0.04349,4.349e-05,306507221331.4054
1978-02-19T04:03:09,0.03728,3.728e-05,262740611893.18912
1978-02-19T04:03:25,0.01025,1.025e-05,72239572744.23788
1978-02-19T04:03:41,0.02002,2.002e-05,141096219155.08707
1978-02-19T04:04:17,0.01341,1.341e-05,94510504439.04684
1978-02-19T04:04:30,0.03114,3.1140000000000003e-05,219467345878.59195
1978-02-19T04:05:08,0.00797,7.97e-06,56170672660.64155
1978-02-19T04:06:06,0.02781,2.7810000000000003e-05,195998294440.70786
1978-02-19T04:14:57,0.03094,3.094e-05,218057793239.68
1978-02-19T04:33:17,0.04266,4.266e-05,300657577879.9207
1978-02-19T04:33:32,0.03059,3.059e-05,215591076121.58405
1978-02-19T04:36:04,0.03541,3.5409999999999995e-05,249561294719.36224
1978-02-19T04:44:41,0.03322,3.322e-05,234126693323.2763
1978-02-19T04:50:12,0.03479,3.4790000000000004e-05,245191681538.73523
1978-02-19T05:06:21,0.02375,2.375e-05,167384375870.79507
1978-02-19T05:07:21,0.03155,3.155e-05,222356928788.36145
1978-02-19T05:17:29,0.03489,3.489e-05,245896457858.1912
1978-02-19T05:18:13,0.02402,2.402e-05,169287271933.32623
1978-02-19T05:19:39,0.03084,3.084e-05,217353016920.22403
1978-02-19T05:24:02,0.03595,3.5950000000000006e-05,253367086844.4246
1978-02-19T05:38:29,0.19103,0.00019103,1346334203056.757
1978-02-19T05:39:05,0.24608,0.00024608,1734313566917.2737
1978-02-19T05:39:54,0.16185,0.00016185,1140680473039.5024
1978-02-19T05:40:26,0.13015,0.00013015,917266379771.957
1978-02-19T05:41:06,0.06052,6.052e-05,426530628534.75867
1978-02-19T05:41:11,0.07465,7.465e-05,526115522473.8885
1978-02-19T05:43:36,0.04513,4.513e-05,318065552970.48346
1978-02-19T05:44:03,0.03694,3.694e-05,260344372407.0388
1978-02-19T05:58:56,0.03528,3.528e-05,248645085504.0695
1978-02-19T06:13:44,0.03475,3.4750000000000004e-05,244909771010.95285
1978-02-19T06:27:16,0.03373,3.3730000000000004e-05,237721052552.50183
1978-02-19T06:28:11,0.01807,1.807e-05,127353080925.69543
1978-02-19T06:28:32,0.02132,2.132e-05,150258311308.01477
1978-02-19T06:28:32,0.01647,1.647e-05,116076659814.3998
1978-02-19T06:29:04,0.02678,2.678e-05,188739098350.31125
1978-02-19T06:35:25,0.03309,3.309e-05,233210484107.9836
1978-02-19T07:15:04,0.03035,3.035e-05,213899612954.8897
1978-02-19T07:20:12,0.24113,0.00024113,1699427139104.203
1978-02-19T07:20:21,0.03686,3.686e-05,259780551351.47397
1978-02-19T07:20:21,0.14482,0.00014482,1020657065836.1492
1978-02-19T07:20:21,0.20213,0.00020213,1424564374516.371
1978-02-19T07:20:29,0.10426,0.00010426,734799790664.8041
1978-02-19T07:20:39,0.08254,8.254e-05,581722374078.9653
1978-02-19T07:21:24,0.06931,6.931e-05,488480467014.9392
1978-02-19T07:21:39,0.0496,4.96e-05,349569054450.1657
1978-02-19T07:22:28,0.04187,4.187e-05,295089844956.2185
1978-02-19T07:32:25,0.03746,3.746e-05,264009209268.20987
1978-02-19T07:42:48,0.04151,4.151e-05,292552650206.17706
1978-02-19T07:47:39,0.05175,5.175e-05,364721745318.4693
1978-02-19T07:51:13,0.04321,4.321e-05,304533847636.92865
1978-02-19T07:54:38,0.03767,3.767e-05,265489239539.06744
1978-02-19T08:10:09,0.04041,4.041e-05,284800110692.16125
1978-02-19T08:12:41,0.04716,4.716e-05,332372512255.4399
1978-02-19T08:20:23,0.05057,5.057e-05,356405384748.88873
1978-02-19T08:28:01,0.0562,5.62e-05,396084291534.2604
1978-02-19T08:30:47,0.04666,4.666e-05,328848630658.16
1978-02-19T08:37:11,0.04299,4.299e-05,302983339734.1255
1978-02-19T08:44:56,0.04966,4.966e-05,349991920241.83936
1978-02-19T09:06:05,0.45556,0.00045556,3210679000913.66
1978-02-19T09:06:05,0.37427,0.00037427,2637766330827.894
1978-02-19T09:06:05,0.32062,0.00032062,2259653835439.761
1978-02-19T09:07:40,0.18551,0.00018551,1307430550222.7874
1978-02-19T09:07:51,0.07041,7.041e-05,496233006528.955
1978-02-19T09:08:01,0.22536,0.00022536,1588283913525.9949
1978-02-19T09:08:12,0.13367,0.00013367,942074506216.8076
1978-02-19T09:08:12,0.08372,8.372e-05,590038734648.5459
1978-02-19T09:09:15,0.09865,9.865e-05,695261839143.3235
1978-02-19T09:09:15,0.05239,5.239e-05,369232313762.9876
1978-02-19T09:09:15,0.03845,3.845e-05,270986494830.82404
1978-02-19T09:10:27,0.03327,3.3270000000000005e-05,234479081483.00436
1978-02-19T09:24:17,0.0324,3.24e-05,228347527503.7373
1978-02-19T09:36:45,0.03426,3.426e-05,241456367045.6185
1978-02-19T09:48:22,0.03424,3.424e-05,241315411781.7273
1978-02-19T09:59:29,0.03303,3.303e-05,232787618316.31
1978-02-19T11:00:23,0.06181,6.180999999999999e-05,435622243055.7407
1978-02-19T11:03:00,0.07428,7.428e-05,523507850091.9014
1978-02-19T11:04:48,0.12578,0.00012578,886467654611.7308
1978-02-19T11:06:20,0.09369,9.369e-05,660304933698.3069
1978-02-19T11:07:48,0.04927,4.927e-05,347243292595.961
1978-02-19T11:08:12,0.06107,6.107e-05,430406898291.76654
1978-02-19T11:09:16,0.07384,7.384e-05,520406834286.29504
1978-02-19T11:56:40,0.02951,2.9510000000000004e-05,207979491871.4595
1978-02-19T12:09:15,0.03848,3.848e-05,271197927726.6609
1978-02-19T12:09:24,0.02983,2.983e-05,210234776093.71863
1978-02-19T12:10:04,0.04788,4.788e-05,337446901755.5229
1978-02-19T12:17:59,0.02851,2.851e-05,200931728676.8997
1978-02-19T12:38:26,0.0292,2.92e-05,205794685281.146
1978-02-19T12:41:54,0.29957,0.00029957,2111298420194.277
1978-02-19T12:42:04,0.03864,3.864e-05,272325569837.7904
1978-02-19T12:42:19,0.2243,0.0002243,1580813284539.7617
1978-02-19T12:42:19,0.16288,0.00016288,1147939669129.899
1978-02-19T12:42:19,0.42522,0.0004252199999999,2996849865590.716
1978-02-19T12:42:40,0.0511,5.11e-05,360140699242.00543
1978-02-19T12:42:50,0.1193,0.0001193,840798149110.9833
1978-02-19T12:42:50,0.10229,0.00010229,720915697171.5214
1978-02-19T12:43:04,0.06415,6.415e-05,452114008931.01074
1978-02-19T12:43:54,0.08752,8.752e-05,616820234787.873
1978-02-19T12:43:54,0.0748,7.48e-05,527172686953.0725
1978-02-19T12:46:32,0.03237,3.2370000000000003e-05,228136094607.9005
1978-02-19T12:47:04,0.02817,2.817e-05,198535489190.74936
1978-02-19T12:49:43,0.05495,5.495e-05,387274587541.0606
1978-02-19T12:49:43,0.04708,4.708e-05,331808691199.875
1978-02-19T12:49:43,0.04033,4.033e-05,284236289636.59644
1978-02-19T12:50:14,0.06415,6.415e-05,452114008931.01074
1978-02-19T12:50:46,0.08619,8.619e-05,607446709739.1085
1978-02-19T12:50:57,0.07129,7.129e-05,502435038140.1676
1978-02-19T13:00:49,0.02723,2.723e-05,191910591787.8632
1978-02-19T13:21:58,0.02865,2.865e-05,201918415524.13803
1978-02-19T13:28:18,0.02837,2.837e-05,199945041829.66132
1978-02-19T14:25:30,0.0407,4.07e-05,286843962018.5836
1978-02-19T14:26:27,0.06392,6.392000000000001e-05,450493023396.262
1978-02-19T14:26:49,0.05104,5.1040000000000006e-05,359717833450.3319
1978-02-19T14:27:31,0.02568,2.568e-05,180986558836.2955
1978-02-19T14:41:50,0.02339,2.339e-05,164847181120.75357
1978-02-19T16:03:44,0.02706,2.706e-05,190712472044.788
1978-02-19T16:15:22,0.02648,2.648e-05,186624769391.94333
1978-02-19T16:27:00,0.02624,2.624e-05,184933306225.24896
1978-02-19T16:38:38,0.02629,2.629e-05,185285694384.97696
1978-02-19T16:50:53,0.02593,2.593e-05,182748499634.93542
1978-02-19T17:01:29,0.0264,2.64e-05,186060948336.3785
1978-02-19T17:13:31,0.02673,2.673e-05,188386710190.58328
1978-02-19T17:25:09,0.0278,2.78e-05,195927816808.7622
1978-02-19T17:36:47,0.02769,2.769e-05,195152562857.36063
1978-02-19T17:48:25,0.02905,2.905e-05,204737520801.962
1978-02-19T18:00:03,0.0275,2.75e-05,193813487850.39432
1978-02-19T18:11:40,0.02604,2.604e-05,183523753586.337
1978-02-19T18:23:18,0.02603,2.6030000000000003e-05,183453275954.39145
1978-02-19T18:34:56,0.0268,2.68e-05,188880053614.20245
1978-02-19T18:44:27,0.02712,2.712e-05,191135337836.4616
1978-02-19T18:59:15,0.02817,2.817e-05,198535489190.74936
1978-02-19T19:09:18,0.02734,2.734e-05,192685845739.26477
1978-02-19T19:26:45,0.02717,2.717e-05,191487725996.18958
1978-02-19T19:37:51,0.0268,2.68e-05,188880053614.20245
1978-02-19T19:53:11,0.02729,2.729e-05,192333457579.53677
1978-02-19T20:03:13,0.02675,2.675e-05,188527665454.4745
1978-02-19T21:13:01,0.02562,2.562e-05,180563693044.62192
1978-02-19T21:17:59,0.02955,2.955e-05,208261402399.24188
1978-02-19T21:26:45,0.03131,3.131e-05,220665465621.66708
1978-02-19T23:15:08,0.02318,2.318e-05,163367150849.896
1978-02-19T23:22:32,0.0696,6.96e-05,490524318341.3616
1978-02-19T23:23:14,0.03844,3.8440000000000005e-05,270916017198.87848
1978-02-19T23:23:35,0.04539,4.539e-05,319897971401.069
1978-02-19T23:24:07,0.05515,5.515e-05,388684140179.9726
1978-02-19T23:25:03,0.0301,3.01e-05,212137672156.24976
1978-02-19T23:25:42,0.02583,2.583e-05,182043723315.47943
1978-02-20T12:15:04,0.02303,2.303e-05,162309986370.71204
1978-02-20T12:36:43,0.0217,2.17e-05,152936461321.9475
1978-02-20T12:49:15,0.02199,2.199e-05,154980312648.36987
1978-02-20T12:55:25,0.04107,4.1070000000000005e-05,289451634400.57074
1978-02-20T12:55:27,0.05737,5.737e-05,404330174471.8953
1978-02-20T12:55:44,0.02996,2.996e-05,211150985309.0114
1978-02-20T12:55:44,0.07208,7.208e-05,508002771063.86993
1978-02-20T12:58:33,0.02218,2.218e-05,156319387655.3362
1978-02-20T13:08:19,0.01916,1.916e-05,135035142807.76564
1978-02-20T13:16:52,0.02193,2.193e-05,154557446856.6963
1978-02-20T13:25:19,0.02265,2.265e-05,159631836356.7793
1978-02-20T13:35:44,0.07019,7.019e-05,494682498626.1519
1978-02-20T13:35:53,0.05867,5.867e-05,413492266624.8231
1978-02-20T13:36:02,0.0429,4.29e-05,302349041046.6151
1978-02-20T13:36:25,0.03052,3.052e-05,215097732697.96487
1978-02-20T13:37:28,0.02457,2.4570000000000004e-05,173163541690.33414
1978-02-20T13:40:44,0.01976,1.976e-05,139263800724.5015
1978-02-20T13:42:28,0.01752,1.752e-05,123476811168.68758
1978-02-20T13:51:17,0.05542,5.542e-05,390587036242.5037
1978-02-20T13:51:59,0.01827,1.8270000000000003e-05,128762633564.60744
1978-02-20T13:53:19,0.04976,4.976e-05,350696696561.2953
1978-02-20T13:55:50,0.02273,2.273e-05,160195657412.3441
1978-02-20T14:03:42,0.02474,2.4740000000000004e-05,174361661433.4093
1978-02-20T14:08:38,0.01759,1.7590000000000003e-05,123970154592.30678
1978-02-20T14:08:42,0.0206,2.06e-05,145183921807.93173
1978-02-20T14:09:42,0.03249,3.249e-05,228981826191.24765
1978-02-20T14:10:20,0.0256,2.56e-05,180422737780.7307
1978-02-20T15:10:58,0.02612,2.612e-05,184087574641.9018
1978-02-20T15:15:43,0.01915,1.915e-05,134964665175.82004
1978-02-20T15:32:52,0.01865,1.865e-05,131440783578.54012
1978-02-20T15:33:30,0.02854,2.854e-05,201143161572.7365
1978-02-20T15:34:18,0.02299,2.299e-05,162028075842.92966
1978-02-20T15:34:58,0.03876,3.876e-05,273171301421.1376
1978-02-20T15:44:25,0.03037,3.037e-05,214040568218.7809
1978-02-20T15:44:46,0.04338,4.338e-05,305731967380.00385
1978-02-20T15:44:46,0.03578,3.578e-05,252168967101.3494
1978-02-20T15:46:21,0.02651,2.651e-05,186836202287.7801
1978-02-20T15:46:40,0.02227,2.227e-05,156953686342.8466
1978-02-20T15:59:58,0.02124,2.124e-05,149694490252.44998
1978-02-20T16:07:16,0.06629,6.629e-05,467196222167.3687
1978-02-20T16:08:14,0.02408,2.408e-05,169710137724.9998
1978-02-20T16:09:36,0.01882,1.882e-05,132638903321.6153
1978-02-20T16:09:41,0.03409,3.409e-05,240258247302.54333
1978-02-20T16:10:24,0.02978,2.9780000000000003e-05,209882387933.99063
1978-02-20T16:10:31,0.05117,5.117e-05,360634042665.6246
1978-02-20T16:12:14,0.01726,1.726e-05,121644392738.10204
1978-02-20T16:12:49,0.0419,4.19e-05,295301277852.05536
1978-02-20T16:27:14,0.04908,4.908e-05,345904217588.9946
1978-02-20T16:27:14,0.04151,4.151e-05,292552650206.17706
1978-02-20T16:30:07,0.03479,3.4790000000000004e-05,245191681538.73523
1978-02-20T16:38:29,0.02915,2.915e-05,205442297121.418
1978-02-20T16:47:06,0.02468,2.468e-05,173938795641.73572
1978-02-20T17:09:43,0.02084,2.084e-05,146875384974.62607
1978-02-20T17:10:29,0.02962,2.962e-05,208754745822.86108
1978-02-20T17:11:45,0.03676,3.676e-05,259075775032.018
1978-02-20T17:13:10,0.02431,2.431e-05,171331123259.74854
1978-02-20T17:32:32,0.07561,7.561e-05,532881375140.666
1978-02-20T17:33:04,0.05452,5.452e-05,384244049367.3999
1978-02-20T17:33:12,0.03569,3.569e-05,251534668413.839
1978-02-20T17:33:43,0.02439,2.439e-05,171894944315.31335
1978-02-20T17:35:42,0.02232,2.232e-05,157306074502.5746
1978-02-20T17:58:25,0.02125,2.125e-05,149764967884.3956
1978-02-20T18:12:41,0.02152,2.152e-05,151667863946.92676
1978-02-20T18:24:18,0.02155,2.155e-05,151879296842.76355
1978-02-20T18:35:55,0.02229,2.229e-05,157094641606.7378
1978-02-20T18:45:26,0.02328,2.328e-05,164071927169.35196
1978-02-20T18:59:10,0.02403,2.403e-05,169357749565.27182
1978-02-20T19:10:15,0.02435,2.435e-05,171613033787.53094
1978-02-20T19:27:41,0.02424,2.424e-05,170837779836.1294
1978-02-20T19:40:13,0.02439,2.439e-05,171894944315.31335
1978-02-20T19:50:56,0.02413,2.413e-05,170062525884.72778
1978-02-20T20:02:33,0.02424,2.424e-05,170837779836.1294
1978-02-20T20:14:10,0.02345,2.345e-05,165270046912.42715
1978-02-20T20:33:11,0.02329,2.329e-05,164142404801.29758
1978-02-20T20:44:48,0.0238,2.3800000000000003e-05,167736764030.5231
1978-02-20T20:54:19,0.02362,2.362e-05,166468166655.5023
1978-02-21T00:25:39,0.0185,1.85e-05,130383619099.35616
1978-02-21T00:35:16,0.01931,1.931e-05,136092307286.9496
1978-02-21T01:00:56,0.01931,1.931e-05,136092307286.9496
1978-02-21T01:12:43,0.01944,1.944e-05,137008516502.24236
1978-02-21T01:30:16,0.02021,2.021e-05,142435294162.0534
1978-02-21T01:30:37,0.02634,2.634e-05,185638082544.70496
1978-02-21T01:30:37,0.03115,3.115e-05,219537823510.53757
1978-02-21T01:31:54,0.0221,2.21e-05,155755566599.77142
1978-02-21T01:46:57,0.01978,1.978e-05,139404755988.3927
1978-02-21T01:58:32,0.0195,1.95e-05,137431382293.91595
1978-02-21T02:05:54,0.01947,1.947e-05,137219949398.07918
1978-02-21T03:26:00,0.02123,2.123e-05,149624012620.5044
1978-02-21T03:28:15,0.02417,2.417e-05,170344436412.5102
1978-02-21T03:36:28,0.02055,2.055e-05,144831533648.20374
1978-02-21T03:48:03,0.01982,1.982e-05,139686666516.1751
1978-02-21T03:59:38,0.01955,1.955e-05,137783770453.64395
1978-02-21T04:11:13,0.01942,1.942e-05,136867561238.35118
1978-02-21T04:23:37,0.01931,1.931e-05,136092307286.9496
1978-02-21T04:34:23,0.0202,2.02e-05,142364816530.10782
1978-02-21T04:45:58,0.02045,2.045e-05,144126757328.74777
1978-02-21T04:57:54,0.02106,2.106e-05,148425892877.42923
1978-02-21T05:05:55,0.02509,2.509e-05,176828378551.50522
1978-02-21T05:06:40,0.03228,3.228e-05,227501795920.3901
1978-02-21T05:07:33,0.04482,4.482e-05,315880746380.17
1978-02-21T05:07:57,0.03878,3.8780000000000005e-05,273312256685.0288
1978-02-21T05:08:20,0.02156,2.156e-05,151949774474.70914
1978-02-21T06:22:50,0.02321,2.3210000000000003e-05,163578583745.73282
1978-02-21T06:33:43,0.02175,2.175e-05,153288849481.6755
1978-02-21T06:45:08,0.02303,2.303e-05,162309986370.71204
1978-02-21T06:57:35,0.02376,2.376e-05,167454853502.74066
1978-02-21T07:09:10,0.02478,2.478e-05,174643571961.19165
1978-02-21T07:20:45,0.02254,2.254e-05,158856582405.37775
1978-02-21T07:32:20,0.02324,2.324e-05,163790016641.5696
1978-02-21T07:44:41,0.02478,2.478e-05,174643571961.19165
1978-02-21T07:46:33,0.03457,3.457e-05,243641173635.932
1978-02-21T07:46:33,0.04392,4.392e-05,309537759505.0661
1978-02-21T07:48:39,0.02957,2.957e-05,208402357663.1331
1978-02-21T07:50:14,0.02301,2.301e-05,162169031106.82083
1978-02-21T08:48:05,0.02317,2.317e-05,163296673217.9504
1978-02-21T08:54:46,0.02916,2.916e-05,205512774753.3636
1978-02-21T08:57:38,0.034,3.4000000000000007e-05,239623948615.03305
1978-02-21T09:09:13,0.03129,3.129e-05,220524510357.77597
1978-02-21T13:26:09,0.04187,4.187e-05,295089844956.2185
1978-02-21T13:43:14,0.02651,2.651e-05,186836202287.7801
1978-02-21T13:44:03,0.03286,3.286e-05,231589498573.2348
1978-02-21T13:45:06,0.03853,3.8530000000000005e-05,271550315886.3889
1978-02-21T14:39:30,0.02122,2.122e-05,149553534988.5588
1978-02-21T14:43:35,0.03252,3.252e-05,229193259087.08447
1978-02-21T14:43:35,0.02616,2.616e-05,184369485169.68417
1978-02-21T14:47:14,0.01902,1.902e-05,134048455960.52724
1978-02-21T14:50:17,0.02175,2.175e-05,153288849481.6755
1978-02-21T14:53:01,0.03663,3.663000000000001e-05,258159565816.72528
1978-02-21T14:53:01,0.05885,5.885e-05,414760863999.8438
1978-02-21T14:53:16,0.04651,4.651000000000001e-05,327791466178.9761
1978-02-21T14:53:26,0.0303,3.03e-05,213547224795.1617
1978-02-21T14:54:49,0.02572,2.572e-05,181268469364.07788
1978-02-21T15:01:06,0.02117,2.117e-05,149201146828.83084
1978-02-21T15:19:27,0.0252,2.52e-05,177603632502.90677
1978-02-21T15:22:31,0.03024,3.024e-05,213124359003.48813
1978-02-21T15:23:18,0.03688,3.6880000000000006e-05,259921506615.3652
1978-02-21T15:28:18,0.04749,4.749e-05,334698274109.6446
1978-02-21T15:39:53,0.04104,4.104e-05,289240201504.73395
1978-02-21T15:51:28,0.03676,3.676e-05,259075775032.018
1978-02-21T15:59:53,0.03452,3.452e-05,243288785476.20407
1978-02-21T16:14:06,0.03126,3.126e-05,220313077461.93915
1978-02-21T16:29:23,0.0291,2.9100000000000003e-05,205089908961.69
1978-02-21T16:44:07,0.0265,2.65e-05,186765724655.83453
1978-02-21T16:55:42,0.02477,2.477e-05,174573094329.24606
1978-02-21T17:07:17,0.02342,2.342e-05,165058614016.59036
1978-02-21T17:18:52,0.02267,2.267e-05,159772791620.67047
1978-02-21T17:30:09,0.02192,2.192e-05,154486969224.75067
1978-02-21T17:42:02,0.0219,2.19e-05,154346013960.85947
1978-02-21T17:53:37,0.02203,2.203e-05,155262223176.15222
1978-02-21T18:05:12,0.02266,2.266e-05,159702313988.72488
1978-02-21T18:16:47,0.0235,2.35e-05,165622435072.15515
1978-02-21T18:25:12,0.02497,2.497e-05,175982646968.15802
1978-02-21T18:43:07,0.02425,2.425e-05,170908257468.07498
1978-02-21T18:54:42,0.02542,2.542e-05,179154140405.70993
1978-02-21T19:06:16,0.02564,2.564e-05,180704648308.5131
1978-02-21T19:17:52,0.02567,2.567e-05,180916081204.34988
1978-02-21T19:29:26,0.02538,2.538e-05,178872229877.92755
1978-02-21T19:41:01,0.02492,2.492e-05,175630258808.43005
1978-02-21T19:52:36,0.02483,2.483e-05,174995960120.91968
1978-02-21T20:13:40,0.02478,2.478e-05,174643571961.19165
1978-02-21T20:25:15,0.02374,2.374e-05,167313898238.8495
1978-02-21T20:36:50,0.0226,2.26e-05,159279448197.05133
1978-02-21T20:48:25,0.02165,2.165e-05,152584073162.2195
1978-02-21T21:00:00,0.02158,2.158e-05,152090729738.60034
1978-02-21T21:12:46,0.02171,2.171e-05,153006938953.8931
1978-02-21T21:23:10,0.02214,2.214e-05,156037477127.55383
1978-02-21T21:34:45,0.02164,2.164e-05,152513595530.2739
1978-02-21T21:46:20,0.02159,2.159e-05,152161207370.54596
1978-02-21T21:57:55,0.02136,2.136e-05,150540221835.7972
1978-02-21T22:07:55,0.02039,2.039e-05,143703891537.07416
1978-02-21T22:24:25,0.02193,2.193e-05,154557446856.6963
1978-02-21T22:30:27,0.02621,2.621e-05,184721873329.41217
1978-02-21T22:34:18,0.03305,3.3050000000000004e-05,232928573580.2012
1978-02-21T22:41:41,0.03435,3.435e-05,242090665733.1289
1978-02-21T22:53:35,0.0299,2.99e-05,210728119517.3378
1978-02-21T22:59:31,0.02965,2.965e-05,208966178718.69788
1978-02-21T23:00:19,0.03669,3.669e-05,258582431608.3988
1978-02-21T23:03:44,0.04663,4.663e-05,328637197762.3231
1978-02-21T23:09:37,0.04848,4.848e-05,341675559672.2588
1978-02-21T23:18:05,0.04242,4.242e-05,298966114713.2264
1978-02-21T23:25:51,0.03999,3.999e-05,281840050150.4461
1978-02-21T23:41:07,0.03206,3.206e-05,225951288017.58698
1978-02-21T23:47:10,0.02841,2.841e-05,200226952357.4437
1978-02-22T00:40:56,0.02555,2.555e-05,180070349621.00272
1978-02-22T00:50:48,0.02267,2.267e-05,159772791620.67047
1978-02-22T01:02:33,0.02215,2.215e-05,156107954759.49942
1978-02-22T01:19:58,0.02136,2.136e-05,150540221835.7972
1978-02-22T01:31:35,0.02134,2.134e-05,150399266571.906
1978-02-22T01:43:32,0.02054,2.054e-05,144761056016.25815
1978-02-22T01:56:18,0.02262,2.262e-05,159420403460.94254
1978-02-22T02:02:42,0.02386,2.386e-05,168159629822.19662
1978-02-22T02:14:50,0.02778,2.778e-05,195786861544.87103
1978-02-22T02:26:27,0.02606,2.606e-05,183664708850.2282
1978-02-22T02:37:42,0.02494,2.494e-05,175771214072.32123
1978-02-22T02:49:08,0.02482,2.482e-05,174925482488.97406
1978-02-22T03:06:33,0.02229,2.229e-05,157094641606.7378
1978-02-22T03:16:34,0.02238,2.2380000000000003e-05,157728940294.2482
1978-02-22T03:53:58,0.02262,2.262e-05,159420403460.94254
1978-02-22T04:04:08,0.02253,2.2530000000000003e-05,158786104773.43216
1978-02-22T04:14:36,0.02453,2.453e-05,172881631162.55173
1978-02-22T04:28:51,0.0278,2.78e-05,195927816808.7622
1978-02-22T04:40:27,0.02602,2.602e-05,183382798322.44583
1978-02-22T04:52:04,0.02287,2.2870000000000003e-05,161182344259.58246
1978-02-22T04:58:55,0.02221,2.221e-05,156530820551.17303
1978-02-22T05:15:48,0.02305,2.305e-05,162450941634.6032
1978-02-22T05:33:13,0.02198,2.198e-05,154909835016.42426
1978-02-22T05:44:49,0.02145,2.145e-05,151174520523.30756
1978-02-22T05:56:08,0.02222,2.222e-05,156601298183.1186
1978-02-22T06:08:02,0.02382,2.382e-05,167877719294.41428
1978-02-22T06:19:39,0.02295,2.295e-05,161746165315.14728
1978-02-22T06:28:05,0.02301,2.301e-05,162169031106.82083
1978-02-22T07:35:37,0.02563,2.563e-05,180634170676.5675
1978-02-22T07:47:14,0.02729,2.729e-05,192333457579.53677
1978-02-22T07:58:50,0.02695,2.695e-05,189937218093.38644
1978-02-22T08:10:26,0.02587,2.587e-05,182325633843.26187
1978-02-22T08:21:00,0.0245,2.4500000000000003e-05,172670198266.71494
1978-02-22T08:48:05,0.02462,2.462e-05,173515929850.0621
1978-02-22T08:51:49,0.03384,3.384e-05,238496306503.90335
1978-02-22T08:52:39,0.04754,4.754e-05,335050662269.37256
1978-02-22T08:52:39,0.0732,7.32e-05,515896265841.77686
1978-02-22T08:52:54,0.05893,5.893000000000001e-05,415324685055.4086
1978-02-22T08:54:27,0.04097,4.097e-05,288746858081.11475
1978-02-22T08:54:46,0.01854,1.854e-05,130665529627.13858
1978-02-22T08:56:40,0.02169,2.169e-05,152865983690.00192
1978-02-22T08:56:52,0.02841,2.841e-05,200226952357.4437
1978-02-22T08:58:59,0.03335,3.335e-05,235042902538.5691
1978-02-22T09:12:21,0.08089,8.089e-05,570093564807.9417
1978-02-22T09:13:45,0.0698,6.98e-05,491933870980.2736
1978-02-22T09:13:45,0.04526,4.526e-05,318981762185.7763
1978-02-22T09:14:36,0.01455,1.455e-05,102544954480.845
1978-02-22T09:15:27,0.05506,5.506e-05,388049841492.4622
1978-02-22T09:15:28,0.02037,2.037e-05,143562936273.18295
1978-02-22T09:15:52,0.02968,2.9680000000000004e-05,209177611614.53467
1978-02-22T09:16:06,0.02539,2.539e-05,178942707509.87314
1978-02-22T09:16:19,0.0169,1.6899999999999997e-05,119107197988.06049
1978-02-22T10:20:45,0.06472,6.472e-05,456131233951.9098
1978-02-22T10:20:45,0.02978,2.9780000000000003e-05,209882387933.99063
1978-02-22T10:21:24,0.03397,3.397e-05,239412515719.1962
1978-02-22T10:22:20,0.04921,4.921e-05,346820426804.2874
1978-02-22T10:22:31,0.04131,4.131e-05,291143097567.2651
1978-02-22T10:28:40,0.01975,1.975e-05,139193323092.5559
1978-02-22T10:55:03,0.13331,0.00013331,939537311466.766
1978-02-22T10:56:47,0.01816,1.816e-05,127987379613.20584
1978-02-22T10:57:47,0.109,0.000109,768206188207.0175
1978-02-22T10:58:31,0.02239,2.239e-05,157799417926.1938
1978-02-22T10:59:16,0.0714,7.14e-05,503210292091.5692
1978-02-22T10:59:16,0.06123,6.123e-05,431534540402.8961
1978-02-22T10:59:16,0.04565,4.5650000000000005e-05,321730389831.6546
1978-02-22T10:59:23,0.02862,2.862e-05,201706982628.3013
1978-02-22T10:59:40,0.03884,3.884e-05,273735122476.7024
1978-02-22T10:59:56,0.08782,8.782e-05,618934563746.241
1978-02-22T11:05:05,0.02007,2.0070000000000003e-05,141448607314.81506
1978-02-22T11:05:12,0.01733,1.7330000000000002e-05,122137736161.72122
1978-02-22T11:06:08,0.14098,0.00014098,993593655169.0396
1978-02-22T11:06:39,0.02411,2.411e-05,169921570620.8366
1978-02-22T11:07:57,0.24107,0.00024107,1699004273312.5295
1978-02-22T11:08:07,0.18774,0.00018774,1323147062146.6555
1978-02-22T11:08:19,0.10757,0.00010757,758127886838.7969
1978-02-22T11:09:18,0.05508,5.508e-05,388190796756.3534
1978-02-22T11:09:18,0.0405,4.05e-05,285434409379.67163
1978-02-22T11:09:18,0.03473,3.4729999999999994e-05,244768815747.0616
1978-02-22T11:09:18,0.30555,0.00030555,2153444044097.7449
1978-02-22T11:09:22,0.0653,6.53e-05,460218936604.7545
1978-02-22T11:10:04,0.0912,9.12e-05,642756003343.8531
1978-02-22T11:10:07,0.02968,2.9680000000000004e-05,209177611614.53467
1978-02-22T19:47:24,0.02007,2.0070000000000003e-05,141448607314.81506
1978-02-22T20:01:46,0.02348,2.348e-05,165481479808.26395
1978-02-22T20:02:10,0.02925,2.9250000000000003e-05,206147073440.874
1978-02-22T20:02:42,0.03579,3.579e-05,252239444733.295
1978-02-22T20:05:01,0.02116,2.116e-05,149130669196.88522
1978-02-22T20:16:25,0.01989,1.989e-05,140180009939.79428
1978-02-22T20:17:44,0.01836,1.836e-05,129396932252.1178
1978-02-22T20:26:58,0.02035,2.035e-05,143421981009.2918
1978-02-22T20:52:18,0.01987,1.987e-05,140039054675.90308
1978-02-22T21:29:13,0.02154,2.154e-05,151808819210.81796
1978-02-22T22:00:29,0.02091,2.091e-05,147368728398.24527
1978-02-22T22:12:17,0.02241,2.241e-05,157940373190.085
1978-02-22T22:22:45,0.07122,7.122000000000001e-05,501941694716.5486
1978-02-22T22:23:34,0.03303,3.303e-05,232787618316.31
1978-02-22T22:23:34,0.02864,2.864e-05,201847937892.19244
1978-02-22T22:23:42,0.02089,2.089e-05,147227773134.35406
1978-02-22T22:24:06,0.02437,2.437e-05,171753989051.42215
1978-02-22T22:25:09,0.04773,4.7730000000000005e-05,336389737276.339
1978-02-22T22:33:46,0.02328,2.328e-05,164071927169.35196
1978-02-22T22:47:19,0.02927,2.9270000000000003e-05,206288028704.76517
1978-02-22T22:49:40,0.02405,2.405e-05,169498704829.16302
1978-02-22T22:49:57,0.04112,4.112e-05,289804022560.29865
1978-02-22T22:49:59,0.03257,3.257e-05,229545647246.81244
1978-02-22T22:50:09,0.05163,5.1630000000000005e-05,363876013735.1221
1978-02-22T22:50:13,0.0684,6.840000000000001e-05,482067002507.89
1978-02-22T23:01:20,0.02082,2.082e-05,146734429710.7349
1978-02-22T23:12:38,0.0206,2.06e-05,145183921807.93173
1978-02-22T23:26:05,0.01955,1.955e-05,137783770453.64395
1978-02-22T23:35:27,0.01911,1.911e-05,134682754648.03764
1978-02-22T23:45:35,0.0178,1.78e-05,125450184863.1643
1978-02-23T00:00:00,0.02144,2.144e-05,151104042891.36197
1978-02-23T00:09:47,0.02061,2.061e-05,145254399439.87732
1978-02-23T00:16:12,0.02054,2.054e-05,144761056016.25815
1978-02-23T00:29:54,0.04391,4.391e-05,309467281873.1205
1978-02-23T00:30:44,0.03299,3.299e-05,232505707788.5276
1978-02-23T00:31:54,0.03992,3.992e-05,281346706726.8269
1978-02-23T00:32:58,0.02797,2.797e-05,197125936551.8374
1978-02-23T00:46:44,0.02281,2.281e-05,160759478467.90887
1978-02-23T01:00:30,0.01952,1.952e-05,137572337557.80716
1978-02-23T01:12:08,0.01955,1.955e-05,137783770453.64395
1978-02-23T01:23:47,0.01864,1.864e-05,131370305946.59456
1978-02-23T01:35:26,0.01852,1.852e-05,130524574363.24736
1978-02-23T01:42:19,0.01852,1.852e-05,130524574363.24736
1978-02-23T02:06:09,0.019,1.9e-05,133907500696.63608
1978-02-23T02:15:05,0.01998,1.998e-05,140814308627.3047
1978-02-23T02:17:19,0.02476,2.476e-05,174502616697.30048
1978-02-23T02:22:38,0.03022,3.022e-05,212983403739.59692
1978-02-23T02:29:39,0.0274,2.74e-05,193108711530.93832
1978-02-23T02:45:19,0.02079,2.079e-05,146522996814.89807
1978-02-23T02:56:58,0.01987,1.987e-05,140039054675.90308
1978-02-23T03:03:19,0.01918,1.918e-05,135176098071.6568
1978-02-23T03:11:16,0.03266,3.266e-05,230179945934.32285
1978-02-23T03:23:26,0.0224,2.24e-05,157869895558.13937
1978-02-23T03:35:05,0.02066,2.066e-05,145606787599.60535
1978-02-23T03:46:44,0.01974,1.974e-05,139122845460.61032
1978-02-23T03:58:23,0.01949,1.949e-05,137360904661.97037
1978-02-23T04:10:02,0.01928,1.928e-05,135880874391.1128
1978-02-23T04:21:40,0.02062,2.062e-05,145324877071.8229
1978-02-23T04:32:47,0.02085,2.085e-05,146945862606.5717
1978-02-23T04:48:09,0.02157,2.157e-05,152020252106.65472
1978-02-23T04:59:47,0.02317,2.317e-05,163296673217.9504
1978-02-23T05:11:26,0.02334,2.334e-05,164494792961.02557
1978-02-23T05:23:05,0.02116,2.116e-05,149130669196.88522
1978-02-23T05:34:44,0.02236,2.2360000000000003e-05,157587985030.357
1978-02-23T05:45:39,0.02306,2.306e-05,162521419266.5488
1978-02-23T05:58:02,0.02149,2.149e-05,151456431051.08994
1978-02-23T06:09:40,0.02064,2.064e-05,145465832335.7141
1978-02-23T06:21:19,0.02081,2.081e-05,146663952078.78928
1978-02-23T06:32:58,0.02164,2.164e-05,152513595530.2739
1978-02-23T06:40:23,0.02183,2.183e-05,153852670537.24026
1978-02-23T06:59:26,0.0222,2.22e-05,156460342919.22742
1978-02-23T07:11:05,0.02223,2.223e-05,156671775815.06418
1978-02-23T07:22:20,0.0213,2.13e-05,150117356044.1236
1978-02-23T07:34:23,0.02131,2.131e-05,150187833676.06918
1978-02-23T07:46:02,0.02176,2.176e-05,153359327113.62112
1978-02-23T07:57:40,0.02144,2.144e-05,151104042891.36197
1978-02-23T08:09:19,0.02187,2.187e-05,154134581065.02267
1978-02-23T08:20:58,0.02096,2.096e-05,147721116557.97327
1978-02-23T08:34:23,0.02135,2.135e-05,150469744203.8516
1978-02-23T08:44:16,0.02112,2.112e-05,148848758669.10284
1978-02-23T08:55:55,0.02132,2.132e-05,150258311308.01477
1978-02-23T09:07:33,0.02199,2.199e-05,154980312648.36987
1978-02-23T09:19:12,0.0221,2.21e-05,155755566599.77142
1978-02-23T09:30:51,0.02273,2.273e-05,160195657412.3441
1978-02-23T09:42:30,0.0231,2.31e-05,162803329794.3312
1978-02-23T09:54:09,0.02314,2.314e-05,163085240322.11362
1978-02-23T10:05:16,0.02249,2.249e-05,158504194245.64975
1978-02-23T10:16:55,0.02273,2.273e-05,160195657412.3441
1978-02-23T10:35:26,0.02209,2.209e-05,155685088967.82584
1978-02-23T10:47:05,0.02209,2.209e-05,155685088967.82584
1978-02-23T10:58:44,0.02241,2.241e-05,157940373190.085
1978-02-23T11:10:23,0.02178,2.178e-05,153500282377.5123
1978-02-23T11:22:02,0.02157,2.157e-05,152020252106.65472
1978-02-23T11:32:37,0.02184,2.184e-05,153923148169.18585
1978-02-23T12:25:46,0.0207,2.07e-05,145888698127.38773
1978-02-23T12:36:41,0.0215,2.15e-05,151526908683.03552
1978-02-23T13:39:09,0.03363,3.363e-05,237016276233.04584
1978-02-23T13:39:29,0.02725,2.725e-05,192051547051.7544
1978-02-23T13:40:28,0.02228,2.228e-05,157024163974.79218
1978-02-23T13:42:32,0.01997,1.9970000000000004e-05,140743830995.3591
1978-02-23T13:54:30,0.02051,2.051e-05,144549623120.4214
1978-02-23T14:06:09,0.02077,2.077e-05,146382041551.00687
1978-02-23T14:17:48,0.02083,2.083e-05,146804907342.68048
1978-02-23T14:29:26,0.02045,2.045e-05,144126757328.74777
1978-02-23T14:41:05,0.01977,1.977e-05,139334278356.44708
1978-02-23T14:51:13,0.02015,2.015e-05,142012428370.37982
1978-02-23T15:09:41,0.02147,2.147e-05,151315475787.19876
1978-02-24T03:16:27,0.02408,2.408e-05,169710137724.9998
1978-02-24T03:24:23,0.02348,2.348e-05,165481479808.26395
1978-02-24T03:52:57,0.02188,2.188e-05,154205058696.96826
1978-02-24T04:14:51,0.02062,2.062e-05,145324877071.8229
1978-02-24T04:25:13,0.02097,2.097e-05,147791594189.91888
1978-02-24T04:41:48,0.02567,2.567e-05,180916081204.34988
1978-02-24T04:42:09,0.05041,5.041000000000001e-05,355277742637.7592
1978-02-24T04:42:09,0.03021,3.021e-05,212912926107.65137
1978-02-24T04:42:09,0.02303,2.303e-05,162309986370.71204
1978-02-24T04:42:41,0.03729,3.729e-05,262811089525.13467
1978-02-24T04:43:13,0.0704,7.04e-05,496162528897.0095
1978-02-24T04:58:33,0.02125,2.125e-05,149764967884.3956
1978-02-24T06:00:02,0.0181,1.8100000000000003e-05,127564513821.53229
1978-02-24T06:03:11,0.0199,1.9900000000000003e-05,140250487571.7399
1978-02-24T06:23:44,0.01449,1.449e-05,102122088689.1714
1978-02-24T06:38:09,0.02085,2.085e-05,146945862606.5717
1978-02-24T06:45:25,0.02066,2.066e-05,145606787599.60535
1978-02-24T06:57:35,0.04159,4.159e-05,293116471261.74176
1978-02-24T06:58:39,0.02701,2.701e-05,190360083885.06
1978-02-24T06:58:48,0.03228,3.228e-05,227501795920.3901
1978-02-24T07:00:46,0.02355,2.3550000000000003e-05,165974823231.88315
1978-02-24T07:01:22,0.02002,2.002e-05,141096219155.08707
1978-02-24T07:47:51,0.06622,6.622e-05,466702878743.7495
1978-02-24T07:48:14,0.05428,5.428e-05,382552586200.7056
1978-02-24T07:48:23,0.04558,4.558e-05,321237046408.0354
1978-02-24T07:50:37,0.02509,2.509e-05,176828378551.50522
1978-02-24T07:50:55,0.02115,2.115e-05,149060191564.93964
1978-02-24T07:51:07,0.03829,3.829e-05,269858852719.6945
1978-02-24T07:51:46,0.03127,3.127e-05,220383555093.8847
1978-02-24T07:52:37,0.0185,1.85e-05,130383619099.35616
1978-02-24T08:38:22,0.01988,1.988e-05,140109532307.84866
1978-02-24T08:50:48,0.01968,1.968e-05,138699979668.93674
1978-02-24T09:13:33,0.02009,2.009e-05,141589562578.70624
1978-02-24T09:27:51,0.02088,2.088e-05,147157295502.40848
1978-02-24T09:46:22,0.02573,2.573e-05,181338946996.02344
1978-02-24T09:48:32,0.02089,2.089e-05,147227773134.35406
1978-02-24T09:48:54,0.01827,1.8270000000000003e-05,128762633564.60744
1978-02-24T10:10:10,0.01927,1.927e-05,135810396759.1672
1978-02-24T10:21:48,0.01941,1.941e-05,136797083606.4056
1978-02-24T10:33:27,0.01921,1.921e-05,135387530967.49362
1978-02-24T10:45:21,0.01957,1.957e-05,137924725717.53516
1978-02-24T10:49:54,0.02672,2.672e-05,188316232558.6377
1978-02-24T10:50:22,0.0236,2.36e-05,166327211391.6111
1978-02-24T11:05:11,0.01947,1.947e-05,137219949398.07918
1978-02-24T11:16:50,0.01963,1.9630000000000003e-05,138347591509.20877
1978-02-24T11:28:28,0.01961,1.961e-05,138206636245.31754
1978-02-24T11:34:49,0.02002,2.002e-05,141096219155.08707
1978-02-24T11:55:59,0.01956,1.956e-05,137854248085.58957
1978-02-24T12:05:23,0.02139,2.139e-05,150751654731.63394
1978-02-24T12:11:51,0.02511,2.511e-05,176969333815.3964
1978-02-24T12:20:29,0.02898,2.898e-05,204244177378.3428
1978-02-24T12:34:16,0.02641,2.641e-05,186131425968.32413
1978-02-24T12:36:11,0.03318,3.3180000000000004e-05,233844782795.494
1978-02-24T12:41:41,0.02608,2.608e-05,183805664114.11945
1978-02-24T12:49:56,0.0221,2.21e-05,155755566599.77142
1978-02-24T13:02:22,0.02054,2.054e-05,144761056016.25815
1978-02-24T13:13:13,0.02083,2.083e-05,146804907342.68048
1978-02-24T13:22:45,0.02246,2.246e-05,158292761349.81296
1978-02-24T16:26:20,0.01945,1.945e-05,137078994134.18796
1978-02-24T16:36:09,0.03353,3.353e-05,236311499913.58984
1978-02-24T16:37:47,0.02605,2.605e-05,183594231218.2826
1978-02-24T16:38:30,0.02079,2.079e-05,146522996814.89807
1978-02-24T16:58:04,0.02226,2.226e-05,156883208710.90097
1978-02-24T17:24:31,0.01835,1.835e-05,129326454620.1722
1978-02-24T17:38:39,0.06776,6.776e-05,477556434063.3716
1978-02-24T17:39:25,0.0565,5.650000000000001e-05,398198620492.6283
1978-02-24T17:40:55,0.01858,1.858e-05,130947440154.92094
1978-02-24T17:40:55,0.05257,5.257e-05,370500911138.0083
1978-02-24T17:55:44,0.02051,2.051e-05,144549623120.4214
1978-02-24T18:32:34,0.01816,1.816e-05,127987379613.20584
1978-02-24T19:03:59,0.01868,1.868e-05,131652216474.37694
1978-02-24T19:14:34,0.02151,2.151e-05,151597386314.98117
1978-02-24T19:15:06,0.02464,2.464e-05,173656885113.95328
1978-02-24T19:15:20,0.03028,3.028e-05,213406269531.2705
1978-02-24T19:16:09,0.0379,3.7900000000000006e-05,267110225073.8162
1978-02-24T19:21:11,0.01857,1.857e-05,130876962522.97536
1978-02-24T19:25:41,0.01841,1.841e-05,129749320411.84578
1978-02-24T19:58:03,0.02026,2.026e-05,142787682321.7814
1978-02-24T20:45:02,0.02011,2.011e-05,141730517842.59744
1978-02-24T20:48:13,0.02319,2.319e-05,163437628481.8416
1978-02-24T21:29:29,0.01889,1.889e-05,133132246745.23448
1978-02-24T21:41:07,0.01883,1.883e-05,132709380953.56091
1978-02-24T21:53:12,0.01909,1.909e-05,134541799384.14644
1978-02-24T22:02:05,0.02143,2.1430000000000003e-05,151033565259.41638
1978-02-24T22:14:27,0.01978,1.978e-05,139404755988.3927
1978-02-24T22:45:40,0.01892,1.892e-05,133343679641.07127
1978-02-24T22:57:18,0.01897,1.897e-05,133696067800.79926
1978-02-24T23:08:56,0.01893,1.893e-05,133414157273.01688
1978-02-24T23:20:35,0.01895,1.8950000000000003e-05,133555112536.9081
1978-02-24T23:32:13,0.01924,1.924e-05,135598963863.33044
1978-02-24T23:43:51,0.0192,1.92e-05,135317053335.54802
1978-02-24T23:51:16,0.01925,1.925e-05,135669441495.27602
1978-02-25T00:03:11,0.01978,1.978e-05,139404755988.3927
1978-02-25T00:12:21,0.01878,1.8780000000000003e-05,132356992793.83292
1978-02-25T00:24:21,0.01865,1.865e-05,131440783578.54012
1978-02-25T00:35:34,0.0189,1.89e-05,133202724377.1801
1978-02-25T00:48:21,0.0187,1.87e-05,131793171738.26813
1978-02-25T00:58:46,0.01853,1.853e-05,130595051995.19298
1978-02-25T01:10:23,0.01861,1.8610000000000003e-05,131158873050.75777
1978-02-25T01:22:38,0.0192,1.92e-05,135317053335.54802
1978-02-25T01:27:58,0.03442,3.442e-05,242584009156.74805
1978-02-25T01:29:13,0.15359,0.00015359,1082465949052.4386
1978-02-25T01:29:22,0.0855,8.55e-05,602583753134.8624
1978-02-25T01:29:22,0.07322,7.322e-05,516037221105.668
1978-02-25T01:29:22,0.06271,6.271e-05,441965229930.8446
1978-02-25T01:29:28,0.12125,0.0001212499999999,854541287340.3749
1978-02-25T01:29:39,0.02423,2.4230000000000003e-05,170767302204.1838
1978-02-25T01:29:54,0.05337,5.337e-05,376139121693.6561
1978-02-25T01:29:54,0.0457,4.57e-05,322082777991.3825
1978-02-25T01:29:54,0.03914,3.914e-05,275849451435.0703
1978-02-25T01:30:17,0.02997,2.997e-05,211221462940.957
1978-02-25T01:30:35,0.02108,2.108e-05,148566848141.32043
1978-02-25T01:31:41,0.09882,9.882e-05,696459958886.3987
1978-02-25T02:16:51,0.02664,2.664e-05,187752411503.0729
1978-02-25T02:31:13,0.02985,2.985e-05,210375731357.60983
1978-02-25T02:31:37,0.04017,4.017e-05,283108647525.46686
1978-02-25T02:44:10,0.02756,2.756e-05,194236353642.0679
1978-02-25T02:45:29,0.03273,3.273e-05,230673289357.94205
1978-02-25T10:31:53,0.0202,2.02e-05,142364816530.10782
1978-02-25T10:34:10,0.06019,6.0190000000000005e-05,424204866680.554
1978-02-25T10:34:21,0.05012,5.012e-05,353233891311.33685
1978-02-25T10:34:34,0.03647,3.647e-05,257031923705.59567
1978-02-25T10:35:24,0.02316,2.316e-05,163226195586.00482
1978-02-25T10:35:28,0.02741,2.741e-05,193179189162.8839
1978-02-25T10:35:40,0.04578,4.5780000000000006e-05,322646599046.9473
1978-02-25T10:47:32,0.02398,2.398e-05,169005361405.54385
1978-02-25T10:59:08,0.02193,2.193e-05,154557446856.6963
1978-02-25T11:56:07,0.02186,2.186e-05,154064103433.07706
1978-02-25T12:07:43,0.02255,2.2550000000000003e-05,158927060037.32336
1978-02-25T12:24:05,0.06498,6.497999999999999e-05,457963652382.4953
1978-02-25T12:24:07,0.02195,2.195e-05,154698402120.58746
1978-02-25T12:24:26,0.03346,3.3459999999999995e-05,235818156489.97064
1978-02-25T12:24:31,0.02736,2.736e-05,192826801003.15594
1978-02-25T12:24:36,0.05299,5.2990000000000006e-05,373460971679.72345
1978-02-25T12:24:36,0.04526,4.526e-05,318981762185.7763
1978-02-25T12:24:36,0.03869,3.869e-05,272677957997.51843
1978-02-25T12:30:05,0.01973,1.9730000000000003e-05,139052367828.66473
1978-02-25T12:41:29,0.02024,2.0240000000000003e-05,142646727057.89023
1978-02-25T12:52:16,0.02145,2.145e-05,151174520523.30756
1978-02-25T13:00:43,0.02568,2.568e-05,180986558836.2955
1978-02-25T13:08:55,0.02873,2.873e-05,202482236579.70285
1978-02-25T13:20:32,0.02647,2.647e-05,186554291759.9977
1978-02-25T13:38:28,0.03276,3.276e-05,230884722253.7788
1978-02-25T13:38:45,0.03845,3.845e-05,270986494830.82404
1978-02-25T13:40:03,0.05172,5.1720000000000006e-05,364510312422.63257
1978-02-25T14:01:01,0.02336,2.336e-05,164635748224.91675
1978-02-25T14:12:39,0.02493,2.493e-05,175700736440.37564
1978-02-25T15:19:45,0.03041,3.041e-05,214322478746.5633
1978-02-25T15:41:54,0.02555,2.555e-05,180070349621.00272
1978-02-25T15:44:44,0.03194,3.194e-05,225105556434.23975
1978-02-25T15:51:25,0.0323,3.2300000000000006e-05,227642751184.28137
1978-02-25T15:54:47,0.02622,2.622e-05,184792350961.35776
1978-02-25T16:09:37,0.02826,2.826e-05,199169787878.25974
1978-02-25T16:09:52,0.0323,3.2300000000000006e-05,227642751184.28137
1978-02-25T16:15:09,0.04793,4.793e-05,337799289915.2509
1978-02-25T16:20:57,0.0256,2.56e-05,180422737780.7307
1978-02-25T16:33:05,0.04192,4.192e-05,295442233115.94653
1978-02-25T17:01:34,0.02694,2.694e-05,189866740461.44083
1978-02-25T17:22:25,0.02018,2.018e-05,142223861266.2166
1978-02-25T17:26:50,0.0245,2.4500000000000003e-05,172670198266.71494
1978-02-25T17:27:57,0.04562,4.562e-05,321518956935.81775
1978-02-25T17:28:29,0.02923,2.923e-05,206006118176.9828
1978-02-25T17:29:00,0.0368,3.68e-05,259357685559.8004
1978-02-25T17:29:32,0.06693,6.693000000000001e-05,471706790611.887
1978-02-25T17:29:32,0.05732,5.732000000000001e-05,403977786312.16736
1978-02-25T17:30:04,0.04924,4.924e-05,347031859700.1242
1978-02-25T17:32:17,0.08573,8.573000000000001e-05,604204738669.6111
1978-02-25T17:43:59,0.02133,2.133e-05,150328788939.96036
1978-02-25T18:00:53,0.0228,2.28e-05,160689000835.9633
1978-02-25T18:12:16,0.0216,2.1600000000000003e-05,152231685002.49158
1978-02-25T20:40:31,0.02292,2.292e-05,161534732419.31046
1978-02-25T20:52:07,0.02411,2.411e-05,169921570620.8366
1978-02-25T21:03:44,0.02542,2.542e-05,179154140405.70993
1978-02-25T21:11:38,0.02952,2.952e-05,208049969503.4051
1978-02-25T21:20:36,0.03372,3.372e-05,237650574920.55624
1978-02-25T21:30:06,0.02863,2.863e-05,201777460260.2469
1978-02-25T21:39:36,0.02475,2.475e-05,174432139065.3549
1978-02-25T21:44:40,0.02313,2.313e-05,163014762690.168
1978-02-25T21:59:28,0.02691,2.691e-05,189655307565.60403
1978-02-25T22:01:55,0.03002,3.002e-05,211573851100.685
1978-02-25T22:17:35,0.02332,2.332e-05,164353837697.13437
1978-02-25T22:29:11,0.02305,2.305e-05,162450941634.6032
1978-02-25T22:40:48,0.02436,2.436e-05,171683511419.47656
1978-02-25T22:52:24,0.02426,2.426e-05,170978735100.0206
1978-02-25T23:04:01,0.02659,2.659e-05,187400023343.34488
1978-02-25T23:13:36,0.02978,2.9780000000000003e-05,209882387933.99063
1978-02-25T23:18:15,0.03575,3.5749999999999995e-05,251957534205.51257
1978-02-25T23:28:43,0.03946,3.9460000000000005e-05,278104735657.32947
1978-02-25T23:35:53,0.03735,3.735e-05,263233955316.80823
1978-02-25T23:38:34,0.03205,3.205e-05,225880810385.64136
1978-02-25T23:46:13,0.02691,2.691e-05,189655307565.60403
1978-02-25T23:53:04,0.02446,2.446e-05,172388287738.93256
1978-02-26T00:20:14,0.02418,2.418e-05,170414914044.4558
1978-02-26T00:31:49,0.02516,2.516e-05,177321721975.1244
1978-02-26T00:43:24,0.02641,2.641e-05,186131425968.32413
1978-02-26T00:55:52,0.02832,2.8320000000000003e-05,199592653669.93332
1978-02-26T01:06:48,0.03243,3.243e-05,228558960399.57407
1978-02-26T01:14:05,0.03698,3.698e-05,260626282934.82117
1978-02-26T01:19:54,0.02927,2.9270000000000003e-05,206288028704.76517
1978-02-26T01:32:15,0.02781,2.7810000000000003e-05,195998294440.70786
1978-02-26T01:42:29,0.02565,2.565e-05,180775125940.45868
1978-02-26T01:54:58,0.02576,2.576e-05,181550379891.86023
1978-02-26T02:04:16,0.02316,2.316e-05,163226195586.00482
1978-02-26T02:18:07,0.02481,2.481e-05,174855004857.02844
1978-02-26T02:21:19,0.02924,2.924e-05,206076595808.9283
1978-02-26T02:23:54,0.03642,3.642e-05,256679535545.86768
1978-02-26T02:24:57,0.04284,4.284e-05,301926175254.9415
1978-02-26T02:25:29,0.07194,7.194e-05,507016084216.63153
1978-02-26T02:25:29,0.05826,5.826e-05,410602683715.0535
1978-02-26T02:25:29,0.09083,9.083e-05,640148330961.866
1978-02-26T02:26:39,0.04918,4.918e-05,346608993908.4506
1978-02-26T02:34:26,0.02612,2.612e-05,184087574641.9018
1978-02-26T02:48:14,0.02364,2.364e-05,166609121919.39352
1978-02-26T03:07:35,0.02962,2.962e-05,208754745822.86108
1978-02-26T03:07:42,0.02227,2.227e-05,156953686342.8466
1978-02-26T03:22:49,0.02037,2.037e-05,143562936273.18295
1978-02-26T03:29:25,0.02206,2.206e-05,155473656071.989
1978-02-26T04:31:15,0.02285,2.285e-05,161041388995.69125
1978-02-26T05:22:09,0.02289,2.2890000000000003e-05,161323299523.47366
1978-02-26T05:28:28,0.01845,1.845e-05,130031230939.62816
1978-02-26T05:28:29,0.01351,1.351e-05,95215280758.5028
1978-02-26T05:28:59,0.02748,2.748e-05,193672532586.5031
1978-02-26T05:30:12,0.0225,2.25e-05,158574671877.59534
1978-02-26T05:30:12,0.01172,1.172e-05,82599784640.24078
1978-02-27T00:03:14,0.08303,8.303000000000001e-05,585175778044.2997
1978-02-27T00:08:13,0.04855,4.855e-05,342168903095.878
1978-02-27T00:08:29,0.04018,4.018e-05,283179125157.4125
1978-02-27T00:11:48,0.03332,3.3320000000000006e-05,234831469642.7324
1978-02-27T00:21:27,0.02856,2.856e-05,201284116836.6277
1978-02-27T00:29:54,0.02612,2.612e-05,184087574641.9018
1978-02-27T00:45:47,0.02236,2.2360000000000003e-05,157587985030.357
1978-02-27T00:57:25,0.02223,2.223e-05,156671775815.06418
1978-02-27T01:09:03,0.02364,2.364e-05,166609121919.39352
1978-02-27T01:20:41,0.02246,2.246e-05,158292761349.81296
1978-02-27T01:32:20,0.02155,2.155e-05,151879296842.76355
1978-02-27T01:43:58,0.02158,2.158e-05,152090729738.60034
1978-02-27T01:55:36,0.02125,2.125e-05,149764967884.3956
1978-02-27T02:10:25,0.02124,2.124e-05,149694490252.44998
1978-02-27T02:29:27,0.02228,2.228e-05,157024163974.79218
1978-02-27T02:38:59,0.02483,2.483e-05,174995960120.91968
1978-02-27T02:48:30,0.02862,2.862e-05,201706982628.3013
1978-02-27T02:58:01,0.03238,3.238e-05,228206572239.84607
1978-02-27T03:04:54,0.03845,3.845e-05,270986494830.82404
1978-02-27T03:14:57,0.04472,4.4720000000000006e-05,315175970060.714
1978-02-27T03:26:35,0.05025,5.025e-05,354150100526.6296
1978-02-27T03:38:13,0.05456,5.456e-05,384525959895.1823
1978-02-27T03:49:52,0.05958,5.958e-05,419905731131.8725
1978-02-27T04:01:30,0.06666,6.666e-05,469803894549.35583
1978-02-27T04:13:08,0.06943,6.943e-05,489326198598.2864
1978-02-27T04:24:15,0.06899,6.899e-05,486225182792.6801
1978-02-27T04:45:56,0.06382,6.382000000000001e-05,449788247076.8061
1978-02-27T05:07:05,0.0553,5.53e-05,389741304659.15656
1978-02-27T05:16:37,0.05234,5.234e-05,368879925603.2595
1978-02-27T06:21:09,0.04458,4.458e-05,314189283213.4756
1978-02-27T06:32:47,0.04435,4.435e-05,312568297678.72687
1978-02-27T06:44:25,0.04288,4.288e-05,302208085782.72394
1978-02-27T06:56:04,0.04206,4.206e-05,296428919963.1849
1978-02-27T07:07:59,0.04421,4.421e-05,311581610831.4884
1978-02-27T07:08:14,0.13126,0.00013126,925089396917.9185
1978-02-27T07:08:45,0.10755,0.00010755,757986931574.9058
1978-02-27T07:08:45,0.06646,6.646000000000001e-05,468394341910.4439
1978-02-27T07:09:04,0.05468,5.468e-05,385371691478.5295
1978-02-27T07:09:23,0.08274,8.274e-05,583131926717.8772
1978-02-27T07:15:06,0.04299,4.299e-05,302983339734.1255
1978-02-27T08:04:50,0.03934,3.934e-05,277259004073.98224
1978-02-27T08:21:45,0.03784,3.784e-05,266687359282.14252
1978-02-27T08:33:23,0.03658,3.6580000000000006e-05,257807177656.99725
1978-02-27T08:45:02,0.03626,3.626e-05,255551893434.73813
1978-02-27T08:53:30,0.03642,3.642e-05,256679535545.86768
1978-02-27T10:13:54,0.03417,3.417e-05,240822068358.1081
1978-02-27T10:25:32,0.03419,3.419e-05,240963023621.99927
1978-02-27T10:32:56,0.03419,3.419e-05,240963023621.99927
1978-02-27T19:11:52,0.03861,3.861e-05,272114136941.9536
1978-02-27T19:28:16,0.03369,3.369e-05,237439142024.71945
1978-02-27T19:28:48,0.04074,4.074e-05,287125872546.3659
1978-02-27T19:29:51,0.03035,3.035e-05,213899612954.8897
1978-02-27T19:56:45,0.03579,3.579e-05,252239444733.295
1978-02-27T19:59:43,0.02644,2.644e-05,186342858864.1609
1978-02-27T20:00:00,0.04103,4.103e-05,289169723872.7883
1978-02-27T20:00:14,0.04897,4.897e-05,345128963637.593
1978-02-27T20:02:49,0.03286,3.286e-05,231589498573.2348
1978-02-27T20:33:33,0.03063,3.063e-05,215872986649.3665
1978-02-27T20:34:55,0.03879,3.879e-05,273382734316.9744
1978-02-27T20:34:55,0.0437,4.3700000000000005e-05,307987251602.26294
1978-02-27T20:39:09,0.03187,3.1870000000000005e-05,224612213010.62064
1978-02-27T21:05:43,0.02553,2.553e-05,179929394357.1115
1978-02-27T21:24:45,0.03593,3.593e-05,253226131580.53333
1978-02-27T21:25:58,0.04448,4.448e-05,313484506894.0196
1978-02-27T21:26:03,0.02654,2.654e-05,187047635183.6169
1978-02-27T21:26:45,0.06202,6.202e-05,437102273326.5984
1978-02-27T21:26:45,0.0503,5.03e-05,354502488686.35754
1978-02-27T21:27:33,0.08137,8.137e-05,573476491141.3303
1978-02-27T21:30:12,0.02321,2.3210000000000003e-05,163578583745.73282
1978-02-27T21:48:58,0.02276,2.276e-05,160407090308.18088
1978-02-27T21:49:43,0.02588,2.588e-05,182396111475.20743
1978-02-27T21:52:40,0.03297,3.297e-05,232364752524.63635
1978-02-27T22:17:32,0.02391,2.391e-05,168512017981.92465
1978-02-27T22:36:03,0.02374,2.374e-05,167313898238.8495
1978-02-27T23:03:44,0.02517,2.517e-05,177392199607.06998
1978-02-27T23:03:49,0.03504,3.504e-05,246953622337.37515
1978-02-27T23:05:09,0.05874,5.874e-05,413985610048.4423
1978-02-27T23:05:09,0.04699,4.699e-05,331174392512.3646
1978-02-27T23:05:09,0.07489,7.489e-05,527806985640.5829
1978-02-27T23:05:18,0.02877,2.877e-05,202764147107.4853
1978-02-27T23:05:27,0.02169,2.169e-05,152865983690.00192
1978-02-27T23:14:40,0.02035,2.035e-05,143421981009.2918
1978-02-27T23:27:50,0.03409,3.409e-05,240258247302.54333
1978-02-27T23:29:32,0.02155,2.155e-05,151879296842.76355
1978-02-27T23:30:19,0.02887,2.887e-05,203468923426.9412
1978-02-27T23:30:45,0.0255,2.55e-05,179717961461.27472
1978-02-27T23:37:20,0.09444,9.444e-05,665590756094.2268
1978-02-27T23:40:12,0.04314,4.314e-05,304040504213.30945
1978-02-27T23:40:31,0.06071,6.071e-05,427869703541.725
1978-02-27T23:40:35,0.02673,2.673e-05,188386710190.58328
1978-02-27T23:40:41,0.02325,2.325e-05,163860494273.51517
1978-02-27T23:40:49,0.03635,3.635e-05,256186192122.24847
1978-02-27T23:41:20,0.02036,2.036e-05,143492458641.23737
1978-02-27T23:50:06,0.0216,2.1600000000000003e-05,152231685002.49158
1978-02-28T00:09:35,0.02401,2.401e-05,169216794301.38065
1978-02-28T00:19:43,0.02495,2.495e-05,175841691704.2668
1978-02-28T00:51:13,0.02574,2.574e-05,181409424627.96906
1978-02-28T00:51:28,0.0366,3.66e-05,257948132920.88843
1978-02-28T00:51:43,0.03236,3.236e-05,228065616975.9549
1978-02-28T00:59:24,0.02494,2.494e-05,175771214072.32123
1978-02-28T01:10:45,0.0208,2.08e-05,146593474446.8437
1978-02-28T01:18:58,0.02399,2.399e-05,169075839037.48944
1978-02-28T01:29:57,0.02435,2.435e-05,171613033787.53094
1978-02-28T01:38:01,0.02714,2.714e-05,191276293100.3528
1978-02-28T01:54:34,0.03193,3.193e-05,225035078802.2942
1978-02-28T02:04:29,0.02746,2.746e-05,193531577322.6119
1978-02-28T02:15:04,0.02452,2.452e-05,172811153530.6061
1978-02-28T02:26:42,0.02398,2.398e-05,169005361405.54385
1978-02-28T02:38:20,0.02321,2.3210000000000003e-05,163578583745.73282
1978-02-28T02:49:59,0.02327,2.327e-05,164001449537.40637
1978-02-28T03:01:37,0.02368,2.368e-05,166891032447.17587
1978-02-28T03:13:16,0.02248,2.248e-05,158433716613.70416
1978-02-28T03:17:36,0.01507,1.507e-05,106209791342.01608
1978-02-28T03:17:51,0.01925,1.925e-05,135669441495.27602
1978-02-28T03:18:33,0.01372,1.372e-05,96695311029.36037
1978-02-28T03:29:08,0.02264,2.264e-05,159561358724.8337
1978-02-28T03:40:15,0.01932,1.932e-05,136162784918.8952
1978-02-28T03:45:01,0.02257,2.257e-05,159068015301.21454
1978-02-28T03:59:49,0.02596,2.596e-05,182959932530.77225
1978-02-28T03:59:49,0.03913,3.913e-05,275778973803.1247
1978-02-28T03:59:49,0.06191,6.191e-05,436327019375.1967
1978-02-28T04:00:04,0.04876,4.876e-05,343648933366.73553
1978-02-28T04:11:28,0.02395,2.395e-05,168793928509.70703
1978-02-28T04:20:59,0.02254,2.254e-05,158856582405.37775
1978-02-28T04:40:34,0.02878,2.878e-05,202834624739.43088
1978-02-28T05:00:44,0.0284,2.8400000000000003e-05,200156474725.4981
1978-02-28T05:17:04,0.02957,2.957e-05,208402357663.1331
1978-02-28T05:40:21,0.03204,3.204e-05,225810332753.6957
1978-02-28T05:48:18,0.03898,3.898e-05,274721809323.94077
1978-02-28T05:57:17,0.04451,4.451e-05,313695939789.8564
1978-02-28T06:07:33,0.04379,4.3790000000000006e-05,308621550289.7734
1978-02-28T06:16:34,0.03581,3.5810000000000004e-05,252380399997.18625
1978-02-28T06:18:43,0.03307,3.307e-05,233069528844.09235
1978-02-28T06:31:09,0.03192,3.192e-05,224964601170.3486
1978-02-28T06:42:47,0.03018,3.018e-05,212701493211.8145
1978-02-28T06:54:26,0.032,3.2e-05,225528422225.91336
1978-02-28T07:06:04,0.03469,3.469e-05,244486905219.27924
1978-02-28T07:16:08,0.03875,3.875e-05,273100823789.192
1978-02-28T07:24:04,0.04383,4.383e-05,308903460817.5557
1978-02-28T07:37:41,0.05549,5.549e-05,391080379666.1229
1978-02-28T07:40:28,0.06502,6.502e-05,458245562910.2777
1978-02-28T07:58:40,0.06959,6.959e-05,490453840709.416
1978-02-28T08:05:20,0.06925,6.925e-05,488057601223.2656
1978-02-28T08:06:24,0.09318,9.318e-05,656710574469.0814
1978-02-28T08:07:23,0.05931,5.931e-05,418002835069.3413
1978-02-28T08:07:38,0.07907,7.907e-05,557266635793.8428
1978-02-28T08:15:55,0.04891,4.891e-05,344706097845.9195
1978-02-28T08:27:33,0.04686,4.686e-05,330258183297.072
1978-02-28T08:38:40,0.04466,4.466e-05,314753104269.04034
1978-02-28T09:07:14,0.04664,4.664e-05,328707675394.26874
1978-02-28T09:18:21,0.03943,3.943e-05,277893302761.4926
1978-02-28T09:27:53,0.03591,3.591e-05,253085176316.64212
1978-02-28T09:43:45,0.03333,3.333e-05,234901947274.67792
1978-02-28T09:55:51,0.0353,3.53e-05,248786040767.96063
1978-02-28T09:56:34,0.04434,4.434e-05,312497820046.78125
1978-02-28T09:56:59,0.05115,5.115e-05,360493087401.7334
1978-02-28T10:07:02,0.0326,3.26e-05,229757080142.64923
1978-02-28T10:18:40,0.03135,3.135e-05,220947376149.44952
1978-02-28T10:30:19,0.03285,3.285e-05,231519020941.2892
1978-02-28T10:42:02,0.03307,3.307e-05,233069528844.09235
1978-02-28T10:45:08,0.03957,3.957e-05,278879989608.731
1978-02-28T10:53:36,0.03155,3.155e-05,222356928788.36145
1978-02-28T11:46:30,0.02696,2.6960000000000003e-05,190007695725.3321
1978-02-28T11:56:09,0.02835,2.835e-05,199804086565.7701
1978-02-28T11:59:12,0.03446,3.446e-05,242865919684.5305
1978-02-28T11:59:44,0.04309,4.309e-05,303688116053.5815
1978-02-28T11:59:47,0.0938,9.38e-05,661080187649.7086
1978-02-28T12:00:16,0.0555,5.55e-05,391150857298.0685
1978-02-28T12:00:16,0.03094,3.094e-05,218057793239.68
1978-02-28T12:00:37,0.06594,6.594e-05,464729505049.2727
1978-02-28T12:38:21,0.0252,2.52e-05,177603632502.90677
1978-02-28T12:50:00,0.02554,2.554e-05,179999871989.0571
1978-02-28T13:01:38,0.02479,2.479e-05,174714049593.13727
1978-02-28T17:14:33,0.02905,2.905e-05,204737520801.962
1978-02-28T17:14:47,0.03415,3.415e-05,240681113094.21692
1978-02-28T17:15:05,0.05194,5.194e-05,366060820325.4356
1978-02-28T17:15:05,0.04454,4.454e-05,313907372685.6932
1978-02-28T17:15:37,0.04152,4.152e-05,292623127838.1226
1978-02-28T17:16:17,0.06531,6.531000000000001e-05,460289414236.7001
1978-02-28T17:18:12,0.09301,9.301e-05,655512454726.0063
1978-02-28T17:19:16,0.12293,0.00012293,866381529507.2354
1978-02-28T17:19:51,0.18342,0.00018342,1292700725146.1572
1978-02-28T17:20:09,0.15372,0.00015372,1083382158267.7314
1978-02-28T17:21:26,0.21915,0.00021915,1544517304087.7786
1978-02-28T17:24:41,0.27512,0.0002751199999999,1938980610087.29
1978-02-28T17:26:51,0.33334,0.00033334,2349301383274.562
1978-02-28T17:29:59,0.40407,0.0004040699999999,2847789674025.7754
1978-02-28T17:32:15,0.48677,0.00048677,3430639690215.87
1978-02-28T17:35:35,0.58493,0.00058493,4122448125393.8594
1978-02-28T17:39:11,0.71246,0.00071246,5021249365596.07
1978-02-28T17:46:18,0.62519,0.00062519,4406191071606.838
1978-02-28T17:47:00,0.49304,0.00049304,3474829165445.7607
1978-02-28T17:47:53,0.39739,0.00039739,2800710615886.116
1978-02-28T17:50:55,0.32559,0.00032559,2294681218516.723
1978-02-28T17:53:06,0.26952,0.00026952,1899513136197.7556
1978-02-28T17:57:22,0.23832,0.00023832,1679622924527.49
1978-02-28T18:02:40,0.32554,0.00032554,2294328830356.995
1978-02-28T18:08:32,0.26287,0.00026287,1852645510953.9329
1978-02-28T18:12:46,0.22892,0.00022892,1613373950498.6282
1978-02-28T18:15:35,0.19152,0.00019152,1349787607022.0916
1978-02-28T18:16:59,0.16056,0.00016056,1131588858518.5205
1978-02-28T18:18:51,0.13251,0.00013251,933899100911.118
1978-02-28T18:20:19,0.10608,0.00010608,747626719678.9028
1978-02-28T18:24:44,0.09007,9.007e-05,634792030934.0006
1978-02-28T18:27:47,0.07121,7.120999999999999e-05,501871217084.6028
1978-02-28T18:29:41,0.06367,6.367e-05,448731082597.6221
1978-02-28T18:32:52,0.07639,7.639e-05,538378630432.4226
1978-02-28T18:35:38,0.10209,0.00010209,719506144532.6093
1978-02-28T18:45:41,0.11355,0.00011355,800273510742.2644
1978-02-28T18:47:41,0.18471,0.00018471,1301792339667.1394
1978-02-28T18:48:02,0.35969,0.00035969,2535009943451.212
1978-02-28T18:49:02,0.15335,0.00015335,1080774485885.744
1978-02-28T18:49:12,0.20954,0.00020954,1476788299788.059
1978-02-28T18:50:00,0.12406,0.00012406,874345501917.0879
1978-02-28T18:55:59,0.14236,0.0001423599999999,1003319568377.532
1978-02-28T18:59:56,0.10515,0.00010515,741072299907.9622
1978-02-28T19:01:08,0.08545,8.545e-05,602231364975.1343
1978-02-28T19:01:44,0.06983,6.983e-05,492145303876.1104
1978-02-28T19:02:30,0.36808,0.00036808,2594140676653.569
1978-02-28T19:03:01,0.20185,0.00020185,1422591000821.894
1978-03-01T01:33:27,0.01489,1.489e-05,104941193966.99532
1978-03-01T01:34:25,0.0191,1.91e-05,134612277016.09204
1978-03-01T01:38:06,0.02556,2.556e-05,180140827252.9483
1978-03-01T01:50:21,0.02802,2.802e-05,197478324711.56537
1978-03-01T02:02:08,0.02926,2.926e-05,206217551072.81955
1978-03-01T02:13:18,0.03109,3.109e-05,219114957718.864
1978-03-01T02:17:08,0.03633,3.633e-05,256045236858.35727
1978-03-01T02:41:09,0.03416,3.4160000000000005e-05,240751590726.16257
1978-03-01T02:44:38,0.02749,2.7490000000000003e-05,193743010218.44876
1978-03-01T02:48:45,0.02339,2.339e-05,164847181120.75357
1978-03-01T02:55:04,0.02713,2.7130000000000003e-05,191205815468.4072
1978-03-01T03:10:50,0.02442,2.442e-05,172106377211.15015
1978-03-01T03:51:51,0.02247,2.247e-05,158363238981.75854
1978-03-01T04:13:55,0.02296,2.296e-05,161816642947.09286
1978-03-01T04:43:54,0.0239,2.39e-05,168441540349.97906
1978-03-01T04:55:41,0.02302,2.302e-05,162239508738.76645
1978-03-01T05:07:53,0.02307,2.307e-05,162591896898.49442
1978-03-01T05:16:34,0.01886,1.886e-05,132920813849.39767
1978-03-01T05:35:51,0.02179,2.179e-05,153570760009.4579
1978-03-01T07:38:31,0.03112,3.112e-05,219326390614.70078
1978-03-01T08:23:49,0.02563,2.563e-05,180634170676.5675
1978-03-01T08:46:00,0.03337,3.337e-05,235183857802.46027
1978-03-01T08:52:08,0.04027,4.027e-05,283813423844.92285
1978-03-01T08:59:56,0.04278,4.278e-05,301503309463.2679
1978-03-01T10:02:04,0.05335,5.335e-05,375998166429.76495
1978-03-01T10:03:44,0.0433,4.33e-05,305168146324.439
1978-03-01T10:11:57,0.03616,3.616e-05,254847117115.2821
1978-03-01T10:16:56,0.04479,4.479e-05,315669313484.3332
1978-03-01T10:22:25,0.03785,3.7850000000000005e-05,266757836914.0882
1978-03-01T10:32:28,0.03606,3.606e-05,254142340795.82617
1978-03-01T10:34:40,0.04643,4.643e-05,327227645123.4112
1978-03-01T10:40:21,0.1313,0.0001313,925371307445.7008
1978-03-01T10:57:41,0.22751,0.00022751,1603436604394.2983
1978-03-01T11:22:56,0.18432,0.00018432,1299043712021.2612
1978-03-01T11:27:40,0.15569,0.00015569,1097266251761.0142
1978-03-01T11:33:58,0.18438,0.00018438,1299466577812.9346
1978-03-01T11:37:07,0.09184,9.184e-05,647266571788.3715
1978-03-01T11:41:51,0.06979,6.979000000000001e-05,491863393348.328
1978-03-01T11:49:44,0.07758,7.758e-05,546765468633.9487
1978-03-01T11:52:54,0.05418,5.418e-05,381847809881.2496
1978-03-01T11:59:12,0.08625,8.625e-05,607869575530.7821
1978-03-01T12:08:16,0.0574,5.74e-05,404541607367.7321
1978-03-01T12:12:46,0.06318,6.318e-05,445277678632.2877
1978-03-01T12:29:03,0.05534,5.534e-05,390023215186.93896
1978-03-01T12:34:39,0.04722,4.722e-05,332795378047.1134
1978-03-01T12:38:23,0.03889,3.889e-05,274087510636.4304
1978-03-01T12:44:57,0.03557,3.557e-05,250688936830.49185
1978-03-01T12:49:40,0.03953,3.953e-05,278598079080.9486
1978-03-01T12:54:11,0.03405,3.405e-05,239976336774.76096
1978-03-01T13:07:01,0.04214,4.214e-05,296992741018.7497
1978-03-01T13:10:11,0.03136,3.136e-05,221017853781.39508
1978-03-01T13:14:55,0.04127,4.127e-05,290861187039.48267
1978-03-01T13:21:13,0.03486,3.486e-05,245685024962.3544
1978-03-01T13:39:32,0.02802,2.802e-05,197478324711.56537
1978-03-01T13:47:34,0.02693,2.693e-05,189796262829.4952
1978-03-01T14:45:30,0.02612,2.612e-05,184087574641.9018
1978-03-01T14:51:07,0.01778,1.7780000000000003e-05,125309229599.27312
1978-03-01T14:54:16,0.0289,2.89e-05,203680356322.778
1978-03-01T14:57:26,0.02441,2.441e-05,172035899579.20456
1978-03-01T15:26:07,0.03383,3.383e-05,238425828871.9578
1978-03-01T15:37:41,0.03424,3.424e-05,241315411781.7273
1978-03-01T15:43:48,0.03233,3.233e-05,227854184080.1181
1978-03-01T15:59:52,0.0277,2.77e-05,195223040489.30624
1978-03-01T17:26:06,0.03435,3.435e-05,242090665733.1289
1978-03-01T17:38:26,0.04502,4.502e-05,317290299019.08185
1978-03-01T17:39:53,0.03439,3.4389999999999994e-05,242372576260.91125
1978-03-01T17:47:32,0.034,3.4000000000000007e-05,239623948615.03305
1978-03-01T19:52:22,0.04449,4.449e-05,313554984525.9652
1978-03-01T19:59:29,0.03427,3.427e-05,241526844677.5641
1978-03-01T20:12:09,0.04462,4.462e-05,314471193741.258
1978-03-01T20:14:27,0.03455,3.455e-05,243500218372.04083
1978-03-01T20:17:36,0.04091,4.091e-05,288323992289.4411
1978-03-01T20:26:05,0.03801,3.801e-05,267885479025.2177
1978-03-01T20:28:13,0.03322,3.322e-05,234126693323.2763
1978-03-01T20:45:31,0.03214,3.214e-05,226515109073.15173
1978-03-01T21:54:28,0.03237,3.2370000000000003e-05,228136094607.9005
1978-03-01T22:03:45,0.03635,3.635e-05,256186192122.24847
1978-03-01T22:09:13,0.0435,4.35e-05,306577698963.351
1978-03-01T22:16:58,0.06158,6.158e-05,434001257520.99207
1978-03-01T22:19:03,0.0476,4.7600000000000005e-05,335473528061.0462
1978-03-01T22:25:22,0.03774,3.774e-05,265982582962.68655
1978-03-01T22:42:40,0.03667,3.667e-05,258441476344.50763
1978-03-01T23:14:48,0.03646,3.646e-05,256961446073.65005
1978-03-01T23:25:18,0.04114,4.114e-05,289944977824.1899
1978-03-01T23:30:01,0.03475,3.4750000000000004e-05,244909771010.95285
1978-03-01T23:40:15,0.03625,3.625e-05,255481415802.7925
1978-03-01T23:50:10,0.03683,3.6830000000000005e-05,259569118455.6372
1978-03-01T23:57:39,0.03671,3.671e-05,258723386872.29
1978-03-02T00:26:57,0.17422,0.00017422,1227861303756.2073
1978-03-02T00:29:19,0.0631,6.31e-05,444713857576.7229
1978-03-02T00:47:28,0.03497,3.497e-05,246460278913.75595
1978-03-02T00:58:41,0.03563,3.563e-05,251111802622.16547
1978-03-02T01:18:27,0.03503,3.503e-05,246883144705.42957
1978-03-02T01:28:03,0.0324,3.24e-05,228347527503.7373
1978-03-02T01:48:53,0.03024,3.024e-05,213124359003.48813
1978-03-02T01:52:05,0.02627,2.627e-05,185144739121.08572
1978-03-02T02:19:33,0.03314,3.3140000000000005e-05,233562872267.7116
1978-03-02T07:48:45,0.02868,2.868e-05,202129848419.97485
1978-03-02T09:45:42,0.03022,3.022e-05,212983403739.59692
1978-03-02T10:03:51,0.0288,2.88e-05,202975580003.32205
1978-03-02T10:33:13,0.02872,2.872e-05,202411758947.75723
1978-03-02T10:47:06,0.02981,2.981e-05,210093820829.82745
1978-03-02T11:19:40,0.03378,3.378e-05,238073440712.22977
1978-03-02T11:31:25,0.03817,3.817e-05,269013121136.3473
1978-03-02T11:37:47,0.04351,4.351e-05,306648176595.29663
1978-03-02T11:48:53,0.03517,3.5170000000000004e-05,247869831552.66797
1978-03-02T11:56:49,0.03998,3.998e-05,281769572518.50055
1978-03-02T12:05:35,0.03763,3.763e-05,265207329011.285
1978-03-02T12:19:01,0.03673,3.673e-05,258864342136.1812
1978-03-02T12:36:33,0.03709,3.709e-05,261401536886.2227
1978-03-02T12:42:58,0.03614,3.614e-05,254706161851.3909
1978-03-02T13:01:39,0.03722,3.7220000000000006e-05,262317746101.51556
1978-03-02T13:46:44,0.04148,4.148e-05,292341217310.3403
1978-03-02T13:55:19,0.03843,3.843e-05,270845539566.9329
1978-03-02T14:06:15,0.03712,3.712e-05,261612969782.05957
1978-03-02T14:13:12,0.04189,4.189e-05,295230800220.10974
1978-03-02T14:18:00,0.03641,3.641e-05,256609057913.9221
1978-03-02T14:29:45,0.03528,3.528e-05,248645085504.0695
1978-03-02T14:39:54,0.03834,3.834e-05,270211240879.42245
1978-03-02T14:58:53,0.03674,3.674e-05,258934819768.1268
1978-03-02T15:10:20,0.03649,3.6490000000000005e-05,257172878969.48685
1978-03-02T15:22:05,0.03801,3.801e-05,267885479025.2177
1978-03-02T15:32:45,0.04813,4.813e-05,339208842554.16284
1978-03-02T15:37:02,0.03293,3.2930000000000005e-05,232082841996.85403
1978-03-02T15:53:03,0.0376,3.76e-05,264995896115.4482
1978-03-02T16:03:44,0.03748,3.748e-05,264150164532.10104
1978-03-02T16:28:17,0.04103,4.103e-05,289169723872.7883
1978-03-02T16:40:02,0.04273,4.273e-05,301150921303.54
1978-03-02T16:51:47,0.04317,4.317e-05,304251937109.1463
1978-03-02T17:03:32,0.03965,3.965e-05,279443810664.29584
1978-03-02T17:12:36,0.03604,3.604e-05,254001385531.93497
1978-03-02T17:41:58,0.04419,4.419e-05,311440655567.5972
1978-03-02T18:05:28,0.04273,4.273e-05,301150921303.54
1978-03-02T18:23:05,0.04291,4.291e-05,302419518678.5607
1978-03-02T19:35:09,0.06478,6.478e-05,456554099743.5834
1978-03-02T19:39:54,0.07207,7.206999999999999e-05,507932293431.92426
1978-03-02T19:43:05,0.05348,5.348e-05,376914375645.05774
1978-03-02T19:49:25,0.0621,6.21e-05,437666094382.1632
1978-03-02T20:05:17,0.05584,5.584e-05,393547096784.2189
1978-03-02T21:24:06,0.06932,6.932000000000001e-05,488550944646.8849
1978-03-02T21:28:16,0.05475,5.475e-05,385865034902.1487
1978-03-02T21:39:03,0.04609,4.609e-05,324831405637.2608
1978-03-02T21:45:11,0.04245,4.245e-05,299177547609.06323
1978-03-02T21:56:17,0.04826,4.826e-05,340125051769.4556
1978-03-03T00:26:09,0.05072,5.072e-05,357462549228.0727
1978-03-03T00:37:55,0.04891,4.891e-05,344706097845.9195
1978-03-03T00:49:47,0.05445,5.445e-05,383750705943.7807
1978-03-03T01:01:35,0.0537,5.37e-05,378464883547.8608
1978-03-03T01:13:21,0.05135,5.135e-05,361902640040.6454
1978-03-03T01:23:59,0.05883,5.883e-05,414619908735.95264
1978-03-03T01:38:47,0.07323,7.323e-05,516107698737.6137
1978-03-03T02:11:09,0.04366,4.366e-05,307705341074.4805
1978-03-03T02:28:16,0.04184,4.1840000000000006e-05,294878412060.3818
1978-03-03T02:40:04,0.04194,4.194e-05,295583188379.83777
1978-03-03T02:51:51,0.04123,4.123e-05,290579276511.70026
1978-03-03T03:13:39,0.04007,4.007e-05,282403871206.0109
1978-03-03T13:13:57,0.04703,4.703e-05,331456303040.14703
1978-03-03T13:25:40,0.04146,4.146e-05,292200262046.44904
1978-03-03T13:37:24,0.03758,3.758e-05,264854940851.55704
1978-03-03T14:12:49,0.03976,3.976e-05,280219064615.6973
1978-03-03T14:24:35,0.03753,3.753e-05,264502552691.82904
1978-03-03T14:36:58,0.03469,3.469e-05,244486905219.27924
1978-03-03T14:48:08,0.03525,3.525e-05,248433652608.23267
1978-03-03T14:57:48,0.03607,3.607e-05,254212818427.7717
1978-03-03T15:26:44,0.03548,3.548e-05,250054638142.98145
1978-03-03T16:18:40,0.03117,3.117e-05,219678778774.42877
1978-03-03T17:44:07,0.04119,4.119e-05,290297365983.91785
1978-03-03T18:07:30,0.03077,3.077e-05,216859673496.60483
1978-03-03T18:19:17,0.03007,3.007e-05,211926239260.41296
1978-03-03T19:01:33,0.0577,5.77e-05,406655936326.1
1978-03-03T19:12:32,0.05685,5.685e-05,400665337610.7242
1978-03-03T19:19:40,0.07064,7.064e-05,497853992063.7038
1978-03-03T19:24:28,0.08434,8.434e-05,594408347829.1729
1978-03-03T19:35:03,0.09255,9.255e-05,652270483656.5089
1978-03-03T19:46:48,0.07761,7.761e-05,546976901529.7855
1978-03-03T19:56:21,0.06702,6.701999999999999e-05,472341089299.3973
1978-03-03T00:07:21,0.04774,4.774e-05,336460214908.2845
1978-03-03T00:15:17,0.05305,5.305e-05,373883837471.397
1978-03-03T00:54:39,0.05892,5.892e-05,415254207423.46295
1978-03-03T01:32:37,0.08257,8.257e-05,581933806974.8021
1978-03-03T01:51:09,0.05078,5.078e-05,357885415019.7463
1978-03-03T02:56:59,0.03855,3.855e-05,271691271150.28003
1978-03-03T03:23:43,0.03936,3.936e-05,277399959337.8735
1978-03-03T03:30:04,0.04282,4.282e-05,301785219991.0503
1978-03-03T03:34:40,0.03616,3.616e-05,254847117115.2821
1978-03-03T03:41:02,0.04019,4.019e-05,283249602789.3581
1978-03-03T03:47:15,0.03616,3.616e-05,254847117115.2821
1978-03-03T03:52:04,0.04192,4.192e-05,295442233115.94653
1978-03-03T04:01:24,0.03692,3.692e-05,260203417143.14752
1978-03-03T13:50:49,0.03157,3.1570000000000004e-05,222497884052.2527
1978-03-03T13:54:07,0.039,3.9e-05,274862764587.8319
1978-03-03T18:32:10,0.02951,2.9510000000000004e-05,207979491871.4595
1978-03-03T18:48:24,0.0618,6.18e-05,435551765423.7952
1978-03-03T18:40:17,0.04226,4.226e-05,297838472602.09686
1978-03-03T20:13:12,0.05437,5.437e-05,383186884888.216
1978-03-03T22:37:30,0.03338,3.338e-05,235254335434.40588
1978-03-03T22:45:14,0.0276,2.76e-05,194518264169.85028
1978-03-03T22:49:44,0.02053,2.053e-05,144690578384.31256
1978-03-03T22:56:14,0.02759,2.759e-05,194447786537.90472
1978-03-04T00:04:38,0.02912,2.912e-05,205230864225.58115
1978-03-04T00:16:59,0.02982,2.982e-05,210164298461.77304
1978-03-04T00:25:01,0.03198,3.198e-05,225387466962.0222
1978-03-04T00:37:52,0.05157,5.157e-05,363453147943.4485
1978-03-04T00:43:38,0.06318,6.318e-05,445277678632.2877
1978-03-04T00:47:55,0.07792,7.792e-05,549161708120.0991
1978-03-04T00:51:33,0.09653,9.653e-05,680320581170.8569
1978-03-04T00:58:40,0.10796,0.00010796,760876514484.6752
1978-03-04T01:14:18,0.08982,8.982e-05,633030090135.3606
1978-03-04T01:19:04,0.07411,7.411e-05,522309730348.82623
1978-03-04T01:24:51,0.06092,6.0920000000000006e-05,429349733812.5826
1978-03-04T01:32:45,0.05148,5.148e-05,362818849255.9381
1978-03-04T01:43:41,0.04772,4.772e-05,336319259644.39325
1978-03-04T01:55:28,0.04279,4.279e-05,301573787095.2135
1978-03-04T02:07:14,0.04114,4.114e-05,289944977824.1899
1978-03-04T02:16:20,0.03866,3.866e-05,272466525101.6816
1978-03-04T02:34:24,0.04401,4.401e-05,310172058192.57654
1978-03-04T02:40:25,0.07065,7.065000000000001e-05,497924469695.6494
1978-03-04T02:49:57,0.09551,9.551e-05,673131862712.4058
1978-03-04T03:03:51,0.08439,8.439000000000001e-05,594760735988.901
1978-03-04T03:13:07,0.05949,5.949e-05,419271432444.36206
1978-03-04T03:20:51,0.07456,7.456e-05,525481223786.37823
1978-03-04T03:27:31,0.06619,6.619e-05,466491445847.9127
1978-03-04T03:39:17,0.05832,5.832e-05,411025549506.7271
1978-03-04T03:50:24,0.05333,5.3330000000000006e-05,375857211165.8738
1978-03-04T04:01:01,0.04738,4.738e-05,333923020158.2429
1978-03-04T04:08:45,0.04363,4.363e-05,307493908178.64374
1978-03-04T04:11:50,0.05249,5.249e-05,369937090082.44354
1978-03-04T04:18:53,0.04096,4.096e-05,288676380449.1691
1978-03-04T04:30:40,0.03856,3.856e-05,271761748782.2256
1978-03-04T04:42:26,0.03617,3.617e-05,254917594747.2277
1978-03-04T04:49:24,0.03601,3.601e-05,253789952636.09818
1978-03-04T06:14:29,0.03139,3.139e-05,221229286677.2319
1978-03-04T06:26:16,0.03104,3.104e-05,218762569559.136
1978-03-04T06:38:02,0.03115,3.115e-05,219537823510.53757
1978-03-04T06:47:40,0.03121,3.121e-05,219960689302.21115
1978-03-04T09:15:23,0.03397,3.397e-05,239412515719.1962
1978-03-04T09:27:09,0.03286,3.286e-05,231589498573.2348
1978-03-04T09:39:23,0.02807,2.807e-05,197830712871.2934
1978-03-04T09:40:56,0.03377,3.3770000000000004e-05,238002963080.28424
1978-03-04T09:50:10,0.03745,3.745e-05,263938731636.26425
1978-03-04T16:53:30,0.02946,2.946e-05,207627103711.73148
1978-03-04T17:03:08,0.02838,2.838e-05,200015519461.60693
1978-03-04T17:19:11,0.02902,2.902e-05,204526087906.1252
1978-03-04T17:30:57,0.02847,2.847e-05,200649818149.1173
1978-03-04T17:41:50,0.02995,2.9950000000000003e-05,211080507677.06583
1978-03-04T17:48:05,0.03614,3.614e-05,254706161851.3909
1978-03-04T17:53:50,0.04345,4.3450000000000006e-05,306225310803.62305
1978-03-04T18:00:45,0.05183,5.183e-05,365285566374.0341
1978-03-04T18:12:42,0.04838,4.838e-05,340970783352.8028
1978-03-04T18:24:39,0.04199,4.199e-05,295935576539.5657
1978-03-04T18:35:11,0.03823,3.823e-05,269435986928.02087
1978-03-04T18:46:57,0.0352,3.52e-05,248081264448.50476
1978-03-04T18:58:44,0.03251,3.251e-05,229122781455.13885
1978-03-04T19:10:30,0.031,3.1e-05,218480659031.3536
1978-03-04T19:22:17,0.03046,3.0460000000000003e-05,214674866906.2913
1978-03-04T19:32:59,0.03044,3.044e-05,214533911642.4001
1978-03-04T19:49:02,0.03123,3.1230000000000004e-05,220101644566.1024
1978-03-04T19:58:40,0.03073,3.073e-05,216577762968.8224
1978-03-04T20:23:17,0.03187,3.1870000000000005e-05,224612213010.62064
1978-03-04T20:35:04,0.03205,3.205e-05,225880810385.64136
1978-03-04T20:46:50,0.03011,3.011e-05,212208149788.19537
1978-03-04T20:58:37,0.02918,2.918e-05,205653730017.2548
1978-03-04T21:19:32,0.02844,2.844e-05,200438385253.2805
1978-03-04T21:30:43,0.0273,2.7300000000000003e-05,192403935211.4824
1978-03-04T21:51:03,0.02936,2.936e-05,206922327392.2755
1978-03-04T22:10:19,0.02811,2.811e-05,198112623399.07578
1978-03-04T22:26:23,0.02829,2.829e-05,199381220774.09653
1978-03-04T22:40:05,0.02868,2.868e-05,202129848419.97485
1978-03-04T22:51:43,0.02844,2.844e-05,200438385253.2805
1978-03-04T23:01:42,0.02894,2.894e-05,203962266850.5604
1978-03-04T23:10:16,0.02829,2.829e-05,199381220774.09653
1978-03-04T23:21:22,0.02474,2.4740000000000004e-05,174361661433.4093
1978-03-04T23:27:33,0.02856,2.856e-05,201284116836.6277
1978-03-04T23:39:10,0.03039,3.039e-05,214181523482.6721
1978-03-04T23:49:52,0.02923,2.923e-05,206006118176.9828
1978-03-05T00:04:39,0.03033,3.033e-05,213758657690.9985
1978-03-05T00:17:29,0.03051,3.051e-05,215027255066.0193
1978-03-05T00:28:54,0.032,3.2e-05,225528422225.91336
1978-03-05T00:39:19,0.0348,3.48e-05,245262159170.6808
1978-03-05T00:50:15,0.03464,3.464e-05,244134517059.5512
1978-03-05T01:02:00,0.03221,3.2210000000000005e-05,227008452496.77097
1978-03-05T01:10:00,0.03215,3.2149999999999995e-05,226585586705.0973
1978-03-05T01:39:21,0.03274,3.274e-05,230743766989.88763
1978-03-05T01:48:58,0.03242,3.242e-05,228488482767.62848
1978-03-05T02:12:27,0.03192,3.192e-05,224964601170.3486
1978-03-05T02:38:04,0.03205,3.205e-05,225880810385.64136
1978-03-05T02:59:25,0.03319,3.319e-05,233915260427.4395
1978-03-05T03:17:34,0.03505,3.505e-05,247024099969.3207
1978-03-05T03:30:15,0.03532,3.532e-05,248926996031.8519
1978-03-05T03:41:41,0.0344,3.44e-05,242443053892.8569
1978-03-05T03:53:26,0.03197,3.197e-05,225316989330.07657
1978-03-05T04:03:28,0.03047,3.047e-05,214745344538.2369
1978-03-05T04:55:46,0.04001,4.001e-05,281981005414.3373
1978-03-05T05:37:56,0.03975,3.975e-05,280148586983.7518
1978-03-05T05:50:44,0.03839,3.839e-05,270563629039.15045
1978-03-05T06:07:17,0.03778,3.778e-05,266264493490.46896
1978-03-05T06:17:26,0.03679,3.6790000000000005e-05,259287207927.85483
1978-03-05T06:40:23,0.03434,3.434e-05,242020188101.1833
1978-03-05T06:52:07,0.03475,3.4750000000000004e-05,244909771010.95285
1978-03-05T06:59:04,0.03345,3.345e-05,235747678858.02505
1978-03-05T07:22:33,0.03203,3.203e-05,225739855121.75015
1978-03-05T07:42:03,0.03444,3.444e-05,242724964420.63928
1978-03-05T07:56:38,0.03185,3.185e-05,224471257746.72943
1978-03-05T08:06:51,0.03264,3.2640000000000006e-05,230038990670.43167
1978-03-05T08:18:35,0.03285,3.285e-05,231519020941.2892
1978-03-05T08:26:35,0.03186,3.186e-05,224541735378.67505
1978-03-05T08:54:53,0.03059,3.059e-05,215591076121.58405
1978-03-05T09:02:53,0.02954,2.954e-05,208190924767.2963
1978-03-05T09:14:06,0.0297,2.97e-05,209318566878.42584
1978-03-05T09:57:52,0.03065,3.065e-05,216013941913.2577
1978-03-05T10:08:00,0.03309,3.309e-05,233210484107.9836
1978-03-05T11:53:00,0.03661,3.661e-05,258018610552.834
1978-03-05T12:00:46,0.04151,4.151e-05,292552650206.17706
1978-03-05T12:08:05,0.03607,3.607e-05,254212818427.7717
1978-03-05T12:19:50,0.03289,3.2890000000000005e-05,231800931469.0716
1978-03-05T12:31:34,0.03262,3.262e-05,229898035406.54047
1978-03-05T12:42:43,0.05226,5.226e-05,368316104547.6948
1978-03-05T12:47:22,0.04514,4.514e-05,318136030602.4291
1978-03-05T12:54:15,0.03911,3.911e-05,275638018539.23346
1978-03-05T13:03:43,0.04871,4.8710000000000006e-05,343296545207.0076
1978-03-05T13:23:15,0.03851,3.851e-05,271409360622.49765
1978-03-05T13:34:03,0.04534,4.534e-05,319545583241.34094
1978-03-05T13:44:33,0.04264,4.264e-05,300516622616.02954
1978-03-05T13:55:54,0.03796,3.796e-05,267533090865.48972
1978-03-05T14:07:39,0.03607,3.607e-05,254212818427.7717
1978-03-05T14:19:23,0.03475,3.4750000000000004e-05,244909771010.95285
1978-03-05T14:31:08,0.03383,3.383e-05,238425828871.9578
1978-03-05T14:42:52,0.03359,3.359e-05,236734365705.26343
1978-03-05T14:54:37,0.03215,3.2149999999999995e-05,226585586705.0973
1978-03-05T15:06:21,0.03213,3.213e-05,226444631441.2061
1978-03-05T15:18:06,0.03159,3.159e-05,222638839316.14383
1978-03-05T15:29:50,0.03161,3.161e-05,222779794580.03503
1978-03-05T15:41:35,0.03217,3.217e-05,226726541968.98853
1978-03-05T15:53:19,0.03612,3.612e-05,254565206587.49973
1978-03-05T16:05:04,0.03348,3.3480000000000005e-05,235959111753.8619
1978-03-05T16:13:04,0.03203,3.203e-05,225739855121.75015
1978-03-06T00:39:26,0.03459,3.4590000000000006e-05,243782128899.8233
1978-03-06T00:51:09,0.03405,3.405e-05,239976336774.76096
1978-03-06T01:02:52,0.03393,3.393e-05,239130605191.4138
1978-03-06T01:14:35,0.03393,3.393e-05,239130605191.4138
1978-03-06T01:26:18,0.03403,3.403e-05,239835381510.8697
1978-03-06T01:38:01,0.03441,3.4410000000000004e-05,242513531524.8025
1978-03-06T01:51:36,0.04246,4.246e-05,299248025241.0088
1978-03-06T01:58:15,0.06268,6.268e-05,441753797035.0078
1978-03-06T02:39:39,0.04524,4.524e-05,318840806921.8851
1978-03-06T02:47:40,0.03989,3.9890000000000006e-05,281135273830.9902
1978-03-06T02:58:58,0.03638,3.638e-05,256397625018.08527
1978-03-06T03:10:41,0.03478,3.478e-05,245121203906.7896
1978-03-06T03:22:24,0.03503,3.503e-05,246883144705.42957
1978-03-06T03:34:07,0.03387,3.387e-05,238707739399.74017
1978-03-06T03:45:50,0.03352,3.3520000000000004e-05,236241022281.6443
1978-03-06T03:57:33,0.03392,3.392e-05,239060127559.46817
1978-03-06T04:09:16,0.03658,3.6580000000000006e-05,257807177656.99725
1978-03-06T04:16:11,0.03604,3.604e-05,254001385531.93497
1978-03-06T05:04:39,0.0382,3.82e-05,269224554032.18408
1978-03-06T05:23:50,0.03419,3.419e-05,240963023621.99927
1978-03-06T05:35:33,0.03393,3.393e-05,239130605191.4138
1978-03-06T05:47:16,0.03407,3.4070000000000004e-05,240117292038.65216
1978-03-06T05:58:59,0.03403,3.403e-05,239835381510.8697
1978-03-06T06:10:42,0.03322,3.322e-05,234126693323.2763
1978-03-06T06:22:25,0.03282,3.282e-05,231307588045.4524
1978-03-06T06:34:08,0.03332,3.3320000000000006e-05,234831469642.7324
1978-03-06T06:46:12,0.03387,3.387e-05,238707739399.74017
1978-03-06T06:57:46,0.03437,3.437e-05,242231620997.02008
1978-03-06T07:08:55,0.03809,3.809e-05,268449300080.78253
1978-03-06T07:15:08,0.03766,3.766e-05,265418761907.12183
1978-03-06T07:24:11,0.03574,3.574e-05,251887056573.567
1978-03-06T07:33:15,0.03693,3.693e-05,260273894775.09317
1978-03-06T07:50:49,0.04067,4.067e-05,286632529122.7468
1978-03-06T08:02:32,0.03807,3.807e-05,268308344816.89133
1978-03-06T08:14:15,0.03801,3.801e-05,267885479025.2177
1978-03-06T08:25:58,0.03669,3.669e-05,258582431608.3988
1978-03-06T08:35:33,0.03566,3.566e-05,251323235518.0022
1978-03-06T08:35:33,0.02874,2.8740000000000003e-05,202552714211.64847
1978-03-06T08:52:36,0.03564,3.564e-05,251182280254.111
1978-03-06T09:04:19,0.03459,3.4590000000000006e-05,243782128899.8233
1978-03-06T09:16:02,0.03612,3.612e-05,254565206587.49973
1978-03-06T09:27:45,0.03668,3.668e-05,258511953976.4532
1978-03-06T09:39:28,0.0343,3.43e-05,241738277573.4009
1978-03-06T09:51:11,0.03626,3.626e-05,255551893434.73813
1978-03-06T10:07:10,0.03413,3.413e-05,240540157830.3257
1978-03-06T10:14:05,0.03311,3.311e-05,233351439371.8748
1978-03-06T10:33:58,0.03259,3.2590000000000005e-05,229686602510.70367
1978-03-06T10:50:39,0.03252,3.252e-05,229193259087.08447
1978-03-06T11:02:33,0.03497,3.497e-05,246460278913.75595
1978-03-06T11:27:24,0.04425,4.425e-05,311863521359.2708
1978-03-06T11:39:04,0.08544,8.544000000000001e-05,602160887343.1888
1978-03-06T17:03:38,0.06055,6.055e-05,426742061430.59546
1978-03-06T19:20:59,0.05205,5.205e-05,366836074276.8372
1978-03-06T19:34:22,0.04732,4.732e-05,333500154366.56946
1978-03-06T22:50:53,0.03936,3.936e-05,277399959337.8735
1978-03-06T23:09:31,0.0414,4.14e-05,291777396254.77545
1978-03-06T23:19:41,0.03896,3.896e-05,274580854060.04956
1978-03-06T23:25:53,0.04511,4.511e-05,317924597706.5923
1978-03-06T23:45:12,0.04381,4.381e-05,308762505553.6645
1978-03-07T00:28:51,0.05704,5.704e-05,402004412617.6906
1978-03-07T00:34:59,0.04274,4.274e-05,301221398935.4856
1978-03-07T00:46:14,0.04813,4.813e-05,339208842554.16284
1978-03-07T00:47:14,0.04033,4.033e-05,284236289636.59644
1978-03-07T00:51:42,0.03596,3.596e-05,253437564476.37012
1978-03-07T01:05:00,0.03971,3.971e-05,279866676455.9694
1978-03-07T01:13:02,0.03896,3.896e-05,274580854060.04956
1978-03-07T08:40:37,0.03318,3.3180000000000004e-05,233844782795.494
1978-03-07T08:52:25,0.03195,3.195e-05,225176034066.18536
1978-03-07T09:00:59,0.03228,3.228e-05,227501795920.3901
1978-03-07T09:16:32,0.03192,3.192e-05,224964601170.3486
1978-03-07T09:35:17,0.03151,3.151e-05,222075018260.5791
1978-03-07T09:47:05,0.03197,3.197e-05,225316989330.07657
1978-03-07T09:58:20,0.03204,3.204e-05,225810332753.6957
1978-03-07T10:12:17,0.0326,3.26e-05,229757080142.64923
1978-03-07T10:41:13,0.03337,3.337e-05,235183857802.46027
1978-03-07T10:59:27,0.03492,3.492e-05,246107890754.02795
1978-03-07T11:16:04,0.03582,3.582e-05,252450877629.13177
1978-03-07T11:27:51,0.03594,3.594e-05,253296609212.4789
1978-03-07T11:39:39,0.03597,3.597e-05,253508042108.31577
1978-03-07T11:51:26,0.03601,3.601e-05,253789952636.09818
1978-03-07T12:02:42,0.03664,3.664e-05,258230043448.67084
1978-03-07T12:28:58,0.03602,3.6020000000000004e-05,253860430268.04376
1978-03-07T12:40:45,0.03584,3.584e-05,252591832893.0229
1978-03-07T12:52:33,0.03581,3.5810000000000004e-05,252380399997.18625
1978-03-07T12:58:59,0.03562,3.562e-05,251041324990.21985
1978-03-07T14:03:18,0.03376,3.376e-05,237932485448.33865
1978-03-07T14:10:16,0.03353,3.353e-05,236311499913.58984
1978-03-07T14:35:28,0.03302,3.302e-05,232717140684.36435
1978-03-07T14:47:15,0.03278,3.2779999999999994e-05,231025677517.66995
1978-03-07T14:59:03,0.03215,3.2149999999999995e-05,226585586705.0973
1978-03-07T15:10:50,0.03337,3.337e-05,235183857802.46027
1978-03-07T15:17:49,0.03354,3.354e-05,236381977545.53543
1978-03-07T16:52:41,0.03133,3.133e-05,220806420885.5583
1978-03-07T17:00:11,0.03123,3.1230000000000004e-05,220101644566.1024
1978-03-07T17:15:12,0.03128,3.1280000000000005e-05,220454032725.8304
1978-03-07T17:35:34,0.03088,3.088e-05,217634927448.00644
1978-03-07T17:47:22,0.03038,3.038e-05,214111045850.7265
1978-03-07T17:55:24,0.03035,3.035e-05,213899612954.8897
1978-03-07T18:45:15,0.02888,2.888e-05,203539401058.8868
1978-03-07T18:57:03,0.02869,2.869e-05,202200326051.92047
1978-03-07T19:08:18,0.02875,2.875e-05,202623191843.5941
1978-03-07T19:36:42,0.02925,2.9250000000000003e-05,206147073440.874
1978-03-07T19:48:30,0.03042,3.042e-05,214392956378.5089
1978-03-07T19:58:41,0.03054,3.054e-05,215238687961.85608
1978-03-07T20:01:49,0.02809,2.809e-05,197971668135.18457
1978-03-07T20:12:05,0.03171,3.171e-05,223484570899.49103
1978-03-07T20:23:53,0.03176,3.1759999999999994e-05,223836959059.21896
1978-03-07T20:35:40,0.034,3.4000000000000007e-05,239623948615.03305
1978-03-07T20:44:47,0.03582,3.582e-05,252450877629.13177
1978-03-07T20:54:30,0.02798,2.7980000000000003e-05,197196414183.78305
1978-03-07T21:08:54,0.0308,3.08e-05,217071106392.44165
1978-03-07T21:19:05,0.03235,3.235e-05,227995139344.00928
1978-03-07T22:41:06,0.03409,3.409e-05,240258247302.54333
1978-03-07T22:50:58,0.03552,3.5520000000000006e-05,250336548670.7639
1978-03-07T23:04:41,0.03353,3.353e-05,236311499913.58984
1978-03-07T23:17:03,0.03517,3.5170000000000004e-05,247869831552.66797
1978-03-07T23:28:16,0.03938,3.938e-05,277540914601.76465
1978-03-07T23:40:04,0.03707,3.707e-05,261260581622.33157
1978-03-07T23:50:15,0.03512,3.512e-05,247517443392.9399
1978-03-08T00:09:31,0.03291,3.291e-05,231941886732.9628
1978-03-08T00:21:21,0.03328,3.328e-05,234549559114.94992
1978-03-08T00:33:10,0.03399,3.399e-05,239553470983.0873
1978-03-08T00:44:54,0.037,3.7e-05,260767238198.7123
1978-03-08T00:56:27,0.04002,4.002e-05,282051483046.2829
1978-03-08T01:00:48,0.05255,5.255e-05,370359955874.1171
1978-03-08T01:12:50,0.03866,3.866e-05,272466525101.6816
1978-03-08T01:22:08,0.03478,3.478e-05,245121203906.7896
1978-03-08T01:36:43,0.03361,3.361e-05,236875320969.15463
1978-03-08T01:48:34,0.03312,3.3119999999999995e-05,233421917003.8203
1978-03-08T01:59:22,0.03232,3.232e-05,227783706448.17252
1978-03-08T02:17:10,0.03269,3.269e-05,230391378830.15964
1978-03-08T12:40:42,0.0435,4.35e-05,306577698963.351
1978-03-08T12:52:02,0.04239,4.239e-05,298754681817.3896
1978-03-08T13:11:59,0.04157,4.157e-05,292975515997.8506
1978-03-08T13:23:50,0.04164,4.164e-05,293468859421.4698
1978-03-08T13:35:40,0.04171,4.171e-05,293962202845.0889
1978-03-08T13:45:46,0.04602,4.602e-05,324338062213.64166
1978-03-08T13:55:46,0.05464,5.4640000000000005e-05,385089780950.74713
1978-03-08T14:07:24,0.06346,6.346e-05,447251052326.76447
1978-03-08T14:19:10,0.06693,6.693000000000001e-05,471706790611.887
1978-03-08T14:26:38,0.05757,5.7570000000000006e-05,405739727110.8073
1978-03-08T14:35:58,0.06398,6.398e-05,450915889187.9355
1978-03-08T14:47:27,0.05456,5.456e-05,384525959895.1823
1978-03-08T14:59:03,0.05165,5.165e-05,364016968999.0133
1978-03-08T15:16:47,0.04516,4.516e-05,318276985866.32025
1978-03-08T15:27:59,0.04877,4.877e-05,343719410998.6811
1978-03-08T15:49:08,0.04333,4.333e-05,305379579220.2758
1978-03-08T16:01:02,0.04169,4.169e-05,293821247581.1977
1978-03-08T16:12:53,0.04147,4.147e-05,292270739678.39465
1978-03-08T16:24:47,0.03998,3.998e-05,281769572518.50055
1978-03-08T16:36:40,0.03869,3.869e-05,272677957997.51843
1978-03-08T16:48:28,0.04003,4.003e-05,282121960678.2285
1978-03-08T17:00:18,0.04041,4.041e-05,284800110692.16125
1978-03-08T17:12:11,0.03932,3.932e-05,277118048810.09106
1978-03-08T17:21:54,0.03835,3.835e-05,270281718511.36807
1978-03-08T17:35:02,0.04881,4.881e-05,344001321526.4635
1978-03-08T17:39:01,0.04138,4.138e-05,291636440990.8842
1978-03-08T17:50:49,0.04281,4.281e-05,301714742359.1047
1978-03-08T18:02:38,0.0437,4.3700000000000005e-05,307987251602.26294
1978-03-08T18:14:33,0.04137,4.137e-05,291565963358.9386
1978-03-08T18:26:24,0.04133,4.133e-05,291284052831.15625
1978-03-08T18:38:12,0.04277,4.2770000000000006e-05,301432831831.3224
1978-03-08T18:49:57,0.04568,4.568e-05,321941822727.4913
1978-03-08T19:01:05,0.05167,5.1670000000000005e-05,364157924262.9045
1978-03-08T19:09:28,0.06145,6.145e-05,433085048305.6993
1978-03-08T19:19:38,0.06417,6.417e-05,452254964194.902
1978-03-08T19:27:51,0.05813,5.813e-05,409686474499.7608
1978-03-08T19:49:01,0.05128,5.128e-05,361409296617.0262
1978-03-08T20:00:58,0.04755,4.755e-05,335121139901.3182
1978-03-08T20:12:55,0.04411,4.411e-05,310876834512.0325
1978-03-08T20:24:53,0.04006,4.006e-05,282333393574.0653
1978-03-08T20:36:48,0.0381,3.810000000000001e-05,268519777712.72812
1978-03-08T20:48:39,0.03804,3.804e-05,268096911921.0545
1978-03-08T21:00:33,0.03648,3.648e-05,257102401337.5412
1978-03-08T21:12:27,0.03492,3.492e-05,246107890754.02795
1978-03-08T21:21:37,0.03437,3.437e-05,242231620997.02008
1978-03-08T21:35:44,0.03178,3.1780000000000004e-05,223977914323.11023
1978-03-08T22:11:34,0.03782,3.782e-05,266546404018.25137
1978-03-08T22:34:42,0.03814,3.814e-05,268801688240.51053
1978-03-08T23:05:15,0.04224,4.224e-05,297697517338.2057
1978-03-08T23:16:56,0.04731,4.731e-05,333429676734.62384
1978-03-08T23:26:57,0.05546,5.546e-05,390868946770.2861
1978-03-08T23:43:06,0.07145,7.145e-05,503562680251.2972
1978-03-08T23:54:55,0.05663,5.663e-05,399114829707.9211
1978-03-09T00:08:19,0.05087,5.087e-05,358519713707.25665
1978-03-09T00:21:00,0.04481,4.4810000000000006e-05,315810268748.2244
1978-03-09T00:55:49,0.04824,4.824e-05,339984096505.5644
1978-03-09T01:06:31,0.05306,5.306e-05,373954315103.34265
1978-03-09T01:14:31,0.04387,4.387e-05,309185371345.33813
1978-03-09T01:22:19,0.04876,4.876e-05,343648933366.73553
1978-03-09T01:32:16,0.04276,4.276e-05,301362354199.3768
1978-03-09T01:41:21,0.04328,4.328e-05,305027191060.5478
1978-03-09T04:22:47,0.06117,6.117e-05,431111674611.2225
1978-03-09T04:35:44,0.06152,6.152e-05,433578391729.3184
1978-03-09T05:11:53,0.05827,5.827e-05,410673161346.9992
1978-03-09T05:34:25,0.05273,5.273e-05,371628553249.1378
1978-03-09T05:49:14,0.05831,5.831e-05,410955071874.7816
1978-03-09T06:05:51,0.06227,6.227e-05,438864214125.2383
1978-03-09T06:15:13,0.05933,5.933e-05,418143790333.2325
1978-03-09T06:44:50,0.05653,5.653e-05,398410053388.465
1978-03-09T10:11:03,0.05306,5.306e-05,373954315103.34265
1978-03-09T10:15:22,0.04214,4.214e-05,296992741018.7497
1978-03-09T10:26:46,0.05419,5.419e-05,381918287513.1952
1978-03-09T10:33:20,0.04417,4.417e-05,311299700303.70605
1978-03-09T10:47:22,0.0474,4.74e-05,334063975422.13416
1978-03-09T10:51:57,0.0665,6.65e-05,468676252438.2263
1978-03-09T14:01:26,0.05154,5.154000000000001e-05,363241715047.61176
1978-03-09T14:13:50,0.04657,4.657e-05,328214331970.64954
1978-03-09T14:25:36,0.04639,4.639e-05,326945734595.62885
1978-03-09T14:34:11,0.04553,4.553e-05,320884658248.3074
1978-03-09T15:57:35,0.04812,4.812000000000001e-05,339138364922.2173
1978-03-09T16:09:21,0.04802,4.802e-05,338433588602.7613
1978-03-09T16:21:10,0.04444,4.444e-05,313202596366.2372
1978-03-09T16:28:42,0.04171,4.171e-05,293962202845.0889
1978-03-09T16:37:45,0.04417,4.417e-05,311299700303.70605
1978-03-09T16:52:21,0.04557,4.557e-05,321166568776.0898
1978-03-09T17:03:58,0.04318,4.318e-05,304322414741.0919
1978-03-09T17:15:45,0.04287,4.287e-05,302137608150.7783
1978-03-09T17:27:31,0.04273,4.273e-05,301150921303.54
1978-03-09T17:39:17,0.04267,4.267e-05,300728055511.8664
1978-03-09T17:46:46,0.04246,4.246e-05,299248025241.0088
1978-03-09T18:06:32,0.0442,4.42e-05,311511133199.54285
1978-03-09T18:54:02,0.05197,5.1970000000000006e-05,366272253221.27246
1978-03-09T19:05:50,0.04875,4.8750000000000006e-05,343578455734.7899
1978-03-09T19:17:37,0.04843,4.843e-05,341323171512.5308
1978-03-09T19:29:22,0.0491,4.91e-05,346045172852.8858
1978-03-09T19:41:10,0.04685,4.685e-05,330187705665.12634
1978-03-09T19:52:57,0.04579,4.579e-05,322717076678.8929
1978-03-09T20:14:21,0.04573,4.573e-05,322294210887.2193
1978-03-09T20:26:06,0.0466,4.66e-05,328425764866.4863
1978-03-09T20:35:12,0.04639,4.639e-05,326945734595.62885
1978-03-09T21:01:22,0.04891,4.891e-05,344706097845.9195
1978-03-09T21:13:09,0.04725,4.725e-05,333006810942.95026
1978-03-09T21:23:51,0.04714,4.714e-05,332231556991.54865
1978-03-09T21:47:28,0.04215,4.215e-05,297063218650.69525
1978-03-09T21:59:13,0.04276,4.276e-05,301362354199.3768
1978-03-09T22:11:01,0.04085,4.085e-05,287901126497.7675
1978-03-09T22:22:49,0.03941,3.941e-05,277752347497.60144
1978-03-09T22:34:35,0.03885,3.885e-05,273805600108.648
1978-03-09T22:46:21,0.03905,3.905e-05,275215152747.5599
1978-03-09T22:53:19,0.03863,3.863e-05,272255092205.8448
1978-03-09T23:09:54,0.03772,3.772e-05,265841627698.79532
1978-03-09T23:21:40,0.03787,3.787e-05,266898792177.97937
1978-03-09T23:33:27,0.03728,3.728e-05,262740611893.18912
1978-03-09T23:45:13,0.0375,3.75e-05,264291119795.9922
1978-03-09T23:53:12,0.03919,3.919e-05,276201839594.7983
1978-03-10T00:07:33,0.03872,3.872e-05,272889390893.3552
1978-03-10T00:19:30,0.0393,3.93e-05,276977093546.1998
1978-03-10T00:31:15,0.03768,3.768e-05,265559717171.013
1978-03-10T00:43:01,0.03769,3.769e-05,265630194802.95865
1978-03-10T00:52:39,0.04225,4.225e-05,297767994970.1513
1978-03-10T01:00:40,0.04549,4.549000000000001e-05,320602747720.525
1978-03-10T01:24:44,0.04642,4.6420000000000006e-05,327157167491.46564
1978-03-10T01:35:25,0.03985,3.985e-05,280853363303.20776
1978-03-10T01:47:11,0.03796,3.796e-05,267533090865.48972
1978-03-10T01:58:57,0.03815,3.8150000000000006e-05,268872165872.4561
1978-03-10T02:10:42,0.03834,3.834e-05,270211240879.42245
1978-03-10T02:21:29,0.04085,4.085e-05,287901126497.7675
1978-03-10T02:30:10,0.04276,4.276e-05,301362354199.3768
1978-03-10T02:41:11,0.04543,4.543e-05,320179881928.8514
1978-03-10T02:51:53,0.0515,5.15e-05,362959804519.8293
1978-03-10T03:02:34,0.0605,6.05e-05,426389673270.8675
1978-03-10T03:10:36,0.06867,6.866999999999999e-05,483969898570.42096
1978-03-10T03:24:09,0.08508,8.508e-05,599623692593.1472
1978-03-10T03:31:56,0.07827,7.827000000000001e-05,551628425238.1951
1978-03-10T03:36:37,0.08692,8.692e-05,612591576871.1372
1978-03-10T03:56:34,0.07994,7.994e-05,563398189773.1099
1978-03-10T04:08:20,0.0763,7.630000000000001e-05,537744331744.9122
1978-03-10T04:20:06,0.0703,7.03e-05,495457752577.5535
1978-03-10T04:30:16,0.06489,6.489000000000001e-05,457329353694.98505
1978-03-10T04:51:25,0.05612,5.6120000000000005e-05,395520470478.6956
1978-03-10T04:57:39,0.06637,6.637e-05,467760043222.9335
1978-03-10T05:31:13,0.0534,5.34e-05,376350554589.493
1978-03-10T05:53:03,0.05139,5.139e-05,362184550568.4278
1978-03-10T06:11:19,0.05149,5.149e-05,362889326887.8837
1978-03-10T06:22:33,0.04702,4.702e-05,331385825408.2015
1978-03-10T06:38:35,0.04958,4.958e-05,349428099186.27454
1978-03-10T06:54:05,0.04613,4.613e-05,325113316165.0432
1978-03-10T07:05:19,0.04955,4.955e-05,349216666290.43774
1978-03-10T07:19:28,0.04384,4.384e-05,308973938449.50134
1978-03-10T07:42:51,0.04297,4.297e-05,302842384470.2343
1978-03-10T07:50:38,0.04873,4.873e-05,343437500470.89874
1978-03-10T07:58:15,0.05935,5.935e-05,418284745597.12366
1978-03-10T08:06:57,0.04399,4.399e-05,310031102928.68536
1978-03-10T08:11:37,0.04125,4.125e-05,290720231775.59143
1978-03-10T15:08:08,0.03763,3.763e-05,265207329011.285
1978-03-10T15:19:54,0.03667,3.667e-05,258441476344.50763
1978-03-10T15:31:40,0.03544,3.544e-05,249772727615.19904
1978-03-10T15:43:25,0.03622,3.622e-05,255269982906.9557
1978-03-10T15:55:11,0.03705,3.705e-05,261119626358.44037
1978-03-10T16:05:21,0.03685,3.685e-05,259710073719.5284
1978-03-10T16:18:43,0.03729,3.729e-05,262811089525.13467
1978-03-10T17:37:51,0.03356,3.356e-05,236522932809.42664
1978-03-10T17:57:06,0.03255,3.2550000000000005e-05,229404691982.9213
1978-03-10T19:34:24,0.03441,3.4410000000000004e-05,242513531524.8025
1978-03-10T19:55:48,0.03168,3.168e-05,223273138003.65427
1978-03-10T23:24:19,0.03631,3.631e-05,255904281594.4661
1978-03-10T23:36:05,0.03682,3.682e-05,259498640823.6916
1978-03-10T23:47:51,0.03331,3.331e-05,234760992010.78668
1978-03-10T23:57:28,0.03168,3.168e-05,223273138003.65427
1978-03-11T00:26:20,0.03012,3.0120000000000003e-05,212278627420.14096
1978-03-11T07:28:14,0.02834,2.834e-05,199733608933.8245
1978-03-11T13:22:09,0.03511,3.511e-05,247446965760.99432
1978-03-11T13:28:35,0.03488,3.4880000000000005e-05,245825980226.2456
1978-03-11T13:54:50,0.03227,3.227e-05,227431318288.4445
1978-03-11T14:36:06,0.02894,2.894e-05,203962266850.5604
1978-03-11T14:47:54,0.02855,2.855e-05,201213639204.6821
1978-03-11T14:59:42,0.02834,2.834e-05,199733608933.8245
1978-03-11T15:11:32,0.02888,2.888e-05,203539401058.8868
1978-03-11T15:17:59,0.02938,2.938e-05,207063282656.16672
1978-03-11T15:35:32,0.02955,2.955e-05,208261402399.24188
1978-03-11T15:48:48,0.02858,2.858e-05,201425072100.5189
1978-03-11T16:00:43,0.02876,2.876e-05,202693669475.53967
1978-03-11T16:05:23,0.02533,2.533e-05,178519841718.19955
1978-03-11T16:11:49,0.02937,2.937e-05,206992805024.22116
1978-03-11T16:24:33,0.02901,2.901e-05,204455610274.17963
1978-03-11T16:34:52,0.02952,2.952e-05,208049969503.4051
1978-03-11T17:34:19,0.03478,3.478e-05,245121203906.7896
1978-03-11T18:37:42,0.03552,3.5520000000000006e-05,250336548670.7639
1978-03-11T18:44:34,0.0301,3.01e-05,212137672156.24976
1978-03-11T23:39:20,0.02742,2.742e-05,193249666794.82956
1978-03-12T07:34:46,0.03025,3.025e-05,213194836635.43372
1978-03-12T08:25:15,0.03281,3.281e-05,231237110413.5068
1978-03-12T10:12:37,0.02316,2.316e-05,163226195586.00482
1978-03-12T10:17:22,0.02797,2.797e-05,197125936551.8374
1978-03-12T12:45:39,0.02822,2.822e-05,198887877350.47733
1978-03-12T12:56:18,0.02736,2.736e-05,192826801003.15594
1978-03-12T13:15:36,0.02692,2.692e-05,189725785197.5496
1978-03-12T13:48:00,0.02603,2.6030000000000003e-05,183453275954.39145
1978-03-12T13:59:53,0.02606,2.606e-05,183664708850.2282
1978-03-12T14:11:46,0.02605,2.605e-05,183594231218.2826
1978-03-12T14:22:09,0.02772,2.772e-05,195363995753.19748
1978-03-12T14:28:25,0.039,3.9e-05,274862764587.8319
1978-03-12T14:39:51,0.02929,2.929e-05,206428983968.6563
1978-03-12T14:51:44,0.02812,2.812e-05,198183101031.02136
1978-03-12T15:03:37,0.02796,2.796e-05,197055458919.8918
1978-03-12T15:15:30,0.02724,2.724e-05,191981069419.80875
1978-03-12T15:27:23,0.02684,2.684e-05,189161964141.98483
1978-03-12T15:39:16,0.02602,2.602e-05,183382798322.44583
1978-03-12T15:51:09,0.02568,2.568e-05,180986558836.2955
1978-03-12T16:03:02,0.02597,2.597e-05,183030410162.7178
1978-03-12T16:14:55,0.02552,2.5520000000000003e-05,179858916725.16595
1978-03-12T16:25:11,0.02629,2.629e-05,185285694384.97696
1978-03-12T16:41:56,0.02574,2.574e-05,181409424627.96906
1978-03-12T16:53:49,0.02473,2.473e-05,174291183801.46365
1978-03-12T16:58:08,0.02151,2.151e-05,151597386314.98117
1978-03-12T17:12:11,0.02668,2.668e-05,188034322030.8553
1978-03-12T17:24:04,0.0273,2.7300000000000003e-05,192403935211.4824
1978-03-12T17:35:57,0.02727,2.727e-05,192192502315.64557
1978-03-12T17:47:50,0.02733,2.733e-05,192615368107.31915
1978-03-12T18:00:23,0.02955,2.955e-05,208261402399.24188
1978-03-12T18:07:27,0.02933,2.933e-05,206710894496.43872
1978-03-12T18:14:11,0.02683,2.683e-05,189091486510.03925
1978-03-12T18:25:38,0.02721,2.721e-05,191769636523.97195
1978-03-12T18:37:31,0.02795,2.795e-05,196984981287.9462
1978-03-12T18:49:24,0.02906,2.906e-05,204807998433.9076
1978-03-12T19:01:17,0.02755,2.755e-05,194165876010.1223
1978-03-12T19:13:10,0.02685,2.685e-05,189232441773.9304
1978-03-12T19:25:03,0.0263,2.63e-05,185356172016.92255
1978-03-12T19:37:12,0.02786,2.786e-05,196350682600.43585
1978-03-12T19:45:47,0.03447,3.447e-05,242936397316.47604
1978-03-12T19:53:41,0.03106,3.1060000000000004e-05,218903524823.0272
1978-03-12T20:00:00,0.0345,3.4500000000000005e-05,243147830212.3129
1978-03-12T20:10:25,0.02816,2.816e-05,198465011558.80377
1978-03-12T20:22:18,0.02721,2.721e-05,191769636523.97195
1978-03-12T20:34:11,0.02692,2.692e-05,189725785197.5496
1978-03-12T20:46:04,0.02652,2.652e-05,186906679919.7257
1978-03-12T20:57:57,0.0265,2.65e-05,186765724655.83453
1978-03-12T21:09:50,0.02758,2.758e-05,194377308905.9591
1978-03-12T21:21:43,0.02868,2.868e-05,202129848419.97485
1978-03-12T21:33:04,0.02769,2.769e-05,195152562857.36063
1978-03-12T23:28:07,0.02923,2.923e-05,206006118176.9828
1978-03-12T23:45:24,0.02842,2.842e-05,200297429989.3893
1978-03-12T23:53:41,0.02847,2.847e-05,200649818149.1173
1978-03-12T23:59:59,0.03932,3.932e-05,277118048810.09106
1978-03-13T00:04:07,0.02981,2.981e-05,210093820829.82745
1978-03-13T11:04:01,0.02885,2.885e-05,203327968163.05
1978-03-13T12:16:17,0.03243,3.243e-05,228558960399.57407
1978-03-13T12:26:35,0.02941,2.941e-05,207274715552.0035
1978-03-13T12:38:22,0.02944,2.9440000000000003e-05,207486148447.84036
1978-03-13T12:50:10,0.02933,2.933e-05,206710894496.43872
1978-03-13T13:01:34,0.02914,2.914e-05,205371819489.47235
1978-03-13T13:12:40,0.03012,3.0120000000000003e-05,212278627420.14096
1978-03-13T13:17:54,0.03601,3.601e-05,253789952636.09818
1978-03-13T13:37:35,0.0266,2.66e-05,187470500975.29047
1978-03-13T13:57:02,0.02103,2.103e-05,148214459981.59244
1978-03-13T14:10:18,0.05549,5.549e-05,391080379666.1229
1978-03-13T14:18:00,0.06466,6.466e-05,455708368160.2362
1978-03-13T14:26:00,0.05235,5.235e-05,368950403235.20514
1978-03-13T14:30:34,0.06052,6.052e-05,426530628534.75867
1978-03-13T14:41:14,0.05638,5.638e-05,397352888909.2811
1978-03-13T14:52:34,0.05034,5.034e-05,354784399214.13995
1978-03-13T14:58:23,0.04509,4.509e-05,317783642442.70105
1978-03-13T15:08:48,0.03941,3.941e-05,277752347497.60144
1978-03-13T15:26:37,0.03302,3.302e-05,232717140684.36435
1978-03-13T15:36:51,0.03094,3.094e-05,218057793239.68
1978-03-13T16:15:34,0.02184,2.184e-05,153923148169.18585
1978-03-13T16:23:12,0.02686,2.686e-05,189302919405.87604
1978-03-13T16:28:32,0.02201,2.201e-05,155121267912.26102
1978-03-13T16:34:05,0.02742,2.742e-05,193249666794.82956
1978-03-13T16:51:58,0.02816,2.816e-05,198465011558.80377
1978-03-13T17:09:37,0.02687,2.687e-05,189373397037.8217
1978-03-13T17:17:36,0.03489,3.489e-05,245896457858.1912
1978-03-13T17:28:45,0.03749,3.749e-05,264220642164.04663
1978-03-13T17:55:42,0.03013,3.013e-05,212349105052.08652
1978-03-13T18:11:47,0.03002,3.002e-05,211573851100.685
1978-03-13T18:20:54,0.02997,2.997e-05,211221462940.957
1978-03-13T18:35:58,0.02782,2.782e-05,196068772072.65344
1978-03-13T18:51:31,0.02774,2.774e-05,195504951017.08868
1978-03-13T19:03:19,0.02705,2.705e-05,190641994412.8424
1978-03-13T19:15:02,0.03016,3.016e-05,212560537947.9233
1978-03-13T19:26:50,0.03059,3.059e-05,215591076121.58405
1978-03-13T19:39:32,0.02979,2.979e-05,209952865565.93625
1978-03-13T19:51:01,0.02959,2.9590000000000003e-05,208543312927.0243
1978-03-13T20:00:42,0.03413,3.413e-05,240540157830.3257
1978-03-13T20:12:55,0.03087,3.087e-05,217564449816.0608
1978-03-13T20:24:46,0.02845,2.845e-05,200508862885.2261
1978-03-13T20:37:13,0.02789,2.789e-05,196562115496.27264
1978-03-13T20:54:49,0.02753,2.753e-05,194024920746.2311
1978-03-13T21:06:34,0.02916,2.916e-05,205512774753.3636
1978-03-13T21:18:21,0.02988,2.988e-05,210587164253.44662
1978-03-13T21:30:09,0.02924,2.924e-05,206076595808.9283
1978-03-13T21:41:57,0.02911,2.911e-05,205160386593.6356
1978-03-13T21:53:45,0.02854,2.854e-05,201143161572.7365
1978-03-13T22:02:01,0.02669,2.669e-05,188104799662.80087
1978-03-13T22:27:03,0.02637,2.637e-05,185849515440.5417
1978-03-13T22:50:57,0.02297,2.297e-05,161887120579.03845
1978-03-13T22:57:02,0.02827,2.827e-05,199240265510.20532
1978-03-13T23:14:11,0.02742,2.742e-05,193249666794.82956
1978-03-13T23:26:08,0.02838,2.838e-05,200015519461.60693
1978-03-13T23:31:06,0.03698,3.698e-05,260626282934.82117
1978-03-13T23:38:56,0.03474,3.474e-05,244839293379.00723
1978-03-13T23:40:17,0.04644,4.644e-05,327298122755.3568
1978-03-13T23:46:41,0.0362,3.6200000000000006e-05,255129027643.0645
1978-03-13T23:54:48,0.03361,3.361e-05,236875320969.15463
1978-03-14T00:09:32,0.04844,4.844e-05,341393649144.4764
1978-03-14T00:22:16,0.05279,5.279e-05,372051419040.81146
1978-03-14T00:34:29,0.05056,5.056e-05,356334907116.9432
1978-03-14T00:48:25,0.0361,3.61e-05,254424251323.60852
1978-03-14T06:14:54,0.02931,2.931e-05,206569939232.54752
1978-03-14T06:26:44,0.03206,3.206e-05,225951288017.58698
1978-03-14T06:49:22,0.035,3.5000000000000004e-05,246671711809.5928
1978-03-14T07:02:15,0.04105,4.105e-05,289310679136.6795
1978-03-14T07:18:38,0.06697,6.697e-05,471988701139.6694
1978-03-14T07:30:23,0.06373,6.373e-05,449153948389.2956
1978-03-14T07:42:11,0.06609,6.609e-05,465786669528.4567
1978-03-14T07:54:01,0.0702,7.02e-05,494752976258.0975
1978-03-14T08:06:32,0.06979,6.979000000000001e-05,491863393348.328
1978-03-14T08:12:42,0.06182,6.182e-05,435692720687.6864
1978-03-14T08:23:49,0.07787,7.787e-05,548809319960.3711
1978-03-14T08:37:08,0.08725,8.724999999999999e-05,614917338725.3419
1978-03-14T08:45:08,0.10227,0.00010227,720774741907.6301
1978-03-14T08:55:20,0.11957,0.00011957,842701045173.5144
1978-03-14T09:05:27,0.13279,0.00013279,935872474605.595
1978-03-14T09:15:00,0.13193,0.00013193,929811398258.2734
1978-03-14T10:25:52,0.07352,7.352e-05,518151550064.036
1978-03-14T11:48:47,0.06929,6.929000000000001e-05,488339511751.0481
1978-03-14T12:49:06,0.05193,5.193e-05,365990342693.49
1978-03-14T13:00:58,0.05,5e-05,352388159727.9897
1978-03-14T13:11:48,0.04832,4.8320000000000005e-05,340547917561.1292
1978-03-14T13:23:52,0.04597,4.597e-05,323985674053.91364
1978-03-14T13:35:18,0.04402,4.402e-05,310242535824.52203
1978-03-14T13:47:04,0.04302,4.3020000000000005e-05,303194772629.96234
1978-03-14T13:59:53,0.04043,4.043e-05,284941065956.0525
1978-03-14T15:35:07,0.03692,3.692e-05,260203417143.14752
1978-03-14T15:48:05,0.04333,4.333e-05,305379579220.2758
1978-03-14T15:59:54,0.03681,3.681e-05,259428163191.746
1978-03-14T16:10:05,0.04125,4.125e-05,290720231775.59143
1978-03-14T16:21:47,0.04179,4.1790000000000005e-05,294526023900.6538
1978-03-14T16:34:36,0.03984,3.984e-05,280782885671.26215
1978-03-14T17:14:14,0.0401,4.01e-05,282615304101.84766
1978-03-14T17:34:25,0.04628,4.628e-05,326170480644.22723
1978-03-14T17:50:05,0.04631,4.631e-05,326381913540.064
1978-03-14T18:05:09,0.04328,4.328e-05,305027191060.5478
1978-03-14T18:37:12,0.03887,3.8870000000000006e-05,273946555372.5392
1978-03-14T18:46:22,0.04213,4.2130000000000005e-05,296922263386.8041
1978-03-14T19:15:02,0.03819,3.8190000000000005e-05,269154076400.23853
1978-03-14T19:28:05,0.03972,3.972e-05,279937154087.915
1978-03-14T20:02:04,0.03815,3.8150000000000006e-05,268872165872.4561
1978-03-14T20:21:45,0.03703,3.703e-05,260978671094.5492
1978-03-14T21:01:09,0.03425,3.4250000000000006e-05,241385889413.6729
1978-03-14T21:15:35,0.03277,3.277e-05,230955199885.7244
1978-03-14T21:37:40,0.03994,3.994000000000001e-05,281487661990.7182
1978-03-14T22:05:17,0.06311,6.311e-05,444784335208.6685
1978-03-14T22:23:27,0.06002,6.002e-05,423006746937.4788
1978-03-14T22:35:11,0.055,5.5e-05,387626975700.78864
1978-03-14T22:44:15,0.05303,5.303e-05,373742882207.5058
1978-03-14T23:01:52,0.04904,4.904e-05,345622307061.2122
1978-03-14T23:10:56,0.04617,4.617000000000001e-05,325395226692.8257
1978-03-14T23:26:56,0.0424,4.24e-05,298825159449.3352
1978-03-14T23:41:22,0.0408,4.08e-05,287548738338.03955
1978-03-14T23:51:31,0.03925,3.925e-05,276624705386.47186
1978-03-15T00:10:37,0.03691,3.691e-05,260132939511.20197
1978-03-15T00:20:54,0.03545,3.545e-05,249843205247.14465
1978-03-15T00:32:42,0.03428,3.428e-05,241597322309.50967
1978-03-15T00:42:54,0.03358,3.358e-05,236663888073.31784
1978-03-15T00:54:47,0.03323,3.3230000000000005e-05,234197170955.22195
1978-03-15T01:05:58,0.03458,3.458e-05,243711651267.8776
1978-03-15T01:19:23,0.03224,3.224e-05,227219885392.6077
1978-03-15T01:39:24,0.03267,3.267e-05,230250423566.26843
1978-03-15T01:50:48,0.03903,3.903e-05,275074197483.6688
1978-03-15T01:59:06,0.03171,3.171e-05,223484570899.49103
1978-03-15T02:16:48,0.03362,3.362e-05,236945798601.10025
1978-03-15T02:35:03,0.0311,3.11e-05,219185435350.8095
1978-03-15T02:45:47,0.03186,3.186e-05,224541735378.67505
1978-03-15T03:02:57,0.03028,3.028e-05,213406269531.2705
1978-03-15T03:13:41,0.03165,3.165e-05,223061705107.8174
1978-03-15T03:26:47,0.03397,3.397e-05,239412515719.1962
1978-03-15T03:40:31,0.04108,4.108e-05,289522112032.5163
1978-03-15T03:52:20,0.04567,4.567e-05,321871345095.5457
1978-03-15T04:19:30,0.04016,4.016e-05,283038169893.5213
1978-03-15T04:30:34,0.02885,2.885e-05,203327968163.05
1978-03-15T04:40:05,0.04754,4.754e-05,335050662269.37256
1978-03-15T04:58:06,0.06081,6.081e-05,428574479861.181
1978-03-15T05:09:49,0.03612,3.612e-05,254565206587.49973
1978-03-15T05:38:38,0.0318,3.18e-05,224118869587.0014
1978-03-15T05:49:42,0.0346,3.46e-05,243852606531.7689
1978-03-15T05:52:52,0.04851,4.851e-05,341886992568.0956
1978-03-15T06:07:01,0.0317,3.17e-05,223414093267.54544
1978-03-15T06:27:57,0.03071,3.071e-05,216436807704.93124
1978-03-15T06:39:45,0.03064,3.064e-05,215943464281.31204
1978-03-15T06:48:37,0.0306,3.06e-05,215661553753.5297
1978-03-15T06:56:48,0.0365,3.65e-05,257243356601.43243
1978-03-15T07:05:31,0.0354,3.54e-05,249490817087.4167
1978-03-15T07:24:18,0.03596,3.596e-05,253437564476.37012
1978-03-15T07:40:29,0.02979,2.979e-05,209952865565.93625
1978-03-15T07:59:43,0.04165,4.165e-05,293539337053.4154
1978-03-15T08:30:18,0.04199,4.199e-05,295935576539.5657
1978-03-15T22:13:29,0.02268,2.268e-05,159843269252.6161
1978-03-15T22:24:39,0.02173,2.173e-05,153147894217.7843
1978-03-15T22:36:59,0.02115,2.115e-05,149060191564.93964
1978-03-15T22:52:07,0.0212,2.12e-05,149412579724.6676
1978-03-15T23:03:56,0.02115,2.115e-05,149060191564.93964
1978-03-15T23:15:44,0.02115,2.115e-05,149060191564.93964
1978-03-15T23:26:28,0.02227,2.227e-05,156953686342.8466
1978-03-15T23:37:12,0.02654,2.654e-05,187047635183.6169
1978-03-15T23:47:24,0.02793,2.793e-05,196844026024.05505
1978-03-16T00:09:26,0.02941,2.941e-05,207274715552.0035
1978-03-16T00:23:36,0.02764,2.7640000000000003e-05,194800174697.6327
1978-03-16T00:39:20,0.02708,2.708e-05,190853427308.6792
1978-03-16T00:51:56,0.03005,3.005e-05,211785283996.5218
1978-03-16T01:00:34,0.02635,2.635e-05,185708560176.6505
1978-03-16T01:07:33,0.02625,2.625e-05,185003783857.19455
1978-03-16T01:29:33,0.02802,2.802e-05,197478324711.56537
1978-03-16T01:40:43,0.02702,2.702e-05,190430561517.0056
1978-03-16T01:53:11,0.02819,2.819e-05,198676444454.64056
1978-03-16T02:05:35,0.02671,2.671e-05,188245754926.69208
1978-03-16T02:16:48,0.02581,2.581e-05,181902768051.58823
1978-03-16T02:28:36,0.02719,2.719e-05,191628681260.08075
1978-03-16T02:40:25,0.0263,2.63e-05,185356172016.92255
1978-03-16T02:52:13,0.02456,2.456e-05,173093064058.3885
1978-03-16T03:11:33,0.02372,2.3720000000000003e-05,167172942974.9583
1978-03-16T03:25:30,0.02447,2.447e-05,172458765370.87814
1978-03-16T04:00:16,0.0254,2.54e-05,179013185141.81876
1978-03-16T04:11:40,0.02529,2.529e-05,178237931190.41718
1978-03-16T04:21:52,0.0271,2.71e-05,190994382572.5704
1978-03-16T04:31:00,0.03104,3.104e-05,218762569559.136
1978-03-16T04:36:59,0.03486,3.486e-05,245685024962.3544
1978-03-16T04:41:48,0.03069,3.069e-05,216295852441.04004
1978-03-16T04:55:04,0.03255,3.2550000000000005e-05,229404691982.9213
1978-03-16T05:00:35,0.03949,3.949e-05,278316168553.1662
1978-03-16T05:16:59,0.03463,3.463e-05,244064039427.6056
1978-03-16T05:27:54,0.03434,3.434e-05,242020188101.1833
1978-03-16T05:39:42,0.03215,3.2149999999999995e-05,226585586705.0973
1978-03-16T05:49:22,0.03018,3.018e-05,212701493211.8145
1978-03-16T06:01:43,0.03116,3.116e-05,219608301142.48312
1978-03-16T06:12:27,0.03037,3.037e-05,214040568218.7809
1978-03-16T06:45:22,0.03067,3.067e-05,216154897177.14886
1978-03-16T06:57:00,0.03095,3.095e-05,218128270871.6256
1978-03-16T07:15:15,0.03273,3.273e-05,230673289357.94205
1978-03-16T07:27:04,0.03394,3.394e-05,239201082823.3593
1978-03-16T07:38:52,0.03515,3.515e-05,247728876288.77676
1978-03-16T07:50:41,0.03586,3.5860000000000006e-05,252732788156.91415
1978-03-16T08:02:30,0.03573,3.573e-05,251816578941.6214
1978-03-16T08:14:18,0.03622,3.622e-05,255269982906.9557
1978-03-16T08:26:34,0.03703,3.703e-05,260978671094.5492
1978-03-16T08:34:37,0.04304,4.304e-05,303335727893.8535
1978-03-16T08:42:29,0.04875,4.8750000000000006e-05,343578455734.7899
1978-03-16T08:55:06,0.03867,3.867e-05,272537002733.6272
1978-03-16T09:05:29,0.03686,3.686e-05,259780551351.47397
1978-03-16T09:18:43,0.03455,3.455e-05,243500218372.04083
1978-03-16T09:28:55,0.03206,3.206e-05,225951288017.58698
1978-03-16T09:45:33,0.03006,3.006e-05,211855761628.46735
1978-03-16T09:57:22,0.02865,2.865e-05,201918415524.13803
1978-03-16T10:09:11,0.02755,2.755e-05,194165876010.1223
1978-03-16T10:20:59,0.02677,2.677e-05,188668620718.36563
1978-03-16T10:32:48,0.02576,2.576e-05,181550379891.86023
1978-03-16T10:44:36,0.02487,2.487e-05,175277870648.70206
1978-03-16T10:54:16,0.02405,2.405e-05,169498704829.16302
1978-03-16T11:15:44,0.02217,2.217e-05,156248910023.39062
1978-03-16T11:26:29,0.02272,2.2720000000000003e-05,160125179780.3985
1978-03-16T12:22:18,0.02212,2.212e-05,155896521863.66263
1978-03-16T12:35:33,0.02251,2.251e-05,158645149509.54092
1978-03-16T12:46:52,0.02154,2.154e-05,151808819210.81796
1978-03-16T12:58:04,0.02231,2.231e-05,157235596870.629
1978-03-16T13:11:36,0.01846,1.846e-05,130101708571.57376
1978-03-16T13:26:43,0.02105,2.105e-05,148355415245.48364
1978-03-16T13:38:50,0.02088,2.088e-05,147157295502.40848
1978-03-16T13:50:20,0.02076,2.076e-05,146311563919.0613
1978-03-16T14:00:13,0.02087,2.087e-05,147086817870.4629
1978-03-16T14:13:57,0.02051,2.051e-05,144549623120.4214
1978-03-16T14:25:25,0.02057,2.057e-05,144972488912.09494
1978-03-16T14:37:35,0.02053,2.053e-05,144690578384.31256
1978-03-16T14:49:23,0.02076,2.076e-05,146311563919.0613
1978-03-16T15:01:12,0.02269,2.269e-05,159913746884.56168
1978-03-16T15:13:00,0.02308,2.308e-05,162662374530.44
1978-03-16T15:24:49,0.02253,2.2530000000000003e-05,158786104773.43216
1978-03-16T15:36:37,0.02237,2.237e-05,157658462662.30258
1978-03-16T15:48:26,0.02311,2.311e-05,162873807426.27682
1978-03-16T16:00:15,0.02479,2.479e-05,174714049593.13727
1978-03-16T16:12:35,0.02474,2.4740000000000004e-05,174361661433.4093
1978-03-16T16:18:53,0.02861,2.861e-05,201636504996.3557
1978-03-16T16:25:10,0.02326,2.326e-05,163930971905.4608
1978-03-16T16:31:28,0.02922,2.922e-05,205935640545.0372
1978-03-16T16:43:02,0.02268,2.268e-05,159843269252.6161
1978-03-17T06:18:56,0.01723,1.723e-05,121432959842.26524
1978-03-17T06:38:26,0.01703,1.703e-05,120023407203.35329
1978-03-17T06:48:20,0.0176,1.76e-05,124040632224.25237
1978-03-17T06:52:58,0.02081,2.081e-05,146663952078.78928
1978-03-17T06:59:09,0.02409,2.409e-05,169780615356.9454
1978-03-17T07:10:18,0.01876,1.876e-05,132216037529.94173
1978-03-17T07:20:17,0.01831,1.831e-05,129044544092.3898
1978-03-17T07:33:49,0.01788,1.788e-05,126014005918.72913
1978-03-17T07:40:45,0.01757,1.757e-05,123829199328.41556
1978-03-17T08:08:00,0.01775,1.7749999999999998e-05,125097796703.43633
1978-03-17T08:16:33,0.01776,1.7760000000000003e-05,125168274335.38194
1978-03-17T08:37:10,0.01755,1.755e-05,123688244064.52435
1978-03-17T08:47:37,0.01725,1.7250000000000003e-05,121573915106.15643
1978-03-17T08:53:56,0.01629,1.6289999999999998e-05,114808062439.379
1978-03-17T09:02:47,0.01908,1.908e-05,134471321752.20084
1978-03-17T09:16:51,0.01919,1.919e-05,135246575703.6024
1978-03-17T09:21:27,0.02409,2.409e-05,169780615356.9454
1978-03-17T09:27:11,0.01901,1.901e-05,133977978328.58168
1978-03-17T09:37:44,0.01849,1.849e-05,130313141467.41055
1978-03-17T09:47:53,0.01804,1.804e-05,127141648029.85866
1978-03-17T10:09:24,0.01954,1.954e-05,137713292821.69833
1978-03-17T10:14:02,0.01458,1.458e-05,102756387376.68178
1978-03-17T10:20:14,0.01723,1.723e-05,121432959842.26524
1978-03-17T10:31:10,0.01717,1.717e-05,121010094050.59164
1978-03-17T10:42:55,0.01719,1.719e-05,121151049314.48283
1978-03-17T10:54:44,0.01842,1.842e-05,129819798043.79138
1978-03-17T11:17:06,0.01771,1.771e-05,124815886175.65396
1978-03-17T11:22:06,0.01369,1.369e-05,96483878133.52356
1978-03-17T11:35:16,0.01765,1.765e-05,124393020383.98032
1978-03-17T11:49:09,0.01881,1.881e-05,132568425689.66972
1978-03-17T12:03:02,0.01768,1.768e-05,124604453279.81714
1978-03-17T12:40:59,0.01874,1.874e-05,132075082266.05052
1978-03-17T13:02:20,0.01749,1.749e-05,123265378272.85078
1978-03-17T13:19:11,0.0158,1.58e-05,111354658474.04474
1978-03-17T13:44:48,0.01797,1.797e-05,126648304606.23949
1978-03-17T13:51:39,0.01662,1.662e-05,117133824293.58376
1978-03-17T14:00:01,0.0166,1.66e-05,116992869029.69257
1978-03-17T14:10:42,0.01695,1.695e-05,119459586147.78848
1978-03-17T14:24:04,0.01729,1.729e-05,121855825633.9388
1978-03-17T14:49:10,0.01621,1.621e-05,114244241383.81424
1978-03-17T15:04:39,0.01807,1.807e-05,127353080925.69543
1978-03-17T15:20:41,0.01789,1.789e-05,126084483550.6747
1978-03-17T15:32:26,0.01782,1.782e-05,125591140127.0555
1978-03-17T15:39:55,0.01905,1.905e-05,134259888856.36407
1978-03-18T10:08:42,0.01713,1.713e-05,120728183522.80923
1978-03-18T10:20:30,0.01661,1.661e-05,117063346661.63815
1978-03-18T10:41:09,0.016,1.6e-05,112764211112.95668
1978-03-18T11:31:02,0.01288,1.288e-05,90775189945.93011
1978-03-18T11:32:01,0.01474,1.474e-05,103884029487.81134
1978-03-18T11:45:36,0.01611,1.611e-05,113539465064.35826
1978-03-18T11:57:21,0.01631,1.631e-05,114949017703.27023
1978-03-18T12:09:06,0.01637,1.637e-05,115371883494.94382
1978-03-18T12:20:50,0.01634,1.634e-05,115160450599.107
1978-03-18T12:33:53,0.0161,1.6100000000000002e-05,113468987432.41267
1978-03-18T12:41:36,0.01623,1.6230000000000002e-05,114385196647.70546
1978-03-18T13:02:18,0.01531,1.531e-05,107901254508.71043
1978-03-18T13:13:06,0.01525,1.525e-05,107478388717.03683
1978-03-18T13:23:48,0.01591,1.5910000000000002e-05,112129912425.44632
1978-03-18T13:58:40,0.01693,1.6930000000000002e-05,119318630883.89732
1978-03-18T14:12:01,0.02064,2.064e-05,145465832335.7141
1978-03-18T14:23:48,0.02148,2.148e-05,151385953419.14435
1978-03-18T14:31:52,0.02367,2.367e-05,166820554815.2303
1978-03-18T14:45:27,0.02984,2.984e-05,210305253725.6642
1978-03-18T14:47:04,0.02439,2.439e-05,171894944315.31335
1978-03-18T14:50:27,0.02069,2.069e-05,145818220495.4421
1978-03-18T15:00:00,0.01897,1.897e-05,133696067800.79926
1978-03-18T15:18:08,0.0183,1.83e-05,128974066460.4442
1978-03-18T15:29:51,0.01771,1.771e-05,124815886175.65396
1978-03-18T15:41:36,0.0177,1.77e-05,124745408543.70834
1978-03-18T15:53:21,0.01782,1.782e-05,125591140127.0555
1978-03-18T16:05:07,0.01847,1.847e-05,130172186203.51938
1978-03-18T16:16:53,0.01935,1.935e-05,136374217814.732
1978-03-18T16:25:49,0.0228,2.28e-05,160689000835.9633
1978-03-18T16:40:40,0.01884,1.884e-05,132779858585.5065
1978-03-18T16:49:59,0.01922,1.922e-05,135458008599.43924
1978-03-18T17:03:25,0.01978,1.978e-05,139404755988.3927
1978-03-18T17:16:41,0.01974,1.974e-05,139122845460.61032
1978-03-18T17:23:05,0.01964,1.964e-05,138418069141.15433
1978-03-18T17:44:27,0.02025,2.025e-05,142717204689.83582
1978-03-18T17:56:14,0.02119,2.119e-05,149342102092.72202
1978-03-18T18:07:59,0.02125,2.125e-05,149764967884.3956
1978-03-18T22:25:10,0.01865,1.865e-05,131440783578.54012
1978-03-18T22:59:40,0.03038,3.038e-05,214111045850.7265
1978-03-18T23:07:50,0.01911,1.911e-05,134682754648.03764
1978-03-18T23:17:23,0.02845,2.845e-05,200508862885.2261
1978-03-18T23:24:50,0.01872,1.872e-05,131934127002.15932
1978-03-19T10:44:47,0.01763,1.763e-05,124252065120.08914
1978-03-19T10:52:22,0.01852,1.852e-05,130524574363.24736
1978-03-19T10:58:35,0.01567,1.567e-05,110438449258.75195
1978-03-19T11:08:00,0.02001,2.001e-05,141025741523.14145
1978-03-19T12:42:44,0.02798,2.7980000000000003e-05,197196414183.78305
1978-03-19T12:54:59,0.02829,2.829e-05,199381220774.09653
1978-03-19T13:06:52,0.02772,2.772e-05,195363995753.19748
1978-03-19T13:13:28,0.03069,3.069e-05,216295852441.04004
1978-03-19T13:21:45,0.02607,2.607e-05,183735186482.1738
1978-03-19T13:38:54,0.02527,2.527e-05,178096975926.52597
1978-03-19T13:45:20,0.02467,2.4670000000000003e-05,173868318009.79013
1978-03-19T14:59:20,0.02153,2.153e-05,151738341578.87238
1978-03-19T15:29:48,0.0195,1.95e-05,137431382293.91595
1978-03-19T16:13:15,0.01884,1.884e-05,132779858585.5065
1978-03-19T16:25:05,0.01948,1.948e-05,137290427030.02477
1978-03-19T16:36:44,0.01863,1.863e-05,131299828314.64894
1978-03-19T16:48:38,0.01774,1.774e-05,125027319071.49072
1978-03-19T16:55:33,0.01653,1.653e-05,116499525606.07336
1978-03-19T17:24:43,0.01648,1.648e-05,116147137446.34538
1978-03-19T18:09:15,0.02127,2.127e-05,149905923148.2868
1978-03-19T18:18:54,0.02108,2.108e-05,148566848141.32043
1978-03-19T18:33:24,0.02147,2.147e-05,151315475787.19876
1978-03-19T18:48:58,0.02161,2.161e-05,152302162634.43713
1978-03-19T19:00:46,0.02162,2.162e-05,152372640266.38272
1978-03-19T19:12:15,0.02159,2.159e-05,152161207370.54596
1978-03-19T19:24:23,0.02157,2.157e-05,152020252106.65472
1978-03-19T19:35:40,0.02181,2.181e-05,153711715273.34906
1978-03-19T19:56:35,0.02186,2.186e-05,154064103433.07706
1978-03-19T20:08:22,0.02087,2.087e-05,147086817870.4629
1978-03-19T20:20:09,0.02034,2.034e-05,143351503377.34622
1978-03-19T20:31:57,0.01994,1.994e-05,140532398099.52225
1978-03-19T20:43:45,0.01982,1.982e-05,139686666516.1751
1978-03-19T20:55:33,0.02001,2.001e-05,141025741523.14145
1978-03-19T21:07:22,0.01989,1.989e-05,140180009939.79428
1978-03-19T21:19:08,0.01883,1.883e-05,132709380953.56091
1978-03-19T21:30:56,0.01874,1.874e-05,132075082266.05052
1978-03-19T21:42:12,0.0187,1.87e-05,131793171738.26813
1978-03-19T22:25:28,0.01832,1.832e-05,129115021724.33542
1978-03-19T22:43:54,0.01856,1.856e-05,130806484891.02975
1978-03-19T22:55:42,0.01846,1.846e-05,130101708571.57376
1978-03-19T23:07:31,0.01853,1.853e-05,130595051995.19298
1978-03-19T23:19:19,0.0186,1.86e-05,131088395418.81212
1978-03-19T23:31:07,0.01828,1.828e-05,128833111196.55302
1978-03-19T23:42:55,0.01808,1.808e-05,127423558557.64104
1978-03-19T23:50:58,0.01799,1.799e-05,126789259870.13066
1978-03-20T00:15:18,0.01846,1.846e-05,130101708571.57376
1978-03-20T00:27:04,0.01829,1.8290000000000003e-05,128903588828.49864
1978-03-20T00:38:50,0.01824,1.824e-05,128551200668.7706
1978-03-20T00:50:37,0.01757,1.757e-05,123829199328.41556
1978-03-20T01:02:04,0.01701,1.701e-05,119882451939.46208
1978-03-20T01:13:05,0.01665,1.665e-05,117345257189.42056
1978-03-20T02:16:13,0.0168,1.68e-05,118402421668.6045
1978-03-20T02:28:00,0.01675,1.675e-05,118050033508.87654
1978-03-20T02:38:42,0.0168,1.68e-05,118402421668.6045
1978-03-20T02:50:14,0.01849,1.849e-05,130313141467.41055
1978-03-20T04:09:07,0.01775,1.7749999999999998e-05,125097796703.43633
1978-03-20T04:17:56,0.01565,1.565e-05,110297493994.86078
1978-03-20T04:27:59,0.01757,1.757e-05,123829199328.41556
1978-03-20T04:38:33,0.01694,1.694e-05,119389108515.8429
1978-03-20T04:50:19,0.01686,1.686e-05,118825287460.27812
1978-03-20T05:02:06,0.01674,1.6740000000000002e-05,117979555876.93095
1978-03-20T05:13:52,0.01709,1.709e-05,120446272995.02689
1978-03-20T05:25:38,0.01912,1.9120000000000003e-05,134753232279.98326
1978-03-20T05:37:24,0.01795,1.7950000000000003e-05,126507349342.3483
1978-03-20T05:49:11,0.01688,1.688e-05,118966242724.16933
1978-03-20T06:00:57,0.01686,1.686e-05,118825287460.27812
1978-03-20T06:10:03,0.01676,1.6760000000000002e-05,118120511140.82214
1978-03-20T06:29:27,0.01865,1.865e-05,131440783578.54012
1978-03-20T06:39:52,0.01866,1.866e-05,131511261210.48572
1978-03-20T06:52:24,0.01857,1.857e-05,130876962522.97536
1978-03-20T06:57:22,0.02243,2.243e-05,158081328453.97614
1978-03-20T07:02:40,0.02664,2.664e-05,187752411503.0729
1978-03-20T07:14:11,0.03333,3.333e-05,234901947274.67792
1978-03-20T07:20:02,0.02835,2.835e-05,199804086565.7701
1978-03-20T07:31:55,0.02391,2.391e-05,168512017981.92465
1978-03-20T08:35:46,0.01804,1.804e-05,127141648029.85866
1978-03-20T08:43:37,0.01598,1.5980000000000003e-05,112623255849.0655
1978-03-20T08:57:32,0.01711,1.711e-05,120587228258.91806
1978-03-20T09:15:29,0.01807,1.807e-05,127353080925.69543
1978-03-20T09:23:38,0.01932,1.932e-05,136162784918.8952
1978-03-20T09:26:57,0.02088,2.088e-05,147157295502.40848
1978-03-20T09:49:45,0.0205,2.05e-05,144479145488.47577
1978-03-20T18:35:24,0.02363,2.363e-05,166538644287.44794
1978-03-20T18:58:25,0.02254,2.254e-05,158856582405.37775
1978-03-20T20:54:12,0.02126,2.1260000000000003e-05,149835445516.34122
1978-03-20T21:08:34,0.02335,2.335e-05,164565270592.97116
1978-03-20T21:17:58,0.02014,2.0140000000000004e-05,141941950738.43427
1978-03-20T21:29:50,0.0198,1.9800000000000004e-05,139545711252.28394
1978-03-20T21:41:37,0.02049,2.049e-05,144408667856.53018
1978-03-20T21:54:13,0.02075,2.0750000000000003e-05,146241086287.11572
1978-03-20T22:10:09,0.0217,2.17e-05,152936461321.9475
1978-03-20T22:20:08,0.02212,2.212e-05,155896521863.66263
1978-03-20T22:31:54,0.02198,2.198e-05,154909835016.42426
1978-03-20T22:43:41,0.02123,2.123e-05,149624012620.5044
1978-03-20T22:54:32,0.02291,2.291e-05,161464254787.36484
1978-03-20T23:07:40,0.0223,2.23e-05,157165119238.68338
1978-03-20T23:17:55,0.02066,2.066e-05,145606787599.60535
1978-03-20T23:19:28,0.02705,2.705e-05,190641994412.8424
1978-03-20T23:24:53,0.03269,3.269e-05,230391378830.15964
1978-03-20T23:36:07,0.02373,2.373e-05,167243420606.9039
1978-03-20T23:47:53,0.02142,2.142e-05,150963087627.47076
1978-03-20T23:55:23,0.02102,2.102e-05,148143982349.64685
1978-03-21T00:04:32,0.02213,2.213e-05,155966999495.60822
1978-03-21T00:15:15,0.02258,2.258e-05,159138492933.16013
1978-03-21T00:22:59,0.03827,3.827e-05,269717897455.80325
1978-03-21T00:32:24,0.03015,3.015e-05,212490060315.97772
1978-03-21T00:38:17,0.0251,2.51e-05,176898856183.4508
1978-03-21T00:47:24,0.02253,2.2530000000000003e-05,158786104773.43216
1978-03-21T00:59:11,0.01978,1.978e-05,139404755988.3927
1978-03-21T01:10:59,0.01896,1.896e-05,133625590168.85368
1978-03-21T01:22:46,0.01848,1.848e-05,130242663835.46497
1978-03-21T01:29:44,0.01816,1.816e-05,127987379613.20584
1978-03-21T01:47:25,0.01752,1.752e-05,123476811168.68758
1978-03-21T01:58:40,0.01762,1.762e-05,124181587488.14355
1978-03-21T02:18:30,0.01894,1.894e-05,133484634904.96246
1978-03-21T02:30:17,0.01975,1.975e-05,139193323092.5559
1978-03-21T02:42:58,0.0208,2.08e-05,146593474446.8437
1978-03-21T02:53:52,0.02103,2.103e-05,148214459981.59244
1978-03-21T03:05:39,0.0201,2.01e-05,141660040210.65186
1978-03-21T03:17:27,0.01945,1.945e-05,137078994134.18796
1978-03-21T03:27:37,0.01837,1.837e-05,129467409884.0634
1978-03-21T03:44:14,0.02,2e-05,140955263891.19586
1978-03-21T03:56:02,0.01907,1.907e-05,134400844120.25526
1978-03-21T04:07:49,0.0179,1.7899999999999998e-05,126154961182.62029
1978-03-21T04:19:36,0.01716,1.7160000000000002e-05,120939616418.64606
1978-03-21T04:31:24,0.01706,1.706e-05,120234840099.19006
1978-03-21T04:43:11,0.01657,1.6570000000000002e-05,116781436133.8558
1978-03-21T04:54:58,0.01621,1.621e-05,114244241383.81424
1978-03-21T05:06:46,0.01644,1.644e-05,115865226918.563
1978-03-21T05:18:33,0.01609,1.609e-05,113398509800.46709
1978-03-21T05:30:20,0.01577,1.577e-05,111143225578.20792
1978-03-21T05:42:08,0.01584,1.584e-05,111636569001.82712
1978-03-21T05:55:21,0.0153,1.53e-05,107830776876.76485
1978-03-21T06:05:42,0.01539,1.539e-05,108465075564.2752
1978-03-21T06:17:30,0.01596,1.596e-05,112482300585.1743
1978-03-21T06:29:17,0.01568,1.568e-05,110508926890.69754
1978-03-21T06:41:04,0.01491,1.491e-05,105082149230.88652
1978-03-21T06:52:52,0.01477,1.477e-05,104095462383.64816
1978-03-21T07:04:39,0.01485,1.485e-05,104659283439.21292
1978-03-21T07:16:26,0.01481,1.481e-05,104377372911.43054
1978-03-21T07:28:14,0.01488,1.4880000000000002e-05,104870716335.04971
1978-03-21T07:37:45,0.01584,1.584e-05,111636569001.82712
1978-03-21T07:45:23,0.02373,2.373e-05,167243420606.9039
1978-03-21T08:01:27,0.02,2e-05,140955263891.19586
1978-03-21T08:13:15,0.01813,1.813e-05,127775946717.36906
1978-03-21T08:25:02,0.01815,1.815e-05,127916901981.26024
1978-03-21T08:41:45,0.02328,2.328e-05,164071927169.35196
1978-03-21T08:57:11,0.02285,2.285e-05,161041388995.69125
1978-03-21T09:08:58,0.02172,2.172e-05,153077416585.83868
1978-03-21T09:20:46,0.02182,2.182e-05,153782192905.29468
1978-03-21T09:32:33,0.02171,2.171e-05,153006938953.8931
1978-03-21T09:44:20,0.02231,2.231e-05,157235596870.629
1978-03-21T09:53:21,0.02636,2.636e-05,185779037808.59613
1978-03-21T10:03:38,0.02148,2.148e-05,151385953419.14435
1978-03-21T10:17:34,0.02083,2.083e-05,146804907342.68048
1978-03-21T10:29:21,0.02074,2.074e-05,146170608655.17014
1978-03-21T10:41:53,0.01928,1.928e-05,135880874391.1128
1978-03-21T10:52:56,0.01817,1.817e-05,128057857245.15144
1978-03-21T11:04:43,0.0171,1.7100000000000002e-05,120516750626.97247
1978-03-21T11:13:18,0.01686,1.686e-05,118825287460.27812
1978-03-21T11:33:33,0.01826,1.826e-05,128692155932.6618
1978-03-21T11:45:27,0.02059,2.059e-05,145113444175.98615
1978-03-21T11:47:18,0.02533,2.533e-05,178519841718.19955
1978-03-21T12:03:19,0.0203,2.03e-05,143069592849.56378
1978-03-21T12:14:32,0.01861,1.8610000000000003e-05,131158873050.75777
1978-03-21T12:27:36,0.02013,2.013e-05,141871473106.48862
1978-03-21T12:34:53,0.02328,2.328e-05,164071927169.35196
1978-03-21T12:42:49,0.02815,2.8150000000000003e-05,198394533926.8582
1978-03-21T12:45:59,0.02279,2.279e-05,160618523204.0177
1978-03-21T12:53:55,0.02757,2.757e-05,194306831274.01352
1978-03-22T05:40:17,0.01485,1.485e-05,104659283439.21292
1978-03-22T05:48:17,0.01693,1.6930000000000002e-05,119318630883.89732
1978-03-22T06:03:46,0.0151,1.51e-05,106421224237.85287
1978-03-22T06:14:33,0.01615,1.6150000000000003e-05,113821375592.14069
1978-03-22T06:25:21,0.01524,1.524e-05,107407911085.09125
1978-03-22T06:41:36,0.01459,1.459e-05,102826865008.62738
1978-03-22T06:52:52,0.0148,1.48e-05,104306895279.48494
1978-03-22T07:00:20,0.01492,1.492e-05,105152626862.8321
1978-03-22T07:16:20,0.01419,1.419e-05,100007759730.80348
1978-03-22T07:28:05,0.01407,1.407e-05,99162028147.45628
1978-03-22T07:46:14,0.01374,1.374e-05,96836266293.25156
1978-03-22T08:04:27,0.01446,1.446e-05,101910655793.3346
1978-03-22T08:17:43,0.01399,1.3990000000000002e-05,98598207091.89153
1978-03-22T08:30:07,0.01565,1.565e-05,110297493994.86078
1978-03-22T08:39:36,0.0188,1.88e-05,132497948057.7241
1978-03-22T08:51:20,0.01742,1.7420000000000003e-05,122772034849.2316
1978-03-22T09:01:29,0.01551,1.551e-05,109310807147.62238
1978-03-22T09:15:53,0.01416,1.4160000000000002e-05,99796326834.96667
1978-03-22T09:27:38,0.01391,1.391e-05,98034386036.32672
1978-03-22T09:36:10,0.01396,1.396e-05,98386774196.05472
1978-03-22T09:50:42,0.01483,1.483e-05,104518328175.32172
1978-03-22T10:02:51,0.01407,1.407e-05,99162028147.45628
1978-03-22T10:14:36,0.01354,1.354e-05,95426713654.3396
1978-03-22T10:26:20,0.01462,1.462e-05,103038297904.46416
1978-03-22T10:35:56,0.01421,1.421e-05,100148714994.69466
1978-03-22T10:53:01,0.01398,1.398e-05,98527729459.9459
1978-03-22T11:02:38,0.01299,1.299e-05,91550443897.3317
1978-03-22T11:26:14,0.01401,1.401e-05,98739162355.78268
1978-03-22T11:40:22,0.01401,1.401e-05,98739162355.78268
1978-03-22T11:46:39,0.01695,1.695e-05,119459586147.78848
1978-03-22T12:20:01,0.01446,1.446e-05,101910655793.3346
1978-03-22T12:44:02,0.0149,1.49e-05,105011671598.94092
1978-03-22T12:52:36,0.01318,1.318e-05,92889518904.29808
1978-03-22T13:05:10,0.02236,2.2360000000000003e-05,157587985030.357
1978-03-22T13:13:23,0.03749,3.749e-05,264220642164.04663
1978-03-22T13:47:00,0.02761,2.761e-05,194588741801.79587
1978-03-22T14:22:06,0.01893,1.893e-05,133414157273.01688
1978-03-22T15:02:47,0.01541,1.541e-05,108606030828.1664
1978-03-22T15:23:36,0.01513,1.513e-05,106632657133.68968
1978-03-22T15:59:28,0.01473,1.473e-05,103813551855.86574
1978-03-22T16:14:18,0.01447,1.447e-05,101981133425.2802
1978-03-22T16:31:59,0.01349,1.349e-05,95074325494.6116
1978-03-22T16:51:12,0.01438,1.438e-05,101346834737.76984
1978-03-22T17:04:28,0.01437,1.437e-05,101276357105.82423
1978-03-22T17:15:37,0.01443,1.443e-05,101699222897.49782
1978-03-22T17:38:37,0.01403,1.403e-05,98880117619.6739
1978-03-22T17:53:34,0.01363,1.363e-05,96061012341.84998
1978-03-22T18:07:58,0.01622,1.6219999999999997e-05,114314719015.75984
1978-03-22T18:23:27,0.01767,1.7670000000000002e-05,124533975647.87157
1978-03-22T18:35:12,0.01868,1.868e-05,131652216474.37694
1978-03-22T18:46:56,0.01824,1.824e-05,128551200668.7706
1978-03-22T18:58:40,0.01784,1.7840000000000002e-05,125732095390.94672
1978-03-22T19:10:25,0.01767,1.7670000000000002e-05,124533975647.87157
1978-03-22T19:22:09,0.01691,1.6910000000000002e-05,119177675620.0061
1978-03-22T19:33:54,0.01603,1.603e-05,112975644008.79349
1978-03-22T19:40:50,0.01602,1.602e-05,112905166376.84789
1978-03-22T20:16:04,0.01343,1.343e-05,94651459702.93802
1978-03-22T20:39:16,0.01413,1.413e-05,99584893939.12988
1978-03-22T20:51:49,0.0148,1.48e-05,104306895279.48494
1978-03-22T21:03:33,0.01532,1.532e-05,107971732140.65602
1978-03-22T21:15:18,0.01553,1.5530000000000002e-05,109451762411.5136
1978-03-22T21:22:46,0.01483,1.483e-05,104518328175.32172
1978-03-22T22:10:04,0.01489,1.489e-05,104941193966.99532
1978-03-22T22:28:55,0.01428,1.428e-05,100642058418.31384
1978-03-22T22:41:24,0.01941,1.941e-05,136797083606.4056
1978-03-22T23:17:36,0.01767,1.7670000000000002e-05,124533975647.87157
1978-03-22T23:23:55,0.01517,1.517e-05,106914567661.47206
1978-03-23T00:38:19,0.01553,1.5530000000000002e-05,109451762411.5136
1978-03-23T00:50:07,0.01591,1.5910000000000002e-05,112129912425.44632
1978-03-23T01:01:55,0.01537,1.537e-05,108324120300.38402
1978-03-23T01:13:43,0.0147,1.47e-05,103602118960.02896
1978-03-23T01:25:31,0.01465,1.465e-05,103249730800.30096
1978-03-23T01:36:58,0.01442,1.442e-05,101628745265.55222
1978-03-23T01:49:07,0.01481,1.481e-05,104377372911.43054
1978-03-23T02:00:55,0.01462,1.462e-05,103038297904.46416
1978-03-23T02:17:59,0.0177,1.77e-05,124745408543.70834
1978-03-23T02:24:17,0.01462,1.462e-05,103038297904.46416
1978-03-23T04:49:21,0.0178,1.78e-05,125450184863.1643
1978-03-23T05:03:44,0.02078,2.078e-05,146452519182.95248
1978-03-23T05:06:53,0.01683,1.6830000000000003e-05,118613854564.44131
1978-03-23T05:14:55,0.01661,1.661e-05,117063346661.63815
1978-03-23T05:25:50,0.01645,1.645e-05,115935704550.5086
1978-03-23T05:35:12,0.01685,1.685e-05,118754809828.3325
1978-03-23T05:43:39,0.02218,2.218e-05,156319387655.3362
1978-03-23T06:07:14,0.01552,1.552e-05,109381284779.568
1978-03-23T06:16:07,0.0263,2.63e-05,185356172016.92255
1978-03-23T06:20:08,0.01543,1.543e-05,108746986092.0576
1978-03-23T06:30:44,0.01473,1.473e-05,103813551855.86574
1978-03-23T06:45:13,0.01475,1.475e-05,103954507119.75694
1978-03-23T06:57:01,0.01475,1.475e-05,103954507119.75694
1978-03-23T07:08:49,0.01472,1.472e-05,103743074223.92017
1978-03-23T07:18:29,0.01412,1.412e-05,99514416307.18428
1978-03-23T09:00:56,0.01279,1.279e-05,90140891258.41974
1978-03-23T09:25:04,0.01404,1.404e-05,98950595251.61948
1978-03-23T09:37:07,0.01439,1.439e-05,101417312369.71544
1978-03-23T09:43:52,0.0174,1.74e-05,122631079585.3404
1978-03-23T09:50:09,0.01295,1.295e-05,91268533369.54932
1978-03-23T10:02:37,0.01392,1.392e-05,98104863668.27232
1978-03-23T10:14:25,0.01427,1.427e-05,100571580786.36826
1978-03-23T11:04:26,0.01455,1.455e-05,102544954480.845
1978-03-23T11:17:21,0.0165,1.65e-05,116288092710.2366
1978-03-23T11:22:00,0.01895,1.8950000000000003e-05,133555112536.9081
1978-03-23T11:33:48,0.01724,1.7239999999999998e-05,121503437474.21082
1978-03-23T11:46:30,0.016,1.6e-05,112764211112.95668
1978-03-23T11:57:24,0.01575,1.575e-05,111002270314.31674
1978-03-23T12:08:39,0.01987,1.987e-05,140039054675.90308
1978-03-23T12:19:45,0.01532,1.532e-05,107971732140.65602
1978-03-23T12:31:44,0.01568,1.568e-05,110508926890.69754
1978-03-23T12:45:41,0.01466,1.466e-05,103320208432.24657
1978-03-23T12:56:57,0.01522,1.522e-05,107266955821.20006
1978-03-23T13:06:53,0.01514,1.514e-05,106703134765.63528
1978-03-23T13:21:02,0.01483,1.483e-05,104518328175.32172
1978-03-23T13:34:18,0.0147,1.47e-05,103602118960.02896
1978-03-23T13:44:39,0.01485,1.485e-05,104659283439.21292
1978-03-23T13:58:38,0.01454,1.454e-05,102474476848.8994
1978-03-23T14:09:54,0.01408,1.408e-05,99232505779.40189
1978-03-23T14:40:29,0.01411,1.411e-05,99443938675.23866
1978-03-23T14:52:43,0.01395,1.395e-05,98316296564.10912
1978-03-23T15:15:53,0.01416,1.4160000000000002e-05,99796326834.96667
1978-03-23T15:27:41,0.01427,1.427e-05,100571580786.36826
1978-03-23T15:41:06,0.01287,1.287e-05,90704712313.98453
1978-03-23T21:05:28,0.01394,1.394e-05,98245818932.16351
1978-03-23T21:28:09,0.0133,1.33e-05,93735250487.64523
1978-03-23T21:39:57,0.01297,1.297e-05,91409488633.44052
1978-03-23T21:51:45,0.01297,1.297e-05,91409488633.44052
1978-03-23T22:03:33,0.01355,1.355e-05,95497191286.2852
1978-03-23T22:15:21,0.01376,1.376e-05,96977221557.14276
1978-03-23T22:26:37,0.01399,1.3990000000000002e-05,98598207091.89153
1978-03-24T02:33:22,0.01513,1.513e-05,106632657133.68968
1978-03-24T02:58:33,0.01518,1.518e-05,106985045293.41766
1978-03-24T03:09:48,0.01459,1.459e-05,102826865008.62738
1978-03-24T03:24:16,0.01449,1.449e-05,102122088689.1714
1978-03-24T03:36:03,0.01466,1.466e-05,103320208432.24657
1978-03-24T03:47:50,0.01446,1.446e-05,101910655793.3346
1978-03-24T03:59:23,0.01373,1.373e-05,96765788661.30595
1978-03-24T04:14:12,0.01161,1.161e-05,81824530688.8392
1978-03-24T04:18:51,0.01489,1.489e-05,104941193966.99532
1978-03-24T05:18:35,0.01571,1.5709999999999997e-05,110720359786.53432
1978-03-24T05:29:16,0.01659,1.6590000000000002e-05,116922391397.74698
1978-03-24T05:40:58,0.01552,1.552e-05,109381284779.568
1978-03-24T05:53:11,0.01562,1.562e-05,110086061099.02396
1978-03-24T06:03:54,0.01602,1.602e-05,112905166376.84789
1978-03-24T07:02:50,0.0177,1.77e-05,124745408543.70834
1978-03-24T07:14:37,0.01774,1.774e-05,125027319071.49072
1978-03-24T07:24:48,0.01952,1.952e-05,137572337557.80716
1978-03-24T07:29:30,0.02168,2.168e-05,152795506058.05634
1978-03-24T07:35:42,0.01955,1.955e-05,137783770453.64395
1978-03-24T09:47:50,0.01747,1.747e-05,123124423008.95958
1978-03-24T10:00:42,0.01938,1.938e-05,136585650710.5688
1978-03-24T10:13:49,0.02343,2.343e-05,165129091648.53598
1978-03-24T10:23:12,0.02046,2.046e-05,144197234960.69336
1978-03-24T10:39:16,0.01664,1.664e-05,117274779557.47496
1978-03-24T14:06:35,0.01541,1.541e-05,108606030828.1664
1978-03-24T14:21:03,0.01639,1.6389999999999997e-05,115512838758.83498
1978-03-24T14:32:51,0.01645,1.645e-05,115935704550.5086
1978-03-24T14:44:38,0.01663,1.663e-05,117204301925.52934
1978-03-24T14:56:25,0.0159,1.59e-05,112059434793.5007
1978-03-24T15:08:12,0.01639,1.6389999999999997e-05,115512838758.83498
1978-03-24T15:18:29,0.01795,1.7950000000000003e-05,126507349342.3483
1978-03-24T15:22:16,0.02175,2.175e-05,153288849481.6755
1978-03-24T15:31:46,0.01756,1.7559999999999998e-05,123758721696.46996
1978-03-24T15:43:33,0.01704,1.704e-05,120093884835.29886
1978-03-24T15:55:59,0.01733,1.7330000000000002e-05,122137736161.72122
1978-03-24T16:07:08,0.01711,1.711e-05,120587228258.91806
1978-03-24T16:18:55,0.01764,1.764e-05,124322542752.03474
1978-03-24T16:38:14,0.02097,2.097e-05,147791594189.91888
1978-03-24T16:48:27,0.02477,2.477e-05,174573094329.24606
1978-03-24T16:53:47,0.02022,2.022e-05,142505771793.99902
1978-03-24T17:03:02,0.01891,1.891e-05,133273202009.12569
1978-03-24T17:14:06,0.02091,2.091e-05,147368728398.24527
1978-03-24T17:25:21,0.02777,2.777e-05,195716383912.92548
1978-03-24T17:36:04,0.031,3.1e-05,218480659031.3536
1978-03-24T17:47:51,0.02686,2.686e-05,189302919405.87604
1978-03-24T18:00:02,0.02467,2.4670000000000003e-05,173868318009.79013
1978-03-24T18:11:25,0.02201,2.201e-05,155121267912.26102
1978-03-24T18:23:12,0.02011,2.011e-05,141730517842.59744
1978-03-24T18:34:59,0.01809,1.809e-05,127494036189.58664
1978-03-24T18:46:46,0.01697,1.697e-05,119600541411.67969
1978-03-24T18:54:49,0.01691,1.6910000000000002e-05,119177675620.0061
1978-03-24T19:10:21,0.01688,1.688e-05,118966242724.16933
1978-03-24T19:21:36,0.01726,1.726e-05,121644392738.10204
1978-03-24T19:38:12,0.01687,1.687e-05,118895765092.22372
1978-03-24T19:49:59,0.01614,1.614e-05,113750897960.19508
1978-03-24T20:01:47,0.01592,1.592e-05,112200390057.3919
1978-03-24T20:13:34,0.01556,1.556e-05,109663195307.35036
1978-03-24T20:27:29,0.02041,2.0410000000000003e-05,143844846800.9654
1978-03-24T20:37:08,0.01597,1.597e-05,112552778217.11987
1978-03-24T20:48:55,0.0163,1.63e-05,114878540071.32462
1978-03-24T21:00:42,0.01682,1.682e-05,118543376932.49573
1978-03-24T21:09:17,0.01607,1.607e-05,113257554536.57588
1978-03-24T21:40:53,0.016,1.6e-05,112764211112.95668
1978-03-24T21:59:05,0.01609,1.609e-05,113398509800.46709
1978-03-24T22:03:55,0.02042,2.042e-05,143915324432.91098
1978-03-24T22:16:04,0.01719,1.719e-05,121151049314.48283
1978-03-24T22:20:47,0.02998,2.998e-05,211291940572.9026
1978-03-24T22:31:15,0.0167,1.67e-05,117697645349.14851
1978-03-24T22:48:55,0.01659,1.6590000000000002e-05,116922391397.74698
1978-03-24T23:00:21,0.01733,1.7330000000000002e-05,122137736161.72122
1978-03-24T23:16:35,0.02939,2.939e-05,207133760288.11237
1978-03-24T23:21:41,0.06278,6.278e-05,442458573354.4638
1978-03-24T23:33:38,0.05709,5.709e-05,402356800777.4186
1978-03-24T23:42:54,0.04173,4.173e-05,294103158108.98016
1978-03-24T23:52:08,0.03512,3.512e-05,247517443392.9399
1978-03-25T00:08:14,0.02812,2.812e-05,198183101031.02136
1978-03-25T00:20:00,0.02484,2.4840000000000003e-05,175066437752.8653
1978-03-25T00:29:38,0.0223,2.23e-05,157165119238.68338
1978-03-25T00:44:36,0.0188,1.88e-05,132497948057.7241
1978-03-25T00:54:14,0.01877,1.877e-05,132286515161.8873
1978-03-25T01:26:41,0.01801,1.8010000000000002e-05,126930215134.02188
1978-03-25T01:37:08,0.02346,2.346e-05,165340524544.37274
1978-03-25T01:45:47,0.01718,1.718e-05,121080571682.53726
1978-03-25T01:55:44,0.01844,1.8440000000000003e-05,129960753307.6826
1978-03-25T02:28:08,0.01872,1.872e-05,131934127002.15932
1978-03-25T02:36:23,0.02042,2.042e-05,143915324432.91098
1978-03-25T03:20:47,0.01736,1.736e-05,122349169057.558
1978-03-25T03:32:33,0.01661,1.661e-05,117063346661.63815
1978-03-25T03:44:19,0.01631,1.631e-05,114949017703.27023
1978-03-25T03:56:05,0.01659,1.6590000000000002e-05,116922391397.74698
1978-03-25T04:07:51,0.01681,1.681e-05,118472899300.55013
1978-03-25T04:19:37,0.0167,1.67e-05,117697645349.14851
1978-03-25T04:28:42,0.01697,1.697e-05,119600541411.67969
1978-03-25T04:45:13,0.0168,1.68e-05,118402421668.6045
1978-03-25T05:19:39,0.01668,1.668e-05,117556690085.25735
1978-03-25T05:32:30,0.01596,1.596e-05,112482300585.1743
1978-03-25T05:41:59,0.01553,1.5530000000000002e-05,109451762411.5136
1978-03-25T06:29:03,0.01558,1.558e-05,109804150571.24156
1978-03-25T06:40:49,0.01516,1.516e-05,106844090029.52646
1978-03-25T06:59:56,0.01499,1.499e-05,105645970286.4513
1978-03-25T07:56:46,0.01568,1.568e-05,110508926890.69754
1978-03-25T08:07:18,0.01407,1.407e-05,99162028147.45628
1978-03-25T08:20:18,0.01562,1.562e-05,110086061099.02396
1978-03-25T08:40:05,0.01464,1.464e-05,103179253168.35536
1978-03-25T09:16:00,0.0143,1.43e-05,100783013682.20505
1978-03-25T09:23:25,0.01529,1.529e-05,107760299244.81924
1978-03-25T10:20:06,0.01486,1.486e-05,104729761071.15852
1978-03-25T10:32:17,0.01542,1.542e-05,108676508460.112
1978-03-25T10:43:08,0.01608,1.6080000000000002e-05,113328032168.52148
1978-03-25T11:00:45,0.01545,1.545e-05,108887941355.9488
1978-03-25T11:12:31,0.01574,1.5740000000000002e-05,110931792682.37115
1978-03-25T11:23:10,0.01468,1.468e-05,103461163696.13776
1978-03-25T11:37:16,0.01741,1.7409999999999998e-05,122701557217.28596
1978-03-25T11:59:35,0.0167,1.67e-05,117697645349.14851
1978-03-25T12:11:21,0.016,1.6e-05,112764211112.95668
1978-03-25T12:21:31,0.01573,1.573e-05,110861315050.42557
1978-03-25T19:58:41,0.01468,1.468e-05,103461163696.13776
1978-03-25T20:11:07,0.01502,1.502e-05,105857403182.2881
1978-03-25T20:26:37,0.01527,1.527e-05,107619343980.92804
1978-03-25T20:38:24,0.01505,1.505e-05,106068836078.12488
1978-03-25T20:49:51,0.01509,1.509e-05,106350746605.90729
1978-03-25T21:01:55,0.01479,1.479e-05,104236417647.53934
1978-03-25T21:13:41,0.01468,1.468e-05,103461163696.13776
1978-03-25T21:25:28,0.01424,1.424e-05,100360147890.53143
1978-03-25T21:37:14,0.01468,1.468e-05,103461163696.13776
1978-03-25T21:46:19,0.01507,1.507e-05,106209791342.01608
1978-03-25T22:02:54,0.01477,1.477e-05,104095462383.64816
1978-03-25T22:14:40,0.01426,1.426e-05,100501103154.42264
1978-03-25T22:26:26,0.01491,1.491e-05,105082149230.88652
1978-03-25T22:38:12,0.01513,1.513e-05,106632657133.68968
1978-03-25T22:49:58,0.01492,1.492e-05,105152626862.8321
1978-03-25T23:01:44,0.01397,1.397e-05,98457251828.0003
1978-03-25T23:15:02,0.01325,1.325e-05,93382862327.91728
1978-03-25T23:24:44,0.01287,1.287e-05,90704712313.98453
1978-03-26T05:13:18,0.01277,1.277e-05,89999935994.52855
1978-03-26T05:25:03,0.01277,1.277e-05,89999935994.52855
1978-03-26T05:36:48,0.01272,1.272e-05,89647547834.80057
1978-03-26T05:48:33,0.01275,1.275e-05,89858980730.63736
1978-03-26T06:00:18,0.01266,1.266e-05,89224682043.12697
1978-03-26T06:12:03,0.01268,1.268e-05,89365637307.01817
1978-03-26T06:23:48,0.01282,1.282e-05,90352324154.25656
1978-03-26T06:34:08,0.01243,1.243e-05,87603696508.37823
1978-03-26T06:47:18,0.01244,1.244e-05,87674174140.32382
1978-03-26T06:59:03,0.01246,1.246e-05,87815129404.21503
1978-03-26T07:10:48,0.01261,1.261e-05,88872293883.39899
1978-03-26T07:22:33,0.01261,1.261e-05,88872293883.39899
1978-03-26T07:34:18,0.01267,1.267e-05,89295159675.07257
1978-03-26T07:46:03,0.01332,1.332e-05,93876205751.53644
1978-03-26T07:57:48,0.01433,1.4330000000000002e-05,100994446578.04184
1978-03-26T08:07:57,0.01647,1.647e-05,116076659814.3998
1978-03-26T08:15:26,0.0193,1.93e-05,136021829655.004
1978-03-26T08:22:22,0.0229,2.29e-05,161393777155.41925
1978-03-26T08:31:59,0.02653,2.653e-05,186977157551.67133
1978-03-26T08:43:44,0.02848,2.848e-05,200720295781.0629
1978-03-26T08:54:57,0.02897,2.897e-05,204173699746.3972
1978-03-26T09:13:39,0.02677,2.677e-05,188668620718.36563
1978-03-26T09:25:24,0.02517,2.517e-05,177392199607.06998
1978-03-26T09:37:09,0.02404,2.404e-05,169428227197.21744
1978-03-26T09:48:54,0.02339,2.339e-05,164847181120.75357
1978-03-26T10:00:39,0.02228,2.228e-05,157024163974.79218
1978-03-26T10:12:24,0.02109,2.1090000000000003e-05,148637325773.26605
1978-03-26T10:22:01,0.02024,2.0240000000000003e-05,142646727057.89023
1978-03-26T10:38:02,0.01859,1.859e-05,131017917786.86656
1978-03-26T10:51:19,0.01697,1.697e-05,119600541411.67969
1978-03-26T11:01:32,0.01669,1.669e-05,117627167717.20294
1978-03-26T11:13:17,0.01612,1.6119999999999998e-05,113609942696.30383
1978-03-26T11:25:02,0.01546,1.546e-05,108958418987.8944
1978-03-26T11:36:47,0.01561,1.561e-05,110015583467.07838
1978-03-26T11:48:32,0.01548,1.548e-05,109099374251.7856
1978-03-26T12:00:17,0.01553,1.5530000000000002e-05,109451762411.5136
1978-03-26T12:12:02,0.01533,1.533e-05,108042209772.60164
1978-03-26T12:23:47,0.01482,1.482e-05,104447850543.37614
1978-03-26T12:35:32,0.01451,1.451e-05,102263043953.0626
1978-03-26T12:42:29,0.01411,1.411e-05,99443938675.23866
1978-03-26T13:45:06,0.01277,1.277e-05,89999935994.52855
1978-03-26T13:56:10,0.01545,1.545e-05,108887941355.9488
1978-03-26T14:05:39,0.01102,1.102e-05,77666350404.04892
1978-03-26T14:13:21,0.01992,1.992e-05,140391442835.63107
1978-03-26T14:17:01,0.02388,2.388e-05,168300585086.08783
1978-03-26T14:28:46,0.02496,2.496e-05,175912169336.21243
1978-03-26T14:40:31,0.02544,2.544e-05,179295095669.60114
1978-03-26T14:48:20,0.02309,2.309e-05,162732852162.38562
1978-03-26T14:57:53,0.02775,2.775e-05,195575428649.03427
1978-03-26T15:07:23,0.02559,2.559e-05,180352260148.7851
1978-03-26T15:10:39,0.02204,2.204e-05,155332700808.09784
1978-03-26T15:23:55,0.02301,2.301e-05,162169031106.82083
1978-03-26T15:33:13,0.02819,2.819e-05,198676444454.64056
1978-03-26T15:42:05,0.0236,2.36e-05,166327211391.6111
1978-03-26T15:48:24,0.03173,3.173e-05,223625526163.38223
1978-03-26T15:57:26,0.02679,2.6790000000000003e-05,188809575982.25687
1978-03-26T16:10:11,0.02624,2.624e-05,184933306225.24896
1978-03-26T16:16:51,0.03528,3.528e-05,248645085504.0695
1978-03-26T16:26:20,0.02464,2.464e-05,173656885113.95328
1978-03-26T16:38:59,0.02217,2.217e-05,156248910023.39062
1978-03-26T16:49:46,0.01976,1.976e-05,139263800724.5015
1978-03-26T16:55:07,0.02437,2.437e-05,171753989051.42215
1978-03-26T17:01:07,0.02682,2.682e-05,189021008878.0937
1978-03-26T17:05:51,0.02126,2.1260000000000003e-05,149835445516.34122
1978-03-26T17:15:20,0.02627,2.627e-05,185144739121.08572
1978-03-26T17:29:18,0.02778,2.778e-05,195786861544.87103
1978-03-27T05:46:25,0.01651,1.651e-05,116358570342.18216
1978-03-27T05:57:17,0.02062,2.062e-05,145324877071.8229
1978-03-27T06:16:27,0.01733,1.7330000000000002e-05,122137736161.72122
1978-03-27T06:46:50,0.01374,1.374e-05,96836266293.25156
1978-03-27T07:29:18,0.01717,1.717e-05,121010094050.59164
1978-03-27T07:38:21,0.01582,1.582e-05,111495613737.93591
1978-03-27T07:55:33,0.01707,1.7069999999999998e-05,120305317731.13564
1978-03-27T08:12:53,0.015,1.5e-05,105716447918.3969
1978-03-27T08:23:43,0.01894,1.894e-05,133484634904.96246
1978-03-27T08:29:52,0.01405,1.405e-05,99021072883.5651
1978-03-27T08:36:26,0.01933,1.933e-05,136233262550.8408
1978-03-27T08:44:15,0.0163,1.63e-05,114878540071.32462
1978-03-27T08:50:53,0.02158,2.158e-05,152090729738.60034
1978-03-27T09:11:06,0.01772,1.772e-05,124886363807.59952
1978-03-27T09:22:09,0.01931,1.931e-05,136092307286.9496
1978-03-27T09:24:22,0.02416,2.416e-05,170273958780.5646
1978-03-27T09:35:44,0.01736,1.736e-05,122349169057.558
1978-03-27T09:51:34,0.01594,1.594e-05,112341345321.2831
1978-03-27T09:57:49,0.0185,1.85e-05,130383619099.35616
1978-03-27T10:11:40,0.01849,1.849e-05,130313141467.41055
1978-03-27T10:30:43,0.02048,2.048e-05,144338190224.58456
1978-03-27T10:40:40,0.02034,2.034e-05,143351503377.34622
1978-03-27T10:57:10,0.01742,1.7420000000000003e-05,122772034849.2316
1978-03-27T11:18:36,0.01758,1.7579999999999998e-05,123899676960.36116
1978-03-27T11:30:53,0.01695,1.695e-05,119459586147.78848
1978-03-27T11:42:07,0.01724,1.7239999999999998e-05,121503437474.21082
1978-03-27T11:54:11,0.01595,1.5949999999999998e-05,112411822953.22868
1978-03-27T12:20:10,0.01614,1.614e-05,113750897960.19508
1978-03-27T12:34:03,0.01574,1.5740000000000002e-05,110931792682.37115
1978-03-27T13:04:04,0.01627,1.627e-05,114667107175.4878
1978-03-27T13:25:16,0.01609,1.609e-05,113398509800.46709
1978-03-27T13:30:08,0.01908,1.908e-05,134471321752.20084
1978-03-27T13:38:24,0.0172,1.72e-05,121221526946.42844
1978-03-28T02:32:18,0.01353,1.353e-05,95356236022.394
1978-03-28T02:42:59,0.01317,1.317e-05,92819041272.35248
1978-03-28T10:22:34,0.01648,1.648e-05,116147137446.34538
1978-03-28T10:34:21,0.01639,1.6389999999999997e-05,115512838758.83498
1978-03-28T10:46:08,0.01644,1.644e-05,115865226918.563
1978-03-28T10:57:55,0.01647,1.647e-05,116076659814.3998
1978-03-28T11:09:41,0.01624,1.624e-05,114455674279.65105
1978-03-28T11:19:50,0.01557,1.5570000000000002e-05,109733672939.29596
1978-03-28T11:34:46,0.01454,1.454e-05,102474476848.8994
1978-03-28T11:41:32,0.01346,1.346e-05,94862892598.7748
1978-03-28T11:53:30,0.01404,1.404e-05,98950595251.61948
1978-03-28T12:05:14,0.01331,1.331e-05,93805728119.59084
1978-03-28T12:17:00,0.01289,1.289e-05,90845667577.87572
1978-03-28T12:24:30,0.01295,1.295e-05,91268533369.54932
1978-03-28T12:50:10,0.01237,1.2370000000000002e-05,87180830716.70465
1978-03-28T13:01:58,0.01284,1.284e-05,90493279418.14777
1978-03-28T13:13:45,0.01277,1.277e-05,89999935994.52855
1978-03-28T13:25:39,0.01314,1.314e-05,92607608376.51569
1978-03-28T13:34:39,0.01312,1.312e-05,92466653112.62448
1978-03-28T13:52:20,0.01326,1.326e-05,93453339959.86284
1978-03-28T14:03:29,0.01446,1.446e-05,101910655793.3346
1978-03-28T14:13:31,0.01341,1.341e-05,94510504439.04684
1978-03-28T14:24:28,0.0135,1.35e-05,95144803126.5572
1978-03-28T14:41:36,0.01358,1.358e-05,95708624182.122
1978-03-28T14:53:23,0.01353,1.353e-05,95356236022.394
1978-03-28T15:05:09,0.0132,1.32e-05,93030474168.18929
1978-03-28T15:16:56,0.0132,1.32e-05,93030474168.18929
1978-03-28T15:26:55,0.01315,1.315e-05,92678086008.46127
1978-03-28T15:41:31,0.0136,1.36e-05,95849579446.01318
1978-03-28T16:04:02,0.013,1.3e-05,91620921529.2773
1978-03-28T16:15:54,0.01475,1.475e-05,103954507119.75694
1978-03-28T16:23:27,0.01607,1.607e-05,113257554536.57588
1978-03-28T16:34:33,0.01886,1.886e-05,132920813849.39767
1978-03-28T16:47:04,0.02039,2.039e-05,143703891537.07416
1978-03-28T17:01:37,0.01963,1.9630000000000003e-05,138347591509.20877
1978-03-28T17:18:53,0.01854,1.854e-05,130665529627.13858
1978-03-28T17:27:46,0.01755,1.755e-05,123688244064.52435
1978-03-28T17:56:03,0.015,1.5e-05,105716447918.3969
1978-03-29T06:11:46,0.01123,1.123e-05,79146380674.90648
1978-03-29T06:22:39,0.01058,1.058e-05,74565334598.44261
1978-03-29T06:35:45,0.01072,1.072e-05,75552021445.68098
1978-03-29T06:39:48,0.00888,8.880000000000001e-06,62584137167.69097
1978-03-29T06:59:36,0.00985,9.85e-06,69420467466.41396
1978-03-29T07:10:43,0.0105,1.05e-05,74001513542.87782
1978-03-29T13:03:24,0.01099,1.099e-05,77454917508.21213
1978-03-29T13:24:06,0.01226,1.226e-05,86405576765.30305
1978-03-29T13:37:29,0.01161,1.161e-05,81824530688.8392
1978-03-29T13:56:14,0.01136,1.136e-05,80062589890.19925
1978-03-29T14:09:33,0.01198,1.198e-05,84432203070.82631
1978-03-29T14:19:48,0.01253,1.253e-05,88308472827.83421
1978-03-29T14:27:50,0.01275,1.275e-05,89858980730.63736
1978-03-29T14:59:25,0.0128,1.28e-05,90211368890.36536
1978-03-29T15:08:00,0.01302,1.302e-05,91761876793.1685
1978-03-29T15:24:03,0.01401,1.401e-05,98739162355.78268
1978-03-29T22:44:15,0.0124,1.24e-05,87392263612.54143
1978-03-29T22:56:55,0.01154,1.154e-05,81331187265.22
1978-03-29T23:07:49,0.01138,1.138e-05,80203545154.09044
1978-03-29T23:19:35,0.01132,1.132e-05,79780679362.41685
1978-03-29T23:31:22,0.0111,1.11e-05,78230171459.61371
1978-03-29T23:43:09,0.01107,1.107e-05,78018738563.77692
1978-03-29T23:55:13,0.01112,1.112e-05,78371126723.5049
1978-03-30T00:05:54,0.01267,1.267e-05,89295159675.07257
1978-03-30T00:17:32,0.01239,1.239e-05,87321785980.59583
1978-03-30T00:29:19,0.01371,1.371e-05,96624833397.41476
1978-03-30T00:41:06,0.01353,1.353e-05,95356236022.394
1978-03-30T00:52:21,0.01314,1.314e-05,92607608376.51569
1978-03-30T01:11:06,0.01216,1.216e-05,85700800445.84708
1978-03-30T01:22:53,0.01225,1.225e-05,86335099133.35747
1978-03-30T01:35:19,0.01223,1.223e-05,86194143869.46628
1978-03-30T01:46:27,0.01226,1.226e-05,86405576765.30305
1978-03-30T01:58:14,0.01217,1.217e-05,85771278077.79268
1978-03-30T02:07:53,0.01202,1.202e-05,84714113598.60872
1978-03-30T02:28:14,0.01209,1.209e-05,85207457022.2279
1978-03-30T02:40:01,0.01206,1.206e-05,84996024126.3911
1978-03-30T02:49:39,0.01225,1.225e-05,86335099133.35747
1978-03-30T03:10:01,0.01258,1.258e-05,88660860987.5622
1978-03-30T03:21:48,0.012,1.2e-05,84573158334.71751
1978-03-30T03:33:35,0.01197,1.197e-05,84361725438.88072
1978-03-30T03:45:22,0.01202,1.202e-05,84714113598.60872
1978-03-30T03:57:09,0.01238,1.238e-05,87251308348.65024
1978-03-30T04:08:56,0.01318,1.318e-05,92889518904.29808
1978-03-30T04:20:43,0.0138,1.38e-05,97259132084.92514
1978-03-30T04:32:30,0.01396,1.396e-05,98386774196.05472
1978-03-30T04:44:17,0.0142,1.42e-05,100078237362.74908
1978-03-30T04:56:04,0.01387,1.387e-05,97752475508.54434
1978-03-30T08:46:24,0.01338,1.338e-05,94299071543.21002
1978-03-30T09:06:54,0.01334,1.334e-05,94017161015.42764
1978-03-30T09:13:59,0.01163,1.163e-05,81965485952.7304
1978-03-30T09:22:49,0.0133,1.33e-05,93735250487.64523
1978-03-30T09:34:37,0.01353,1.353e-05,95356236022.394
1978-03-30T09:46:24,0.01355,1.355e-05,95497191286.2852
1978-03-30T09:58:11,0.01322,1.322e-05,93171429432.08046
1978-03-30T10:09:58,0.01326,1.326e-05,93453339959.86284
1978-03-30T10:21:45,0.01352,1.352e-05,95285758390.4484
1978-03-30T10:33:32,0.01368,1.368e-05,96413400501.57796
1978-03-30T10:45:19,0.01356,1.356e-05,95567668918.2308
1978-03-30T11:11:47,0.01486,1.486e-05,104729761071.15852
1978-03-30T11:23:53,0.01575,1.575e-05,111002270314.31674
1978-03-30T18:34:22,0.02061,2.061e-05,145254399439.87732
1978-03-30T18:51:57,0.02142,2.142e-05,150963087627.47076
1978-03-30T18:57:41,0.01868,1.868e-05,131652216474.37694
1978-03-30T19:17:49,0.02261,2.261e-05,159349925828.99695
1978-03-30T19:30:47,0.01966,1.966e-05,138559024405.04553
1978-03-30T19:43:39,0.01735,1.735e-05,122278691425.6124
1978-03-30T20:03:28,0.01928,1.928e-05,135880874391.1128
1978-03-30T20:21:40,0.01894,1.894e-05,133484634904.96246
1978-03-30T20:28:11,0.01643,1.643e-05,115794749286.6174
1978-03-30T20:42:24,0.01943,1.943e-05,136938038870.29675
1978-03-30T20:50:19,0.02297,2.297e-05,161887120579.03845
1978-03-30T21:02:57,0.02114,2.114e-05,148989713932.99405
1978-03-30T21:20:36,0.02078,2.078e-05,146452519182.95248
1978-03-30T21:30:46,0.02055,2.055e-05,144831533648.20374
1978-03-30T21:52:44,0.0198,1.9800000000000004e-05,139545711252.28394
1978-03-30T22:08:48,0.01913,1.913e-05,134823709911.92883
1978-03-30T22:16:50,0.01917,1.917e-05,135105620439.71124
1978-03-30T22:32:22,0.01931,1.931e-05,136092307286.9496
1978-03-30T22:41:29,0.01932,1.932e-05,136162784918.8952
1978-03-30T22:58:05,0.0203,2.03e-05,143069592849.56378
1978-03-30T23:09:02,0.02122,2.122e-05,149553534988.5588
1978-03-30T23:20:35,0.0241,2.41e-05,169851092988.891
1978-03-30T23:26:48,0.02786,2.786e-05,196350682600.43585
1978-03-30T23:37:16,0.02798,2.7980000000000003e-05,197196414183.78305
1978-03-30T23:50:35,0.02609,2.609e-05,183876141746.065
1978-03-30T23:57:32,0.02544,2.544e-05,179295095669.60114
1978-03-31T00:06:25,0.02411,2.411e-05,169921570620.8366
1978-03-31T00:17:40,0.02234,2.234e-05,157447029766.46576
1978-03-31T00:36:08,0.02307,2.307e-05,162591896898.49442
1978-03-31T00:48:21,0.02243,2.243e-05,158081328453.97614
1978-03-31T01:00:08,0.02086,2.086e-05,147016340238.51727
1978-03-31T01:11:57,0.01986,1.986e-05,139968577043.9575
1978-03-31T01:21:37,0.01939,1.939e-05,136656128342.5144
1978-03-31T01:39:41,0.01896,1.896e-05,133625590168.85368
1978-03-31T02:05:44,0.019,1.9e-05,133907500696.63608
1978-03-31T02:17:34,0.01901,1.901e-05,133977978328.58168
1978-03-31T02:29:26,0.01942,1.942e-05,136867561238.35118
1978-03-31T02:39:41,0.02035,2.035e-05,143421981009.2918
1978-03-31T03:03:55,0.02082,2.082e-05,146734429710.7349
1978-03-31T03:15:46,0.02111,2.111e-05,148778281037.15723
1978-03-31T03:24:23,0.02121,2.121e-05,149483057356.6132
1978-03-31T03:46:59,0.0212,2.12e-05,149412579724.6676
1978-03-31T03:58:49,0.02091,2.091e-05,147368728398.24527
1978-03-31T04:09:14,0.02111,2.111e-05,148778281037.15723
1978-03-31T04:23:32,0.02003,2.003e-05,141166696787.03265
1978-03-31T04:35:22,0.01982,1.982e-05,139686666516.1751
1978-03-31T04:47:13,0.02014,2.0140000000000004e-05,141941950738.43427
1978-03-31T04:59:03,0.0197,1.97e-05,138840934932.8279
1978-03-31T05:11:03,0.01922,1.922e-05,135458008599.43924
1978-03-31T05:21:54,0.02835,2.835e-05,199804086565.7701
1978-03-31T05:29:08,0.02191,2.191e-05,154416491592.80505
1978-03-31T05:38:51,0.01926,1.926e-05,135739919127.2216
1978-03-31T05:47:27,0.01895,1.8950000000000003e-05,133555112536.9081
1978-03-31T06:07:55,0.01936,1.936e-05,136444695446.67758
1978-03-31T06:19:45,0.01892,1.892e-05,133343679641.07127
1978-03-31T06:31:35,0.01862,1.862e-05,131229350682.70335
1978-03-31T06:43:26,0.01902,1.902e-05,134048455960.52724
1978-03-31T06:55:15,0.01836,1.836e-05,129396932252.1178
1978-03-31T07:07:05,0.0185,1.85e-05,130383619099.35616
1978-03-31T07:15:10,0.01633,1.633e-05,115089972967.16142
1978-03-31T07:23:07,0.01816,1.816e-05,127987379613.20584
1978-03-31T07:32:38,0.01786,1.7860000000000002e-05,125873050654.8379
1978-03-31T07:42:35,0.01764,1.764e-05,124322542752.03474
1978-03-31T07:51:47,0.01921,1.921e-05,135387530967.49362
1978-03-31T08:05:40,0.01781,1.781e-05,125520662495.10992
1978-03-31T08:18:06,0.01773,1.7729999999999998e-05,124956841439.5451
1978-03-31T08:29:57,0.01799,1.799e-05,126789259870.13066
1978-03-31T08:41:47,0.01782,1.782e-05,125591140127.0555
1978-03-31T08:49:19,0.01788,1.788e-05,126014005918.72913
1978-04-01T04:52:18,0.018278,1.8278e-05,128819015670.1639
1978-04-01T04:54:40,0.021847,2.1847e-05,153972482511.5478
1978-04-01T04:55:00,0.02512,2.512e-05,177039811447.34198
1978-04-01T04:55:47,0.033017,3.3017e-05,232695997394.78067
1978-04-01T04:56:51,0.041877,4.1877e-05,295139179298.58044
1978-04-01T05:02:16,0.031773,3.1773e-05,223928579980.7483
1978-04-01T05:02:23,0.045016,4.5016e-05,317262107966.30365
1978-04-01T05:02:44,0.055707,5.5707e-05,392609744279.3424
1978-04-01T05:03:27,0.0692,6.92e-05,487705213063.5377
1978-04-01T05:03:28,0.037173,3.7173e-05,261986501231.37115
1978-04-01T05:41:27,0.016944,1.6944000000000002e-05,119417299568.62114
1978-04-01T05:49:50,0.013602,1.3602e-05,95863674972.4023
1978-04-01T05:53:48,0.012612,1.2612e-05,88886389409.78812
1978-04-01T05:54:19,0.017554,1.7554e-05,123716435117.3026
1978-04-01T05:59:49,0.017387,1.7387e-05,122539458663.81113
1978-04-01T06:02:36,0.01407,1.407e-05,99162028147.45628
1978-04-01T06:08:06,0.013164,1.3164e-05,92776754693.18512
1978-04-01T07:48:30,0.066111,6.6111e-05,465934672555.54254
1978-04-01T07:50:13,0.034462,3.4462e-05,242880015210.9196
1978-04-01T07:50:31,0.047305,4.7305e-05,333394437918.651
1978-04-01T07:50:54,0.040713,4.0713e-05,286935582940.11285
1978-04-01T07:51:02,0.027209,2.7209e-05,191762588760.7774
1978-04-01T07:51:09,0.055016,5.5016e-05,387739739911.9016
1978-04-01T07:54:52,0.021899,2.1899e-05,154338966197.66492
1978-04-01T07:58:03,0.03281,3.281e-05,231237110413.5068
1978-04-01T07:58:04,0.027125,2.7125e-05,191170576652.4344
1978-04-01T07:58:10,0.038386,3.8386e-05,270535437986.37225
1978-04-01T07:58:18,0.044909,4.4909e-05,316507997304.4858
1978-04-01T07:58:57,0.051551,5.1551e-05,363319240442.7519
1978-04-01T08:16:04,0.015623,1.5623e-05,110107204388.60764
1978-04-01T08:16:48,0.019723,1.9723e-05,139003033486.3028
1978-04-01T08:17:27,0.022802,2.2802e-05,160703096362.3524
1978-04-01T11:07:18,0.036594,3.6594e-05,257905846341.7211
1978-04-01T11:08:08,0.031211,3.1211e-05,219967737065.40567
1978-04-01T11:08:37,0.055232,5.5232e-05,389262056761.9265
1978-04-01T11:08:44,0.064619,6.4619e-05,455419409869.2593
1978-04-01T11:08:49,0.046485,4.6485e-05,327615272099.11194
1978-04-01T11:42:49,0.023555,2.3555e-05,166010062047.85593
1978-04-01T11:46:11,0.021691,2.1691e-05,152873031453.19644
1978-04-01T12:41:40,0.024458,2.4458e-05,172374192212.54343
1978-04-01T12:43:24,0.02901,2.901e-05,204455610274.17963
1978-04-01T15:52:31,0.052756,5.2756e-05,371811795092.1965
1978-04-01T15:52:36,0.064236,6.4236e-05,452720116565.74286
1978-04-01T15:53:56,0.047097,4.7097e-05,331928503174.18256
1978-04-01T21:47:14,0.027861,2.7861e-05,196357730363.6304
1978-04-01T21:52:23,0.034985,3.4985000000000005e-05,246565995361.6744
1978-04-01T22:02:09,0.095116,9.5116e-05,670355044013.7494
1978-04-01T22:02:32,0.02444,2.444e-05,172247332475.04135
1978-04-01T22:03:09,0.02865,2.865e-05,201918415524.13803
1978-04-01T22:03:09,0.075804,7.5804e-05,534248641200.41046
1978-04-01T22:03:12,0.132159,0.000132159,931425336029.8276
1978-04-01T22:03:17,0.173864,0.000173864,1225352300058.9438
1978-04-01T22:03:17,0.060552,6.0552000000000006e-05,426756156956.9846
1978-04-01T22:03:29,0.043247,4.3247e-05,304794614875.1274
1978-04-01T22:03:36,0.116548,0.000116548,821402704799.5547
1978-04-01T22:03:37,0.050597,5.0597e-05,356595674355.14185
1978-04-01T22:03:45,0.031491,3.1491e-05,221941110759.88245
1978-04-01T22:03:53,0.036843,3.6843e-05,259660739377.16644
1978-04-01T22:20:31,0.024811,2.4811e-05,174862052620.22302
1978-04-01T22:29:55,0.034445,3.4445000000000006e-05,242760203236.6121
1978-04-01T22:30:09,0.027613,2.7613e-05,194609885091.37955
1978-04-01T22:30:35,0.04292,4.292e-05,302489996310.50635
1978-04-01T22:31:22,0.054277,5.4277e-05,382531442911.122
1978-04-01T22:33:07,0.065548,6.5548e-05,461966781877.0053
1978-04-01T22:33:34,0.024245,2.4245e-05,170873018652.10217
1978-04-01T22:36:15,0.032115,3.2115e-05,226338914993.28772
1978-04-01T22:36:27,0.040122,4.0122e-05,282770354892.128
1978-04-01T22:56:29,0.027354,2.7354e-05,192784514423.98856
1978-04-01T22:56:32,0.047695,4.7695e-05,336143065564.52936
1978-04-01T22:56:38,0.037958,3.7958e-05,267518995339.1006
1978-04-01T22:57:01,0.060514,6.0514e-05,426488341955.5913
1978-04-01T22:57:02,0.032287,3.2287000000000004e-05,227551130262.75208
1978-04-01T22:59:37,0.023518,2.3518e-05,165749294809.6572
1978-04-01T23:03:57,0.022048,2.2048000000000003e-05,155389082913.65436
1978-04-01T23:10:33,0.021691,2.1691e-05,152873031453.19644
1978-04-01T23:24:30,0.169705,0.000169705,1196040652932.7695
1978-04-01T23:24:58,0.135065,0.000135065,951906135873.2184
1978-04-01T23:26:34,0.026001,2.6001e-05,183248890821.7492
1978-04-01T23:32:56,0.060446,6.0446e-05,426009094058.36127
1978-04-01T23:33:01,0.075092,7.5092e-05,529230633805.884
1978-04-01T23:33:20,0.110137,0.000110137,776219494959.2319
1978-04-01T23:34:35,0.04698,4.698e-05,331103914880.41907
1978-04-01T23:34:43,0.039618,3.9618e-05,279218282242.0699
1978-04-01T23:34:58,0.135709,0.000135709,956444895370.5148
1978-04-01T23:35:38,0.023295,2.3295e-05,164177643617.27036
1978-04-01T23:38:48,0.081192,8.1192e-05,572221989292.6987
1978-04-01T23:40:32,0.049982,4.9982e-05,352261299990.48755
1978-04-01T23:40:35,0.10111,0.00010111,712599336601.9407
1978-04-01T23:47:21,0.02328,2.328e-05,164071927169.35196
1978-04-02T00:05:00,0.024142,2.4142e-05,170147099043.06253
1978-04-02T00:05:33,0.01852,1.852e-05,130524574363.24736
1978-04-02T00:09:54,0.02148,2.148e-05,151385953419.14435
1978-04-02T00:18:45,0.026234,2.6234e-05,184891019646.0816
1978-04-02T00:28:28,0.030144,3.0144e-05,212447773736.8104
1978-04-02T00:31:21,0.025887,2.5887e-05,182445445817.5694
1978-04-02T00:36:11,0.110704,0.000110704,780215576690.5472
1978-04-02T00:37:04,0.014534,1.4534e-05,102432190269.73204
1978-04-02T00:37:19,0.012031,1.2031e-05,84791638993.74887
1978-04-02T00:37:51,0.037538,3.7538000000000005e-05,264558934797.3856
1978-04-02T00:37:51,0.018404,1.8404e-05,129707033832.67844
1978-04-02T00:38:55,0.082649,8.2649e-05,582490580267.1724
1978-04-02T00:38:55,0.070619,7.061900000000001e-05,497705989036.6181
1978-04-02T00:38:55,0.06034,6.034e-05,425262031159.7379
1978-04-02T00:38:55,0.051557,5.1557e-05,363361527021.91925
1978-04-02T00:39:16,0.043757,4.3757e-05,308388974104.35284
1978-04-02T00:39:29,0.030971,3.0971e-05,218276273898.71136
1978-04-02T00:39:31,0.021706,2.1706e-05,152978747901.11484
1978-04-02T00:40:30,0.02408,2.408e-05,169710137724.9998
1978-04-02T00:41:34,0.150254,0.000150254,1058954611035.3872
1978-04-02T00:45:50,0.044198,4.4198e-05,311497037673.15375
1978-04-02T00:46:22,0.073386,7.3386e-05,517207149795.965
1978-04-02T00:46:22,0.062704,6.2704e-05,441922943351.6773
1978-04-02T00:46:22,0.054349,5.4349e-05,383038881861.1303
1978-04-02T00:46:54,0.086865,8.6865e-05,612203949895.4364
1978-04-02T00:53:57,0.021715,2.1715e-05,153042177769.8659
1978-04-02T01:04:18,0.021892,2.1892e-05,154289631855.30298
1978-04-02T01:06:51,0.027833,2.7833e-05,196160392994.18277
1978-04-02T01:08:43,0.042766,4.2766e-05,301404640778.5441
1978-04-02T01:09:21,0.035165,3.5165e-05,247834592736.69516
1978-04-02T01:27:37,0.026396,2.6396e-05,186032757283.6003
1978-04-02T01:31:25,0.021509,2.1509e-05,151590338551.78656
1978-04-02T01:35:14,0.030772,3.0772e-05,216873769022.994
1978-04-02T01:41:44,0.0212,2.12e-05,149412579724.6676
1978-04-02T01:58:11,0.023012,2.3012000000000003e-05,162183126633.20996
1978-04-02T02:05:42,0.022625,2.2625e-05,159455642276.91534
1978-04-02T02:05:42,0.022625,2.2625e-05,159455642276.91534
1978-04-02T02:13:19,0.022622,2.2622e-05,159434498987.33163
1978-04-02T02:17:08,0.020949,2.0949e-05,147643591162.8331
1978-04-02T06:11:05,0.015328,1.5328e-05,108028114246.21252
1978-04-02T06:24:45,0.015741,1.5741e-05,110938840445.5657
1978-04-02T06:35:34,0.015213,1.5213000000000002e-05,107217621478.83812
1978-04-02T06:48:12,0.015608,1.5608e-05,110001487940.68924
1978-04-02T06:53:20,0.017428,1.7428e-05,122828416954.78809
1978-04-02T06:59:02,0.014947,1.4947e-05,105342916469.08524
1978-04-02T07:10:28,0.015728,1.5728e-05,110847219524.0364
1978-04-02T07:21:54,0.015328,1.5328e-05,108028114246.21252
1978-04-02T07:34:58,0.015051,1.5051e-05,106075883841.31944
1978-04-02T07:40:57,0.01572,1.5720000000000002e-05,110790837418.47997
1978-04-02T07:48:34,0.014934,1.4934e-05,105251295547.55595
1978-04-02T07:54:17,0.014187,1.4187e-05,99986616441.21976
1978-04-02T08:01:54,0.015714,1.5714e-05,110748550839.31258
1978-04-02T08:10:39,0.014725,1.4725e-05,103778313039.89294
1978-04-02T08:16:43,0.014604,1.4604e-05,102925533693.35124
1978-04-02T13:08:17,0.027147,2.7147000000000003e-05,191325627442.7147
1978-04-02T13:14:34,0.022753,2.2753e-05,160357755965.81897
1978-04-02T13:26:32,0.021341,2.1341e-05,150406314335.10052
1978-04-02T13:38:15,0.02052,2.052e-05,144620100752.36697
1978-04-02T13:49:58,0.020317,2.0317e-05,143189404823.8713
1978-04-02T14:01:40,0.020352,2.0352e-05,143436076535.68088
1978-04-02T14:13:23,0.020295,2.0295e-05,143034354033.591
1978-04-02T14:25:06,0.020304,2.0304e-05,143097783902.34204
1978-04-02T14:38:05,0.019199,1.9199e-05,135310005572.35344
1978-04-02T14:40:00,0.034487,3.4487e-05,243056209290.7836
1978-04-02T14:49:08,0.017727,1.7727e-05,124935698149.96146
1978-04-02T15:01:23,0.0179,1.7899999999999998e-05,126154961182.62029
1978-04-02T15:13:00,0.018283,1.8283e-05,128854254486.13667
1978-04-02T15:24:05,0.018695,1.8695e-05,131757932922.29532
1978-04-02T15:36:45,0.018638,1.8638e-05,131356210420.2054
1978-04-02T15:48:08,0.018729,1.8729e-05,131997556870.91035
1978-04-02T15:59:51,0.01864,1.864e-05,131370305946.59456
1978-04-02T16:11:34,0.018672,1.8672e-05,131595834368.82043
1978-04-02T16:23:16,0.018778,1.8778e-05,132342897267.4438
1978-04-02T16:34:59,0.019244,1.9244e-05,135627154916.10866
1978-04-02T16:42:58,0.018656,1.8656e-05,131483070157.70747
1978-04-02T16:59:50,0.022757,2.2757e-05,160385947018.5972
1978-04-02T17:00:00,0.027934,2.7934e-05,196872217076.83325
1978-04-02T17:07:17,0.019075,1.9075000000000003e-05,134436082936.22806
1978-04-02T17:14:57,0.020535,2.0535e-05,144725817200.28537
1978-04-02T17:16:09,0.025999,2.5999000000000003e-05,183234795295.36008
1978-04-02T17:19:45,0.032056,3.2056e-05,225923096964.80872
1978-04-02T17:20:46,0.039614,3.9614e-05,279190091189.2916
1978-04-02T17:28:20,0.027306,2.7306e-05,192446221790.6497
1978-04-02T17:33:26,0.022383,2.2383e-05,157750083583.83185
1978-04-02T17:37:08,0.036183,3.6183e-05,255009215668.757
1978-04-02T17:44:11,0.019133,1.9133e-05,134844853201.51253
1978-04-02T17:55:54,0.019228,1.9228e-05,135514390704.9957
1978-04-02T18:07:37,0.020264,2.0264e-05,142815873374.55966
1978-04-02T18:18:44,0.020626,2.0626e-05,145367163650.9903
1978-04-02T18:31:02,0.019582,1.9582e-05,138009298875.86987
1978-04-02T18:42:45,0.019113,1.9113e-05,134703897937.62132
1978-04-02T18:49:40,0.030595,3.0595e-05,215626314937.5569
1978-04-02T18:54:27,0.01874,1.874e-05,132075082266.05052
1978-04-02T19:06:48,0.019107,1.9107e-05,134661611358.45396
1978-04-02T19:17:53,0.019642,1.9642e-05,138432164667.54346
1978-04-02T19:29:35,0.020379,2.0379000000000003e-05,143626366141.93405
1978-04-02T19:40:25,0.021405,2.1405e-05,150857371179.55234
1978-04-02T19:53:01,0.022545,2.2545e-05,158891821221.35052
1978-04-02T20:03:56,0.020602,2.0602e-05,145198017334.32086
1978-04-02T20:13:46,0.019517,1.9517e-05,137551194268.22348
1978-04-02T20:30:03,0.019877,1.9877e-05,140088389018.265
1978-04-02T20:42:21,0.020105,2.0105e-05,141695279026.62463
1978-04-02T20:53:42,0.019356,1.9356e-05,136416504393.89935
1978-04-02T21:05:25,0.018551,1.8551e-05,130743055022.27872
1978-04-02T21:17:07,0.017734,1.7734e-05,124985032492.32338
1978-04-02T21:29:17,0.017239,1.7239000000000002e-05,121496389711.01628
1978-04-02T21:39:38,0.017006,1.7006e-05,119854260886.68384
1978-04-02T21:52:15,0.019173,1.9173e-05,135126763729.29492
1978-04-02T22:04:38,0.020476,2.0476e-05,144309999171.80634
1978-04-02T22:05:02,0.046076,4.6076e-05,324732736952.537
1978-04-02T22:05:02,0.027525,2.7525e-05,193989681930.25836
1978-04-02T22:05:34,0.037559,3.7559e-05,264706937824.47128
1978-04-02T22:05:53,0.03233,3.233e-05,227854184080.1181
1978-04-02T22:07:37,0.005707,5.707000000000001e-06,40221584551.352745
1978-04-02T22:14:30,0.024636,2.4636000000000003e-05,173628694061.17508
1978-04-02T22:15:09,0.019885,1.9885e-05,140144771123.82147
1978-04-02T22:18:03,0.021882,2.1882e-05,154219154223.3574
1978-04-02T22:18:06,0.194844,0.000194844,1373214371880.8083
1978-04-02T22:18:20,0.097305,9.7305e-05,685782597646.6407
1978-04-02T22:18:35,0.121161,0.000121161,853914036416.0591
1978-04-02T22:18:43,0.156056,0.000156056,1099845733090.2231
1978-04-02T22:18:52,0.084396,8.4396e-05,594803022568.0682
1978-04-02T22:18:52,0.072112,7.2112e-05,508228299486.0958
1978-04-02T22:18:52,0.061615,6.1615e-05,434247929232.8016
1978-04-02T22:18:52,0.052647,5.2647e-05,371043588903.9894
1978-04-02T22:18:52,0.044984,4.4984e-05,317036579544.07776
1978-04-02T22:19:24,0.03825,3.825e-05,269576942191.91208
1978-04-02T22:19:56,0.03278,3.2779999999999994e-05,231025677517.66995
1978-04-02T22:20:42,0.028406,2.8406e-05,200198761304.6655
1978-04-02T22:23:08,0.024654,2.4654e-05,173755553798.67712
1978-04-02T22:25:37,0.018937,1.8937e-05,133463491615.37878
1978-04-02T22:27:23,0.017078,1.7077999999999998e-05,120361699836.69212
1978-04-03T02:59:35,0.018309,1.8309e-05,129037496329.19524
1978-04-03T03:11:16,0.017235,1.7235e-05,121468198658.23802
1978-04-03T03:22:56,0.016705,1.6705e-05,117732884165.12134
1978-04-03T03:34:36,0.017062,1.7062e-05,120248935625.57918
1978-04-03T03:46:45,0.015499,1.5499000000000002e-05,109233281752.48224
1978-04-03T03:48:41,0.018595,1.8595e-05,131053156602.83936
1978-04-03T03:58:23,0.018592,1.8592e-05,131032013313.25568
1978-04-03T04:02:15,0.021731,2.1731e-05,153154941980.97885
1978-04-03T04:10:00,0.145171,0.000145171,1023130830717.4398
1978-04-03T04:10:00,0.019078,1.9078000000000003e-05,134457226225.81177
1978-04-03T04:44:58,0.201321,0.000201321,1418862734091.972
1978-04-03T04:45:41,0.030852,3.0852e-05,217437590078.55872
1978-04-03T08:36:57,0.020367,2.0367e-05,143541792983.5993
1978-04-03T08:45:27,0.021031,2.1031e-05,148221507744.78702
1978-04-03T12:42:41,0.018236,1.8236e-05,128523009615.99236
1978-04-03T12:54:45,0.01809,1.809e-05,127494036189.58664
1978-04-03T13:06:26,0.018333,1.8333e-05,129206642645.86469
1978-04-03T13:18:06,0.018035,1.8035e-05,127106409213.88583
1978-04-03T13:29:46,0.018421,1.8421e-05,129826845806.98592
1978-04-03T13:41:26,0.018974,1.8974e-05,133724258853.57751
1978-04-03T13:53:41,0.02059,2.059e-05,145113444175.98615
1978-04-03T14:01:07,0.092289,9.2289e-05,650431017462.7288
1978-04-03T14:04:21,0.02016,2.016e-05,142082906002.3254
1978-04-03T14:16:27,0.019048,1.9048e-05,134245793329.97491
1978-04-03T14:28:07,0.018212,1.8212e-05,128353863299.32292
1978-04-03T14:40:47,0.018549,1.8549e-05,130728959495.88962
1978-04-03T14:41:49,0.024466,2.4466000000000003e-05,172430574318.0999
1978-04-03T14:47:13,0.028675,2.8675e-05,202094609604.00204
1978-04-03T14:53:27,0.018373,1.8373e-05,129488553173.6471
1978-04-03T15:03:08,0.018188,1.8188e-05,128184716982.6535
1978-04-03T15:09:30,0.017883,1.7883e-05,126035149208.31276
1978-04-03T15:30:43,0.018015,1.8015e-05,126965453949.99467
1978-04-03T15:42:23,0.017895,1.7895e-05,126119722366.6475
1978-04-03T15:54:03,0.017255,1.7255e-05,121609153922.12924
1978-04-03T16:05:43,0.017363,1.7363e-05,122370312347.14168
1978-04-03T16:17:23,0.017326,1.7326e-05,122109545108.94296
1978-04-03T16:34:22,0.019411,1.9411e-05,136804131369.60014
1978-04-03T16:46:02,0.017852,1.7852e-05,125816668549.28143
1978-04-03T16:57:42,0.017168,1.7168e-05,120995998524.20251
1978-04-03T17:09:23,0.017109,1.7109e-05,120580180495.7235
1978-04-03T17:21:03,0.017725,1.7725e-05,124921602623.57233
1978-04-03T17:31:55,0.017821,1.7821e-05,125598187890.25008
1978-04-03T17:37:29,0.039315,3.9315000000000006e-05,277082809994.1183
1978-04-03T17:39:37,0.017771,1.7771e-05,125245799730.52208
1978-04-03T17:58:11,0.017771,1.7771e-05,125245799730.52208
1978-04-03T18:09:51,0.017813,1.7813e-05,125541805784.6936
1978-04-03T18:21:31,0.018467,1.8467e-05,130151042913.9357
1978-04-03T18:33:11,0.018984,1.8984e-05,133794736485.5231
1978-04-03T18:46:01,0.132162,0.000132162,931446479319.4116
1978-04-03T18:46:02,0.019433,1.9433e-05,136959182159.88045
1978-04-03T18:51:45,0.018391,1.8391e-05,129615412911.14915
1978-04-03T19:26:14,0.020557,2.0557e-05,144880867990.56564
1978-04-03T20:00:11,0.02359,2.359e-05,166256733759.66553
1978-04-03T20:38:22,0.019628,1.9628e-05,138333495982.8196
1978-04-03T20:50:03,0.020295,2.0295e-05,143034354033.591
1978-04-03T20:58:00,0.020418,2.0418e-05,143901228906.52185
1978-04-03T21:14:22,0.019411,1.9411e-05,136804131369.60014
1978-04-03T21:17:12,0.055852,5.5852e-05,393631669942.5535
1978-04-03T21:26:49,0.018803,1.8803e-05,132519091347.30775
1978-04-03T21:36:43,0.018934,1.8934e-05,133442348325.7951
1978-04-03T21:47:32,0.020183,2.0183e-05,142245004555.8003
1978-04-03T21:50:08,0.031492,3.1492e-05,221948158523.077
1978-04-03T21:57:54,0.023043,2.3043000000000003e-05,162401607292.24133
1978-04-03T22:04:18,0.0204,2.04e-05,143774369169.01978
1978-04-03T22:15:59,0.020159,2.0159e-05,142075858239.1309
1978-04-03T22:27:07,0.021214,2.1214e-05,149511248409.39145
1978-04-03T22:36:08,0.025016,2.5016e-05,176306844075.10776
1978-04-03T22:47:48,0.024578,2.4578e-05,173219923795.8906
1978-04-03T22:59:28,0.023575,2.3575e-05,166151017311.74713
1978-04-03T23:11:09,0.023846,2.3846e-05,168060961137.4728
1978-04-03T23:22:49,0.023202,2.3202e-05,163522201640.17636
1978-04-03T23:34:29,0.023107,2.3107e-05,162852664136.69315
1978-04-03T23:46:09,0.023162,2.3162e-05,163240291112.39392
1978-04-03T23:53:35,0.023,2.3e-05,162098553474.87524
1978-04-04T00:05:44,0.023258,2.3258e-05,163916876379.0717
1978-04-04T00:19:35,0.024869,2.4869e-05,175270822885.50748
1978-04-04T00:31:16,0.024039,2.4039e-05,169421179434.02286
1978-04-04T00:42:57,0.023798,2.3798e-05,167722668504.13397
1978-04-04T00:54:38,0.022505,2.2505e-05,158609910693.56815
1978-04-04T01:06:18,0.021628,2.1628e-05,152429022371.9392
1978-04-04T01:17:27,0.022789,2.2789e-05,160611475440.82312
1978-04-04T01:28:36,0.025017,2.5017e-05,176313891838.30237
1978-04-04T01:40:17,0.024559,2.4559e-05,173086016295.19397
1978-04-04T01:51:58,0.024581,2.4581e-05,173241067085.47427
1978-04-04T02:03:39,0.024303,2.4303e-05,171281788917.38666
1978-04-04T02:10:12,0.021445,2.1445e-05,151139281707.33475
1978-04-04T02:27:00,0.02542,2.542e-05,179154140405.70993
1978-04-04T02:38:41,0.028456,2.8456e-05,200551149464.39343
1978-04-04T02:49:45,0.032376,3.2376e-05,228178381187.06787
1978-04-04T03:01:54,0.04271,4.271e-05,301009966039.64874
1978-04-04T03:07:39,0.290918,0.000290918,2050321173034.946
1978-04-04T03:16:23,0.043868,4.3868e-05,309171275818.949
1978-04-04T03:23:49,0.039163,3.9163e-05,276011549988.5452
1978-04-04T04:14:04,0.035064,3.5064e-05,247122768654.0446
1978-04-04T04:15:55,0.029117,2.9117000000000003e-05,205209720935.9975
1978-04-04T04:22:45,0.026045,2.6045e-05,183558992402.30975
1978-04-04T04:34:26,0.025453,2.5453e-05,179386716591.13043
1978-04-04T04:48:01,0.022796,2.2796e-05,160660809783.18503
1978-04-04T04:50:53,0.021339,2.1339e-05,150392218808.71143
1978-04-04T05:00:16,0.024846,2.4846e-05,175108724332.0326
1978-04-04T05:11:18,0.026486,2.6486e-05,186667055971.11063
1978-04-04T05:19:41,0.022303,2.2303e-05,157186262528.26706
1978-04-04T05:20:12,0.026569,2.6569e-05,187252020316.25912
1978-04-04T05:32:50,0.034884,3.4884e-05,245854171279.02383
1978-04-04T06:13:24,0.022377,2.2377000000000003e-05,157707797004.66452
1978-04-04T06:28:03,0.021492,2.1492e-05,151470526577.47906
1978-04-04T06:37:36,0.022283,2.2283e-05,157045307264.37585
1978-04-04T06:57:46,0.023347,2.3347e-05,164544127303.38748
1978-04-04T07:09:27,0.023947,2.3947e-05,168772785220.12335
1978-04-04T07:21:08,0.023494,2.3494e-05,165580148492.9878
1978-04-04T07:32:49,0.024458,2.4458e-05,172374192212.54343
1978-04-04T07:44:30,0.023887,2.3887e-05,168349919428.44977
1978-04-04T07:56:10,0.024281,2.4281e-05,171126738127.10632
1978-04-04T08:07:51,0.023898,2.3898e-05,168427444823.58994
1978-04-04T08:19:32,0.022628,2.2628e-05,159476785566.49902
1978-04-04T08:31:13,0.022043,2.2043e-05,155353844097.68155
1978-04-04T08:42:54,0.022205,2.2205e-05,156495581735.2002
1978-04-04T08:54:34,0.02211,2.211e-05,155826044231.717
1978-04-04T09:06:31,0.023842,2.3842e-05,168032770084.69458
1978-04-04T09:14:25,0.027462,2.7462e-05,193545672849.00104
1978-04-04T09:22:11,0.022871,2.2871e-05,161189392022.777
1978-04-04T09:33:52,0.024181,2.4181e-05,170421961807.65036
1978-04-04T09:41:18,0.024081,2.4081e-05,169717185488.1944
1978-04-04T10:09:26,0.024749,2.4749e-05,174425091302.1603
1978-04-04T11:14:02,0.039876,3.9876e-05,281036605146.2663
1978-04-04T11:19:47,0.015471,1.5471e-05,109035944383.03456
1978-04-04T12:47:52,0.018447,1.8447e-05,130010087650.04453
1978-04-04T12:49:47,0.038737,3.8737e-05,273009202867.6627
1978-04-04T12:53:37,0.139193,0.000139193,980999302340.3616
1978-04-04T12:57:26,0.022058,2.2058e-05,155459560545.5999
1978-04-04T13:22:09,0.022274,2.2274e-05,156981877395.62485
1978-04-04T13:41:07,0.023684,2.3684e-05,166919223499.95416
1978-04-04T13:41:48,0.016747,1.6747e-05,118028890219.29286
1978-04-04T13:46:35,0.02111,2.111e-05,148778281037.15723
1978-04-04T14:56:33,0.030372,3.0372e-05,214054663745.17004
1978-04-04T15:08:20,0.02922,2.922e-05,205935640545.0372
1978-04-04T15:20:01,0.029227,2.9227e-05,205984974887.39905
1978-04-04T15:27:59,0.029115,2.9115e-05,205195625409.6084
1978-04-04T16:43:24,0.134574,0.000134574,948445684144.6896
1978-04-04T16:45:19,0.030513,3.0513e-05,215048398355.60297
1978-04-04T16:54:53,0.059324,5.9324e-05,418101503754.0652
1978-04-04T16:56:48,0.028979,2.8979e-05,204237129615.14825
1978-04-04T17:13:52,0.020725,2.0725e-05,146064892207.25174
1978-04-04T17:17:21,0.023443,2.3443e-05,165220712570.06522
1978-04-04T17:37:00,0.022749,2.2749e-05,160329564913.0407
1978-04-04T17:48:09,0.021985,2.1985e-05,154945073832.39706
1978-04-04T18:18:24,0.02591,2.591e-05,182607544371.04425
1978-04-04T18:30:05,0.024344,2.4344000000000003e-05,171570747208.36362
1978-04-04T18:41:46,0.025491,2.5491e-05,179654531592.52368
1978-04-04T18:47:52,0.034526,3.4526e-05,243331072055.3714
1978-04-04T18:53:27,0.025628,2.5628000000000003e-05,180620075150.1784
1978-04-04T19:05:08,0.024901,2.4901e-05,175496351307.7334
1978-04-04T19:16:49,0.023746,2.3746e-05,167356184818.0168
1978-04-04T19:28:29,0.023372,2.3372000000000003e-05,164720321383.2515
1978-04-04T19:40:10,0.022331,2.2331e-05,157383599897.71472
1978-04-04T19:49:08,0.022301,2.2301e-05,157172167001.87793
1978-04-04T19:55:02,0.030763,3.0763e-05,216810339154.2429
1978-04-04T19:56:48,0.021182,2.1182e-05,149285719987.16553
1978-04-04T20:02:33,0.025332,2.5332e-05,178533937244.58868
1978-04-04T20:12:07,0.02286,2.286e-05,161111866627.63684
1978-04-04T20:27:19,0.021219,2.1219e-05,149546487225.36423
1978-04-04T20:39:38,0.021549,2.1549e-05,151872249079.56897
1978-04-04T20:51:19,0.021876,2.1876e-05,154176867644.19003
1978-04-04T21:03:00,0.021434,2.1434e-05,151061756312.1946
1978-04-04T21:14:40,0.021315,2.1315e-05,150223072492.042
1978-04-04T21:26:21,0.021976,2.1976e-05,154881643963.64603
1978-04-04T21:38:02,0.02375,2.375e-05,167384375870.79507
1978-04-04T21:45:49,0.0282,2.82e-05,198746922086.58615
1978-04-04T21:50:31,0.03494,3.494e-05,246248846017.9192
1978-04-04T21:53:26,0.041826,4.1826e-05,294779743375.6579
1978-04-04T21:57:09,0.049714,4.9714000000000005e-05,350372499454.3456
1978-04-04T22:00:30,0.058018,5.8018e-05,408897125021.97
1978-04-04T22:08:50,0.069463,6.9463e-05,489558774783.7069
1978-04-04T22:20:30,0.070928,7.092800000000001e-05,499883747863.73706
1978-04-04T22:32:11,0.064486,6.4486e-05,454482057364.3828
1978-04-04T22:40:09,0.059112,5.9112e-05,416607377956.8184
1978-04-05T02:20:51,0.024428,2.4428e-05,172162759316.7066
1978-04-05T02:34:25,0.026652,2.6652e-05,187836984661.4076
1978-04-05T02:46:07,0.02516,2.516e-05,177321721975.1244
1978-04-05T02:57:28,0.026801,2.6801e-05,188887101377.397
1978-04-05T03:06:00,0.031709,3.1709000000000004e-05,223477523136.2965
1978-04-05T03:10:31,0.034932,3.4932e-05,246192463912.36267
1978-04-05T03:13:13,0.058638,5.8638e-05,413266738202.5972
1978-04-05T03:16:03,0.036839,3.6839e-05,259632548324.38815
1978-04-05T03:21:04,0.038695,3.8695e-05,272713196813.4912
1978-04-05T03:44:40,0.056161,5.6161000000000007e-05,395809428769.6726
1978-04-05T03:45:45,0.072119,7.2119e-05,508277633828.45776
1978-04-05T04:01:18,0.053304,5.3304e-05,375673969322.8152
1978-04-05T04:12:56,0.046996,4.6996e-05,331216679091.532
1978-04-05T04:24:35,0.041246,4.1246e-05,290692040722.8132
1978-04-05T04:36:59,0.037415,3.7415e-05,263692059924.45465
1978-04-05T04:44:55,0.098594,9.8594e-05,694867164404.4282
1978-04-05T04:58:28,0.028417,2.8417000000000003e-05,200276286699.80563
1978-04-05T05:10:08,0.025984,2.5984e-05,183129078847.44168
1978-04-05T05:21:49,0.024102,2.4102e-05,169865188515.2801
1978-04-05T05:29:26,0.021187,2.1187e-05,149320958803.13834
1978-04-05T05:33:50,0.023665,2.3665e-05,166785315999.25748
1978-04-05T05:46:17,0.024238,2.4238e-05,170823684309.74026
1978-04-05T05:49:10,0.030421,3.0421e-05,214400004141.70343
1978-04-05T05:50:18,0.073244,7.3244e-05,516206367422.3375
1978-04-05T06:23:12,0.030941,3.0941e-05,218064841002.87457
1978-04-05T06:26:23,0.027294,2.7294e-05,192361648632.315
1978-04-05T06:29:45,0.025365,2.5365e-05,178766513430.00912
1978-04-05T06:35:42,0.027247,2.7247e-05,192030403762.1707
1978-04-05T06:41:50,0.024873,2.4873e-05,175299013938.28574
1978-04-05T06:48:46,0.024763,2.4763e-05,174523759986.88412
1978-04-06T05:36:10,0.019822,1.9822e-05,139700762042.5642
1978-04-06T05:45:20,0.022258,2.2258e-05,156869113184.51184
1978-04-06T06:06:13,0.02658,2.658e-05,187329545711.3993
1978-04-06T06:12:46,0.021758,2.1758e-05,153345231587.232
1978-04-06T06:24:41,0.020376,2.0376e-05,143605222852.35034
1978-04-06T06:33:35,0.019605,1.9605000000000003e-05,138171397429.34476
1978-04-06T06:36:48,0.023627,2.3627e-05,166517500997.8642
1978-04-06T06:48:07,0.0209,2.09e-05,147298250766.29968
1978-04-06T06:57:57,0.021857,2.1857e-05,154042960143.4934
1978-04-06T07:11:48,0.021119,2.1119e-05,148841710905.90823
1978-04-06T07:18:30,0.026178,2.6178e-05,184496344907.18628
1978-04-06T07:23:02,0.023111,2.3111e-05,162880855189.47137
1978-04-06T07:29:15,0.020763,2.0763e-05,146332707208.645
1978-04-06T07:32:50,0.024413,2.4413e-05,172057042868.78824
1978-04-06T07:44:37,0.022858,2.2858e-05,161097771101.24777
1978-04-06T07:52:21,0.02407,2.407e-05,169639660093.05423
1978-04-06T07:59:59,0.021248,2.1248e-05,149750872358.00647
1978-04-06T08:06:13,0.023566,2.3566e-05,166087587442.99606
1978-04-06T08:10:46,0.021242,2.1242e-05,149708585778.83914
1978-04-06T08:20:09,0.021197,2.1197e-05,149391436435.08392
1978-04-06T08:30:32,0.024458,2.4458e-05,172374192212.54343
1978-04-06T08:32:31,0.02667,2.667e-05,187963844398.90967
1978-04-06T08:42:42,0.024194,2.4194e-05,170513582729.1796
1978-04-06T08:55:58,0.022722,2.2722e-05,160139275306.78763
1978-04-06T09:06:19,0.024738,2.4738e-05,174347565907.02014
1978-04-06T09:19:31,0.026949,2.6949e-05,189930170330.19183
1978-04-06T09:25:00,0.02954,2.954e-05,208190924767.2963
1978-04-06T09:29:24,0.026143,2.6143e-05,184249673195.37668
1978-04-06T09:37:24,0.026666,2.6666e-05,187935653346.1314
1978-04-06T09:43:29,0.027368,2.7368e-05,192883183108.7124
1978-04-06T10:07:35,0.123452,0.000123452,870060461894.7955
1978-04-06T10:08:12,0.038092,3.8092e-05,268463395607.17163
1978-04-06T10:16:14,0.050583,5.058300000000001e-05,356497005670.4181
1978-04-06T10:20:47,0.044657,4.4657e-05,314731960979.4567
1978-04-06T10:23:58,0.052714,5.2714e-05,371515789038.0249
1978-04-06T10:34:29,0.050513,5.0513e-05,356003662246.7988
1978-04-06T11:14:38,0.047304,4.7304e-05,333387390155.4564
1978-04-06T11:15:29,0.039452,3.9452e-05,278048353551.77295
1978-04-06T11:19:42,0.033741,3.3741e-05,237798577947.642
1978-04-06T11:22:54,0.030695,3.0695000000000003e-05,216331091257.01285
1978-04-06T11:31:27,0.030679,3.0679e-05,216218327045.8999
1978-04-06T11:39:07,0.028822,2.8822e-05,203130630793.60236
1978-04-06T11:43:24,0.017517,1.7517000000000002e-05,123455667879.1039
1978-04-06T11:43:38,0.024411,2.4411e-05,172042947342.3991
1978-04-06T11:45:15,0.027646,2.7646000000000003e-05,194842461276.80005
1978-04-06T11:56:01,0.026514,2.6514e-05,186864393340.55835
1978-04-06T12:00:47,0.032621,3.2621e-05,229905083169.73505
1978-04-06T12:09:47,0.022451,2.2451e-05,158229331481.06192
1978-04-06T12:12:57,0.025424,2.5424e-05,179182331458.4882
1978-04-06T16:18:19,0.035919,3.5919e-05,253148606185.3932
1978-04-06T16:22:03,0.095214,9.5214e-05,671045724806.8162
1978-04-06T16:23:51,0.138307,0.000138307,974754984149.9816
1978-04-06T17:27:04,0.020788,2.0788e-05,146508901288.509
1978-04-06T17:38:41,0.039676,3.9676e-05,279627052507.3544
1978-04-06T17:38:45,0.019829,1.9829e-05,139750096384.92615
1978-04-06T17:45:40,0.019658,1.9658e-05,138544928878.6564
1978-04-06T18:35:14,0.020733,2.0733000000000003e-05,146121274312.8082
1978-04-06T18:46:56,0.020471,2.0471e-05,144274760355.83353
1978-04-06T18:54:52,0.032588,3.2588e-05,229672506984.3145
1978-04-06T18:56:58,0.021409,2.1409e-05,150885562232.33063
1978-04-06T19:01:40,0.031567,3.1567e-05,222476740762.66895
1978-04-06T19:04:40,0.02787,2.787e-05,196421160232.3814
1978-04-06T19:07:48,0.030278,3.0278e-05,213392174004.8814
1978-04-06T19:11:03,0.02336,2.336e-05,164635748224.91675
1978-04-06T19:17:31,0.01935,1.935e-05,136374217814.732
1978-04-06T19:29:28,0.018701,1.8701e-05,131800219501.46268
1978-04-06T19:41:11,0.01867,1.867e-05,131581738842.43132
1978-04-06T19:52:54,0.018628,1.8628e-05,131285732788.2598
1978-04-06T20:04:37,0.018719,1.8719e-05,131927079238.96477
1978-04-06T20:16:21,0.01942,1.942e-05,136867561238.35118
1978-04-06T20:27:54,0.020135,2.0135e-05,141906711922.46143
1978-04-06T20:29:32,0.017628,1.7628e-05,124237969593.70004
1978-04-06T20:41:55,0.019853,1.9853e-05,139919242701.59558
1978-04-06T20:53:40,0.020584,2.0584e-05,145071157596.8188
1978-04-06T21:05:23,0.020779,2.0779e-05,146445471419.75793
1978-04-06T21:16:18,0.02263,2.263e-05,159490881092.88815
1978-04-06T21:26:49,0.025745,2.5745e-05,181444663443.94183
1978-04-06T21:38:31,0.025058,2.5058e-05,176602850129.2793
1978-04-06T21:49:08,0.023648,2.3648e-05,166665504024.94998
1978-04-07T00:41:21,0.02189,2.189e-05,154275536328.91385
1978-04-07T08:57:14,0.03064,3.064e-05,215943464281.31204
1978-04-07T17:46:15,0.03674,3.674e-05,258934819768.1268
1978-04-07T19:00:08,0.03137,3.137e-05,221088331413.3407
1978-04-07T19:03:48,0.07927,7.926999999999999e-05,558676188432.7548
1978-04-07T19:06:57,0.10654,0.0001065399999999,750868690748.4003
1978-04-07T19:08:32,0.08625,8.625e-05,607869575530.7821
1978-04-07T19:18:31,0.07939,7.939e-05,559521920016.1019
1978-04-07T19:22:42,0.09791,9.791e-05,690046494379.3494
1978-04-07T19:27:55,0.07517,7.517e-05,529780359335.0596
1978-04-07T19:32:48,0.06395,6.395000000000001e-05,450704456292.0988
1978-04-07T19:40:26,0.05651,5.651e-05,398269098124.57385
1978-04-07T19:51:42,0.05314,5.314e-05,374518136158.9074
1978-04-07T20:02:56,0.05805,5.805e-05,409122653444.196
1978-04-07T20:05:15,0.06417,6.417e-05,452254964194.902
1978-04-07T20:14:02,0.06135,6.135e-05,432380271986.24335
1978-04-07T20:16:16,0.12352,0.00012352,870539709792.0258
1978-04-07T20:21:00,0.0881,8.81e-05,620907937440.7177
1978-04-07T20:23:36,0.06004,6.004e-05,423147702201.37
1978-04-07T20:29:43,0.04813,4.813e-05,339208842554.16284
1978-04-07T20:41:40,0.04386,4.386e-05,309114893713.3926
1978-04-07T20:53:22,0.04274,4.274e-05,301221398935.4856
1978-04-07T21:03:28,0.04288,4.288e-05,302208085782.72394
1978-04-07T21:16:45,0.05072,5.072e-05,357462549228.0727
1978-04-07T21:28:53,0.05284,5.284e-05,372403807200.5395
1978-04-07T21:36:37,0.06023,6.023e-05,424486777208.3363
1978-04-07T21:38:13,0.05429,5.429e-05,382623063832.6512
1978-04-07T21:44:17,0.04563,4.563e-05,321589434567.76337
1978-04-07T21:55:02,0.04037,4.037e-05,284518200164.37885
1978-04-07T22:06:43,0.03704,3.704e-05,261049148726.49472
1978-04-07T22:18:25,0.03524,3.524e-05,248363174976.2871
1978-04-07T22:23:53,0.03334,3.334e-05,234972424906.62357
1978-04-07T22:27:02,0.03478,3.478e-05,245121203906.7896
1978-04-07T22:41:48,0.03154,3.154e-05,222286451156.41583
1978-04-07T22:53:30,0.03103,3.103e-05,218692091927.1904
1978-04-07T23:05:12,0.03073,3.073e-05,216577762968.8224
1978-04-07T23:12:44,0.03,3e-05,211432895836.7938
1978-04-07T23:17:27,0.02378,2.378e-05,167595808766.63187
1978-04-07T23:20:36,0.02876,2.876e-05,202693669475.53967
1978-04-07T23:31:47,0.02871,2.871e-05,202341281315.81165
1978-04-07T23:43:28,0.0289,2.89e-05,203680356322.778
1978-04-07T23:54:06,0.02899,2.899e-05,204314655010.2884
1978-04-08T03:37:38,0.29663,0.00029663,2090577996402.2712
1978-04-08T03:48:47,0.25613,0.00025613,1805143587022.6
1978-04-08T04:00:27,0.23103,0.00023103,1628244730839.1492
1978-04-08T04:12:08,0.20227,0.00020227,1425551061363.6091
1978-04-08T04:19:58,0.19539,0.00019539,1377062450585.038
1978-04-08T04:26:12,0.21246,0.00021246,1497367768316.1736
1978-04-08T04:29:19,0.19135,0.00019135,1348589487279.0164
1978-04-08T04:33:59,0.20806,0.00020806,1466357610260.1106
1978-04-08T04:38:39,0.1567,0.0001567,1104384492587.5195
1978-04-08T04:48:12,0.13618,0.00013618,959764391835.1523
1978-04-08T04:54:13,0.14576,0.00014576,1027281963239.0356
1978-04-08T04:59:53,0.13733,0.00013733,967869319508.8964
1978-04-08T05:11:33,0.12837,0.00012837,904721361285.6407
1978-04-08T05:23:14,0.1218,0.0001218,858417557097.3828
1978-04-08T05:34:54,0.11657,0.0001165699999999,821557755589.835
1978-04-08T05:51:53,0.10277,0.00010277,724298623504.9099
1978-04-08T06:03:33,0.09694,9.694e-05,683210164080.6263
1978-04-08T06:11:31,0.09334,9.334e-05,657838216580.2112
1978-04-08T12:55:56,0.05018,5.018e-05,353656757103.01044
1978-04-08T13:08:03,0.04871,4.8710000000000006e-05,343296545207.0076
1978-04-08T13:19:43,0.04799,4.799e-05,338222155706.92444
1978-04-08T13:29:48,0.0461,4.61e-05,324901883269.2064
1978-04-08T13:48:22,0.04598,4.598e-05,324056151685.8593
1978-04-08T14:00:56,0.04664,4.664e-05,328707675394.26874
1978-04-08T14:09:36,0.04736,4.736e-05,333782064894.35175
1978-04-08T14:30:12,0.05066,5.066e-05,357039683436.3991
1978-04-08T14:38:00,0.05683,5.683e-05,400524382346.833
1978-04-08T14:41:07,0.07154,7.154000000000001e-05,504196978938.8077
1978-04-08T14:47:21,0.06179,6.179e-05,435481287791.8497
1978-04-08T14:57:53,0.05322,5.322e-05,375081957214.47217
1978-04-08T15:14:20,0.04947,4.947e-05,348652845234.8729
1978-04-08T15:26:00,0.0489,4.89e-05,344635620213.97394
1978-04-08T15:37:40,0.04556,4.556e-05,321096091144.1442
1978-04-08T15:49:21,0.04445,4.445e-05,313273073998.1828
1978-04-08T15:59:58,0.04572,4.572e-05,322223733255.2737
1978-04-08T16:16:05,0.0442,4.42e-05,311511133199.54285
1978-04-08T16:20:45,0.35855,0.0003585499999999,2526975493409.4136
1978-04-08T16:26:13,0.0453,4.53e-05,319263672713.5586
1978-04-08T16:38:10,0.04363,4.363e-05,307493908178.64374
1978-04-08T16:49:50,0.04221,4.221e-05,297486084442.36884
1978-04-08T16:58:51,0.04276,4.276e-05,301362354199.3768
1978-04-08T17:18:29,0.04317,4.317e-05,304251937109.1463
1978-04-08T17:30:10,0.04033,4.033e-05,284236289636.59644
1978-04-08T17:37:02,0.03739,3.739e-05,263515865844.59064
1978-04-08T17:41:50,0.03979,3.979e-05,280430497511.5341
1978-04-08T17:53:31,0.03938,3.938e-05,277540914601.76465
1978-04-08T18:05:26,0.04218,4.2180000000000006e-05,297274651546.5321
1978-04-08T18:11:01,0.05045,5.045e-05,355559653165.5416
1978-04-08T18:20:18,0.05692,5.692e-05,401158681034.3434
1978-04-08T18:26:51,0.07006,7.006e-05,493766289410.8591
1978-04-08T18:29:35,0.0622,6.22e-05,438370870701.619
1978-04-08T18:41:16,0.05431,5.431e-05,382764019096.5424
1978-04-08T18:50:12,0.03162,3.1620000000000006e-05,222850272211.98068
1978-04-08T18:58:22,0.0565,5.650000000000001e-05,398198620492.6283
1978-04-08T19:01:06,0.06179,6.179e-05,435481287791.8497
1978-04-08T19:05:46,0.0746,7.46e-05,525763134314.1605
1978-04-08T19:12:13,0.05767,5.767e-05,406444503430.2632
1978-04-08T19:22:53,0.04908,4.908e-05,345904217588.9946
1978-04-08T19:27:34,0.05926,5.926e-05,417650446909.6133
1978-04-08T19:30:37,0.05054,5.054e-05,356193951853.05194
1978-04-08T19:39:38,0.045,4.5e-05,317149343755.1907
1978-04-08T19:51:18,0.04273,4.273e-05,301150921303.54
1978-04-08T20:02:59,0.04158,4.158e-05,293045993629.79614
1978-04-08T20:14:39,0.04649,4.649e-05,327650510915.0847
1978-04-08T20:24:44,0.04386,4.386e-05,309114893713.3926
1978-04-08T20:37:28,0.04826,4.826e-05,340125051769.4556
1978-04-08T20:45:02,0.0561,5.61e-05,395379515214.8044
1978-04-08T20:45:24,0.21695,0.00021695,1529012225059.7473
1978-04-08T20:47:33,0.33208,0.00033208,2340421201649.4165
1978-04-08T21:14:37,0.05418,5.418e-05,381847809881.2496
1978-04-08T21:33:39,0.04609,4.609e-05,324831405637.2608
1978-04-08T21:41:26,0.04239,4.239e-05,298754681817.3896
1978-04-08T21:55:27,0.04239,4.239e-05,298754681817.3896
1978-04-08T22:01:41,0.03899,3.899e-05,274792286955.8863
1978-04-08T22:08:19,0.04358,4.358e-05,307141520018.9158
1978-04-08T22:13:38,0.05324,5.3240000000000005e-05,375222912478.3634
1978-04-08T22:17:45,0.06363,6.363000000000001e-05,448449172069.8397
1978-04-08T22:26:15,0.0603,6.03e-05,424980120631.9555
1978-04-08T22:41:06,0.0489,4.89e-05,344635620213.97394
1978-04-08T22:50:07,0.05045,5.045e-05,355559653165.5416
1978-04-08T23:00:36,0.05971,5.971e-05,420821940347.1653
1978-04-08T23:04:27,0.07282,7.282e-05,513218115827.8441
1978-04-08T23:15:35,0.08298,8.298e-05,584823389884.5717
1978-04-08T23:25:40,0.07273,7.273e-05,512583817140.33374
1978-04-08T23:33:38,0.07496,7.496e-05,528300329064.2021
1978-04-09T00:09:28,0.05709,5.709e-05,402356800777.4186
1978-04-09T00:25:26,0.05522,5.522e-05,389177483603.5917
1978-04-09T00:37:43,0.05524,5.524e-05,389318438867.4829
1978-04-09T00:42:07,0.07041,7.041e-05,496233006528.955
1978-04-09T00:45:14,0.09221,9.221e-05,649874244170.3585
1978-04-09T00:55:42,0.06637,6.637e-05,467760043222.9335
1978-04-09T01:14:23,0.05219,5.219e-05,367822761124.0756
1978-04-09T01:22:41,0.04855,4.855e-05,342168903095.878
1978-04-09T01:25:48,0.04113,4.113e-05,289874500192.24426
1978-04-09T01:32:02,0.04959,4.9590000000000005e-05,349498576818.2201
1978-04-09T01:39:50,0.03015,3.015e-05,212490060315.97772
1978-04-09T01:41:24,0.04859,4.859e-05,342450813623.66034
1978-04-09T01:53:14,0.04867,4.867e-05,343014634679.2251
1978-04-09T02:10:16,0.05735,5.735e-05,404189219208.0041
1978-04-09T02:13:24,0.07114,7.114e-05,501377873660.9837
1978-04-09T02:18:51,0.09068,9.068e-05,639091166482.6819
1978-04-09T02:26:14,0.07896,7.896e-05,556491381842.4413
1978-04-09T02:41:40,0.06403,6.403000000000001e-05,451268277347.6636
1978-04-09T02:48:03,0.06302,6.302e-05,444150036521.1582
1978-04-09T02:59:24,0.05522,5.522e-05,389177483603.5917
1978-04-09T03:04:05,0.05083,5.083e-05,358237803179.47424
1978-04-09T15:43:55,0.04927,4.927e-05,347243292595.961
1978-04-09T15:52:58,0.04714,4.714e-05,332231556991.54865
1978-04-09T16:15:51,0.04674,4.674e-05,329412451713.7247
1978-04-09T16:25:57,0.04804,4.804e-05,338574543866.65247
1978-04-09T16:43:09,0.04847,4.847e-05,341605082040.3132
1978-04-09T16:49:24,0.04107,4.1070000000000005e-05,289451634400.57074
1978-04-09T16:52:31,0.04463,4.4630000000000005e-05,314541671373.2036
1978-04-09T16:57:12,0.19877,0.00019877,1400883890182.65
1978-04-09T17:00:19,0.06222,6.222e-05,438511825965.5103
1978-04-09T17:09:41,0.04466,4.466e-05,314753104269.04034
1978-04-09T17:14:21,0.04197,4.197e-05,295794621275.6745
1978-04-09T17:20:36,0.04562,4.562e-05,321518956935.81775
1978-04-09T17:28:24,0.04378,4.378e-05,308551072657.8277
1978-04-09T17:34:38,0.03709,3.709e-05,261401536886.2227
1978-04-09T17:39:19,0.04859,4.859e-05,342450813623.66034
1978-04-09T17:48:26,0.0457,4.57e-05,322082777991.3825
1978-04-09T17:54:55,0.04383,4.383e-05,308903460817.5557
1978-04-09T18:03:11,0.04474,4.474e-05,315316925324.6052
1978-04-09T18:13:59,0.0426,4.26e-05,300234712088.2472
1978-04-09T18:25:41,0.04046,4.046e-05,285152498851.8892
1978-04-09T18:37:24,0.04058,4.058e-05,285998230435.2364
1978-04-09T18:47:58,0.04214,4.214e-05,296992741018.7497
1978-04-09T19:05:04,0.04234,4.234000000000001e-05,298402293657.6617
1978-04-09T19:16:46,0.04466,4.466e-05,314753104269.04034
1978-04-09T19:28:29,0.04783,4.783e-05,337094513595.79486
1978-04-09T19:40:11,0.04334,4.334e-05,305450056852.2214
1978-04-09T19:51:54,0.04082,4.0820000000000006e-05,287689693601.9308
1978-04-09T20:03:36,0.04333,4.333e-05,305379579220.2758
1978-04-09T21:07:28,0.0589,5.89e-05,415113252159.5718
1978-04-09T21:19:10,0.05781,5.781e-05,407431190277.5017
1978-04-09T21:29:49,0.05635,5.635e-05,397141456013.44434
1978-04-09T21:35:08,0.05239,5.239e-05,369232313762.9876
1978-04-09T21:57:29,0.08425,8.425e-05,593774049141.6626
1978-04-09T21:57:44,0.09838,9.838e-05,693358943080.7925
1978-04-09T22:02:13,0.14115,0.00014115,994791774912.1147
1978-04-09T22:08:36,0.12001,0.00012001,845802060979.1207
1978-04-09T22:13:59,0.1111,0.0001111,783006490915.593
1978-04-09T22:14:41,0.09475,9.475e-05,667775562684.5404
1978-04-09T22:19:44,0.08122,8.122e-05,572419326662.1464
1978-04-09T22:31:32,0.07491,7.491e-05,527947940904.4741
1978-04-09T22:43:15,0.07035,7.035e-05,495810140737.28143
1978-04-09T22:54:57,0.06307,6.307e-05,444502424680.88617
1978-04-09T23:06:40,0.05944,5.944e-05,418919044284.6341
1978-04-09T23:18:22,0.05209,5.209e-05,367117984804.6196
1978-04-09T23:30:04,0.04714,4.714e-05,332231556991.54865
1978-04-09T23:41:47,0.04535,4.535000000000001e-05,319616060873.2866
1978-04-09T23:51:22,0.0438,4.38e-05,308692027921.71893
1978-04-10T00:04:53,0.04558,4.558e-05,321237046408.0354
1978-04-10T00:15:38,0.04226,4.226e-05,297838472602.09686
1978-04-10T00:31:04,0.04112,4.112e-05,289804022560.29865
1978-04-10T00:42:46,0.04055,4.055e-05,285786797539.3996
1978-04-10T00:52:35,0.04181,4.181e-05,294666979164.545
1978-04-10T00:54:29,0.04948,4.948000000000001e-05,348723322866.8186
1978-04-10T00:57:13,0.04358,4.358e-05,307141520018.9158
1978-04-10T01:06:12,0.04104,4.104e-05,289240201504.73395
1978-04-10T01:16:22,0.04346,4.346e-05,306295788435.5686
1978-04-10T01:22:41,0.05312,5.312e-05,374377180895.0162
1978-04-10T01:30:24,0.05376,5.376e-05,378887749339.5345
1978-04-10T01:41:19,0.04643,4.643e-05,327227645123.4112
1978-04-10T01:53:02,0.04275,4.275e-05,301291876567.4312
1978-04-10T02:04:44,0.04858,4.858e-05,342380335991.7147
1978-04-10T02:14:33,0.0493,4.93e-05,347454725491.7978
1978-04-10T02:17:39,0.05583,5.583e-05,393476619152.27325
1978-04-10T02:28:29,0.12536,0.00012536,883507594070.0156
1978-04-10T02:37:44,0.06306,6.306000000000001e-05,444431947048.94055
1978-04-10T05:06:15,0.04918,4.918e-05,346608993908.4506
1978-04-10T05:12:26,0.05126,5.126e-05,361268341353.135
1978-04-10T05:18:37,0.05454,5.454e-05,384385004631.2911
1978-04-10T05:21:43,0.28671,0.00028671,2020664185512.2383
1978-04-10T05:22:43,0.07718,7.718e-05,543946363356.1248
1978-04-10T05:24:48,0.05568,5.568e-05,392419454673.0893
1978-04-10T05:27:54,0.06711,6.711e-05,472975387986.9077
1978-04-10T05:30:10,0.08038,8.038e-05,566499205578.7162
1978-04-10T05:32:14,0.09706,9.706e-05,684055895663.9735
1978-04-10T05:35:38,0.11271,0.00011271,794353389658.8344
1978-04-10T05:43:22,0.1059,0.0001059,746358122303.8821
1978-04-10T05:48:00,0.11505,0.00011505,810845155534.1041
1978-04-10T05:53:45,0.09748,9.748e-05,687015956205.6886
1978-04-10T05:55:43,0.08341,8.341e-05,587853928058.2324
1978-04-10T06:03:10,0.0715,7.149999999999999e-05,503915068411.0252
1978-04-10T06:11:41,0.06193,6.193e-05,436467974639.088
1978-04-10T06:28:13,0.0512,5.12e-05,360845475561.4614
1978-04-10T06:42:08,0.04911,4.911e-05,346115650484.8314
1978-04-10T06:56:04,0.05118,5.118e-05,360704520297.5702
1978-04-10T07:00:42,0.19304,0.0001930399999999,1360500207077.8225
1978-04-10T07:03:48,0.05012,5.012e-05,353233891311.33685
1978-04-10T07:08:26,0.0556,5.56e-05,391855633617.5244
1978-04-10T07:22:50,0.04974,4.974e-05,350555741297.4041
1978-04-10T07:39:22,0.04806,4.806e-05,338715499130.54364
1978-04-10T07:47:06,0.05009,5.009e-05,353022458415.50006
1978-04-10T07:48:39,0.04423,4.423e-05,311722566095.37964
1978-04-10T07:57:56,0.0461,4.61e-05,324901883269.2064
1978-04-10T08:10:18,0.04905,4.9050000000000006e-05,345692784693.15784
1978-04-10T08:21:08,0.04241,4.241e-05,298895637081.2808
1978-04-10T08:24:13,0.0544,5.44e-05,383398317784.05273
1978-04-10T08:29:00,0.0499,4.99e-05,351683383408.5336
1978-04-10T08:39:39,0.04682,4.682e-05,329976272769.28955
1978-04-10T16:14:26,0.11168,0.00011168,787094193568.4377
1978-04-10T16:21:05,0.05191,5.191e-05,365849387429.5988
1978-04-10T16:31:11,0.04333,4.333e-05,305379579220.2758
1978-04-10T16:42:54,0.0438,4.38e-05,308692027921.71893
1978-04-10T16:54:52,0.04766,4.766e-05,335896393852.7197
1978-04-10T17:01:31,0.05666,5.666e-05,399326262603.7579
1978-04-10T17:05:42,0.06925,6.925e-05,488057601223.2656
1978-04-10T17:14:45,0.11874,0.00011874,836851401722.0298
1978-04-10T17:29:12,0.06791,6.791e-05,478613598542.5556
1978-04-10T17:37:43,0.03956,3.956e-05,278809511976.7854
1978-04-10T18:51:10,0.03378,3.378e-05,238073440712.22977
1978-04-10T19:29:19,0.04959,4.9590000000000005e-05,349498576818.2201
1978-04-10T19:33:57,0.05854,5.8540000000000005e-05,412576057409.5303
1978-04-10T19:40:09,0.06629,6.629e-05,467196222167.3687
1978-04-10T19:48:06,0.05172,5.1720000000000006e-05,364510312422.63257
1978-04-10T19:57:41,0.04664,4.664e-05,328707675394.26874
1978-04-10T20:04:53,0.0506,5.06e-05,356616817644.7256
1978-04-10T20:09:24,0.04666,4.666e-05,328848630658.16
1978-04-10T20:21:06,0.04127,4.127e-05,290861187039.48267
1978-04-10T20:32:49,0.044,4.4e-05,310101580560.6309
1978-04-10T20:39:12,0.04439,4.439e-05,312850208206.5092
1978-04-10T23:40:09,0.04979,4.979e-05,350908129457.13214
1978-04-11T02:48:31,0.1759,0.0001759,1239701545923.0674
1978-04-11T02:53:03,0.16032,0.0001603199999999,1129897395351.826
1978-04-11T03:01:13,0.18803,0.00018803,1325190913473.078
1978-04-11T03:12:55,0.18846,0.00018846,1328221451646.7388
1978-04-11T03:24:38,0.18864,0.00018864,1329490049021.7595
1978-04-11T03:36:20,0.19283,0.00019283,1359020176806.9648
1978-04-11T03:48:03,0.19659,0.0001965899999999,1385519766418.5095
1978-04-11T03:58:42,0.19732,0.00019732,1390664633550.5383
1978-04-11T04:25:18,0.1991,0.0001991,1403209652036.8547
1978-04-11T04:37:01,0.19838,0.00019838,1398135262536.772
1978-04-11T04:48:43,0.19857,0.00019857,1399474337543.738
1978-04-11T05:00:26,0.19902,0.00019902,1402645830981.29
1978-04-11T05:12:08,0.19895,0.0001989499999999,1402152487557.671
1978-04-11T05:23:51,0.19797,0.00019797,1395245679627.0024
1978-04-11T05:35:34,0.19855,0.00019855,1399333382279.847
1978-04-11T05:47:16,0.199,0.000199,1402504875717.399
1978-04-11T05:57:23,0.19868,0.00019868,1400249591495.1396
1978-04-11T06:20:16,0.19776,0.00019776,1393765649356.1443
1978-04-11T06:31:59,0.19782,0.00019782,1394188515147.8184
1978-04-11T06:43:41,0.19815,0.00019815,1396514277002.023
1978-04-11T06:55:24,0.19834,0.00019834,1397853352008.9895
1978-04-11T07:07:06,0.19697,0.00019697,1388197916432.4424
1978-04-11T07:16:41,0.16137,0.00016137,1137297546706.1138
1978-04-11T07:21:22,0.20076,0.00020076,1414908938939.8242
1978-04-11T07:30:32,0.1993,0.0001993,1404619204675.7668
1978-04-11T07:42:14,0.19949,0.00019949,1405958279682.7332
1978-04-11T07:53:57,0.19916,0.00019916,1403632517828.5286
1978-04-11T08:05:39,0.19831,0.00019831,1397641919113.1526
1978-04-11T08:17:22,0.19863,0.00019863,1399897203335.412
1978-04-11T08:30:56,0.19992,0.00019992,1408988817856.3938
1978-04-11T08:40:47,0.1959,0.0001959,1380656809814.2634
1978-04-11T08:52:29,0.19481,0.00019481,1372974747932.1934
1978-04-11T09:04:12,0.19474,0.00019474,1372481404508.5742
1978-04-11T09:15:55,0.19315,0.00019315,1361275461029.224
1978-04-11T09:25:12,0.21336,0.00021336,1503710755191.277
1978-04-11T09:28:22,0.61237,0.00061237,4315838747452.5806
1978-04-11T09:29:58,0.05155,5.155e-05,363312192679.5573
1978-04-11T09:39:20,1.05924,0.00105924,7465272686205.515
1978-04-11T09:39:29,0.05497,5.497e-05,387415542804.9518
1978-04-11T09:45:43,1.06741,0.00106741,7522852911505.068
1978-04-11T09:49:01,0.05042,5.042e-05,355348220269.7048
1978-04-11T09:52:11,0.06963,6.963e-05,490735751237.1983
1978-04-11T09:56:57,0.05988,5.988e-05,422020060090.2404
1978-04-11T10:11:14,0.05611,5.611e-05,395449992846.75
1978-04-11T10:17:35,0.0526,5.260000000000001e-05,370712344033.8452
1978-04-11T10:23:56,0.06956,6.956e-05,490242407813.5792
1978-04-11T10:37:52,0.05848,5.848e-05,412153191617.8566
1978-04-11T10:47:45,0.07576,7.575999999999999e-05,533938539619.84985
1978-04-11T10:54:06,0.0695,6.950000000000001e-05,489819542021.9057
1978-04-11T10:55:42,0.09806,9.806e-05,691103658858.5332
1978-04-11T11:02:03,0.11899,0.00011899,838613342520.6698
1978-04-11T11:11:31,0.10682,0.00010682,752842064442.8771
1978-04-11T11:29:30,0.07822,7.821999999999999e-05,551276037078.4669
1978-04-11T11:34:49,0.07023,7.023e-05,494964409153.9342
1978-04-11T16:24:54,0.3008,0.0003008,2119967168923.5857
1978-04-11T16:36:36,0.26442,0.00026442,1863569543905.5007
1978-04-11T16:48:19,0.23153,0.00023153,1631768612436.429
1978-04-11T16:59:30,0.20399,0.00020399,1437673214058.2522
1978-04-11T17:17:03,0.16986,0.00016986,1197133056227.9265
1978-04-11T17:28:46,0.15189,0.00015189,1070484751621.687
1978-04-11T17:38:57,0.13775,0.00013775,970829380050.6116
1978-04-11T17:52:11,0.13577,0.00013577,956874808925.383
1978-04-11T18:03:54,0.12735,0.00012735,897532642827.1896
1978-04-11T18:13:50,0.11729,0.00011729,826632145089.9182
1978-04-11T18:21:38,0.08654,8.654000000000001e-05,609913426857.2045
1978-04-11T18:26:35,0.11492,0.0001149199999999,809928946318.8114
1978-04-11T18:32:56,0.09673,9.673e-05,681730133809.7687
1978-04-11T18:48:18,0.10846,0.00010846,764400396081.9552
1978-04-11T18:55:10,0.11238,0.0001123799999999,792027627804.6295
1978-04-11T18:59:56,0.46499,0.00046499,3277139407838.3584
1978-04-11T19:03:06,0.09874,9.874e-05,695896137830.834
1978-04-11T19:18:59,0.10304,0.00010304,726201519567.441
1978-04-11T19:22:09,0.08862,8.862e-05,624572774301.8889
1978-04-11T19:32:41,0.10308,0.00010308,726483430095.2235
1978-04-11T19:43:57,0.09988,9.988e-05,703930587872.6321
1978-04-11T19:55:08,0.10145,0.00010145,714995576088.0911
1978-04-11T20:28:50,0.09434,9.434e-05,664885979774.7709
1978-04-11T20:38:22,0.07771,7.771e-05,547681677849.2415
1978-04-12T07:29:01,0.11488,0.00011488,809647035791.0289
1978-04-12T07:46:00,0.09933,9.933e-05,700054318115.6241
1978-04-12T07:52:09,0.08954,8.954e-05,631056716440.8839
1978-04-12T08:01:25,0.0824,8.24e-05,580735687231.7269
1978-04-12T08:12:03,0.06799,6.798999999999999e-05,479177419598.1202
1978-04-12T08:32:39,0.05954,5.954e-05,419623820604.0901
1978-04-12T08:39:59,0.05553,5.5530000000000005e-05,391362290193.9053
1978-04-12T08:46:14,0.05909,5.909e-05,416452327166.53815
1978-04-12T08:53:56,0.05326,5.326e-05,375363867742.2546
1978-04-12T08:58:40,0.05908,5.908e-05,416381849534.5926
1978-04-12T09:03:13,0.05004,5.004e-05,352670070255.77203
1978-04-12T09:12:05,0.07739,7.739e-05,545426393626.9824
1978-04-12T09:23:42,0.07098,7.098e-05,500250231549.85406
1978-04-12T09:35:17,0.06163,6.163e-05,434353645680.7201
1978-04-12T09:46:53,0.05456,5.456e-05,384525959895.1823
1978-04-12T09:56:02,0.05,5e-05,352388159727.9897
1978-04-12T10:00:46,0.05546,5.546e-05,390868946770.2861
1978-04-12T10:10:14,0.05557,5.5570000000000005e-05,391644200721.6877
1978-04-12T10:19:48,0.05636,5.636e-05,397211933645.39
1978-04-12T10:48:28,0.05829,5.8290000000000006e-05,410814116610.8904
1978-04-12T11:00:10,0.06026,6.026e-05,424698210104.1731
1978-04-12T11:11:51,0.0606,6.06e-05,427094449590.3234
1978-04-12T11:23:31,0.05989,5.989e-05,422090537722.186
1978-04-12T11:35:10,0.05814,5.814e-05,409756952131.7063
1978-04-12T11:46:51,0.05918,5.9180000000000006e-05,417086625854.0486
1978-04-12T11:58:29,0.05505,5.505e-05,387979363860.5167
1978-04-12T12:10:07,0.05211,5.211e-05,367258940068.5108
1978-04-12T12:20:14,0.05546,5.546e-05,390868946770.2861
1978-04-12T12:36:06,0.0507,5.0700000000000006e-05,357321593964.1815
1978-04-12T12:54:37,0.04692,4.6920000000000005e-05,330681049088.7455
1978-04-12T13:08:46,0.0601,6.01e-05,423570567993.0436
1978-04-12T13:18:23,0.04679,4.679e-05,329764839873.4527
1978-04-12T13:29:37,0.046,4.6e-05,324197106949.7505
1978-04-12T13:41:12,0.03991,3.991e-05,281276229094.88135
1978-04-12T13:52:52,0.03904,3.904e-05,275144675115.6143
1978-04-12T14:04:33,0.0398,3.9800000000000005e-05,280500975143.4798
1978-04-12T14:16:13,0.04002,4.002e-05,282051483046.2829
1978-04-12T14:27:55,0.0413,4.13e-05,291072619935.31946
1978-04-12T14:36:57,0.04161,4.161e-05,293257426525.633
1978-04-12T14:57:36,0.03936,3.936e-05,277399959337.8735
1978-04-12T15:09:17,0.03984,3.984e-05,280782885671.26215
1978-04-12T15:20:57,0.0397,3.97e-05,279796198824.0238
1978-04-12T15:32:38,0.03975,3.975e-05,280148586983.7518
1978-04-12T15:42:11,0.04049,4.049e-05,285363931747.726
1978-04-12T16:03:29,0.04438,4.4380000000000005e-05,312779730574.56366
1978-04-12T16:11:52,0.04391,4.391e-05,309467281873.1205
1978-04-12T16:18:00,0.03958,3.958e-05,278950467240.6766
1978-04-12T16:21:14,0.04672,4.672e-05,329271496449.8335
1978-04-12T16:38:29,0.04282,4.282e-05,301785219991.0503
1978-04-12T16:44:30,0.04481,4.4810000000000006e-05,315810268748.2244
1978-04-12T16:50:38,0.03956,3.956e-05,278809511976.7854
1978-04-12T16:56:54,0.04298,4.298e-05,302912862102.1799
1978-04-12T17:06:10,0.03955,3.9550000000000006e-05,278739034344.83984
1978-04-12T17:09:05,0.30203,0.00030203,2128635917652.8943
1978-04-12T17:16:52,0.03589,3.589e-05,252944221052.75092
1978-04-12T17:31:07,0.04572,4.572e-05,322223733255.2737
1978-04-12T17:36:12,0.08696,8.696e-05,612873487398.9196
1978-04-12T17:40:04,0.06198,6.198e-05,436820362798.816
1978-04-12T17:49:46,0.05646,5.6460000000000005e-05,397916709964.8459
1978-04-12T18:01:22,0.05089,5.089e-05,358660668971.1478
1978-04-12T18:13:03,0.05105,5.105e-05,359788311082.2774
1978-04-12T18:22:04,0.05058,5.058e-05,356475862380.83435
1978-04-12T18:36:17,0.04327,4.327e-05,304956713428.60223
1978-04-12T18:44:07,0.04567,4.567e-05,321871345095.5457
1978-04-12T18:47:57,0.04271,4.271e-05,301009966039.64874
1978-04-12T18:56:58,0.0424,4.24e-05,298825159449.3352
1978-04-12T18:59:26,0.03235,3.235e-05,227995139344.00928
1978-04-12T19:08:56,0.0429,4.29e-05,302349041046.6151
1978-04-12T19:16:42,0.04289,4.289e-05,302278563414.6695
1978-04-12T19:22:49,0.03709,3.709e-05,261401536886.2227
1978-04-12T19:32:17,0.04564,4.564e-05,321659912199.709
1978-04-12T19:41:28,0.37861,0.00037861,2668353623092.284
1978-04-12T19:46:15,0.04469,4.469e-05,314964537164.87714
1978-04-12T20:18:09,0.04285,4.285e-05,301996652886.8871
1978-04-12T20:29:49,0.04276,4.276e-05,301362354199.3768
1978-04-12T20:41:31,0.04347,4.347e-05,306366266067.5142
1978-04-12T20:47:52,0.04258,4.258e-05,300093756824.356
1978-04-13T11:10:11,0.02843,2.843e-05,200367907621.3349
1978-04-13T11:19:46,0.02869,2.869e-05,202200326051.92047
1978-04-13T11:37:20,0.02906,2.906e-05,204807998433.9076
1978-04-13T11:41:57,0.02618,2.618e-05,184510440433.57535
1978-04-13T11:45:09,0.03031,3.031e-05,213617702427.1073
1978-04-13T11:54:59,0.02972,2.972e-05,209459522142.31705
1978-04-13T12:02:45,0.05926,5.926e-05,417650446909.6133
1978-04-13T12:05:29,0.03368,3.368e-05,237368664392.77383
1978-04-13T12:14:10,0.03525,3.525e-05,248433652608.23267
1978-04-13T12:25:56,0.03877,3.877e-05,273241779053.08316
1978-04-13T12:37:33,0.03437,3.437e-05,242231620997.02008
1978-04-13T12:49:10,0.03,3e-05,211432895836.7938
1978-04-13T13:04:43,0.03374,3.374e-05,237791530184.44745
1978-04-13T13:11:01,0.03746,3.746e-05,264009209268.20987
1978-04-13T13:24:07,0.00961,9.61e-06,67729004299.71962
1978-04-13T13:25:21,0.0594,5.94e-05,418637133756.8517
1978-04-13T13:31:29,0.05132,5.132e-05,361691207144.8085
1978-04-13T13:32:55,0.04251,4.251e-05,299600413400.7368
1978-04-13T13:44:37,0.03595,3.5950000000000006e-05,253367086844.4246
1978-04-13T13:56:14,0.03145,3.145e-05,221652152468.9055
1978-04-13T14:09:44,0.02908,2.9080000000000003e-05,204948953697.7988
1978-04-13T14:14:34,0.02224,2.224e-05,156742253447.0098
1978-04-13T14:19:23,0.028,2.8e-05,197337369447.6742
1978-04-13T14:28:04,0.02804,2.804e-05,197619279975.45657
1978-04-13T14:51:12,0.09059,9.059e-05,638456867795.1718
1978-04-13T14:59:05,0.08326,8.326e-05,586796763579.0483
1978-04-13T15:05:44,0.06956,6.956e-05,490242407813.5792
1978-04-13T15:08:00,0.43525,0.00043525,3067538930432.15
1978-04-13T15:11:15,0.0699,6.99e-05,492638647299.7296
1978-04-13T15:21:50,0.05233,5.233e-05,368809447971.314
1978-04-13T15:46:40,0.02807,2.807e-05,197830712871.2934
1978-04-13T15:50:52,0.14072,0.00014072,991761236738.4542
1978-04-13T15:52:55,0.02867,2.867e-05,202059370788.02927
1978-04-13T16:08:23,0.02426,2.426e-05,170978735100.0206
1978-04-13T16:22:23,0.02328,2.328e-05,164071927169.35196
1978-04-13T16:27:37,0.05378,5.378e-05,379028704603.4257
1978-04-13T16:31:48,0.02585,2.585e-05,182184678579.37067
1978-04-13T16:55:18,0.02546,2.546e-05,179436050933.49234
1978-04-13T17:01:15,0.03137,3.137e-05,221088331413.3407
1978-04-13T17:11:29,0.03538,3.5380000000000003e-05,249349861823.5255
1978-04-13T17:15:30,0.04194,4.194e-05,295583188379.83777
1978-04-13T17:20:32,0.04851,4.851e-05,341886992568.0956
1978-04-13T17:25:19,0.05618,5.618e-05,395943336270.36914
1978-04-13T17:29:54,0.04853,4.853e-05,342027947831.9868
1978-04-13T17:34:24,0.03775,3.775e-05,266053060594.6322
1978-04-13T17:40:45,0.04464,4.464e-05,314612149005.1492
1978-04-13T17:46:21,0.0367,3.67e-05,258652909240.3444
1978-04-13T17:52:51,0.03155,3.155e-05,222356928788.36145
1978-04-13T18:04:04,0.02898,2.898e-05,204244177378.3428
1978-04-13T18:15:45,0.02818,2.818e-05,198605966822.69495
1978-04-13T18:26:24,0.02897,2.897e-05,204173699746.3972
1978-04-13T18:29:12,0.03511,3.511e-05,247446965760.99432
1978-04-13T18:47:41,0.02902,2.902e-05,204526087906.1252
1978-04-13T18:53:45,0.03134,3.134e-05,220876898517.5039
1978-04-13T18:59:57,0.02944,2.9440000000000003e-05,207486148447.84036
1978-04-13T19:11:03,0.02728,2.728e-05,192262979947.5912
1978-04-13T19:22:43,0.02564,2.564e-05,180704648308.5131
1978-04-13T19:34:23,0.02442,2.442e-05,172106377211.15015
1978-04-13T19:46:05,0.02425,2.425e-05,170908257468.07498
1978-04-13T19:57:48,0.02491,2.4910000000000004e-05,175559781176.48447
1978-04-13T20:08:58,0.02502,2.502e-05,176335035127.88602
1978-04-13T20:23:59,0.02496,2.496e-05,175912169336.21243
1978-04-13T20:27:11,0.02772,2.772e-05,195363995753.19748
1978-04-13T20:36:36,0.02356,2.356e-05,166045300863.82874
1978-04-13T20:58:43,0.03732,3.732e-05,263022522420.97147
1978-04-13T21:02:59,0.0316,3.16e-05,222709316948.08948
1978-04-13T21:11:16,0.02705,2.705e-05,190641994412.8424
1978-04-13T21:21:50,0.02405,2.405e-05,169498704829.16302
1978-04-13T21:33:30,0.02319,2.319e-05,163437628481.8416
1978-04-13T21:44:46,0.02483,2.483e-05,174995960120.91968
1978-04-13T21:50:28,0.03019,3.019e-05,212771970843.76016
1978-04-13T21:53:02,0.03426,3.426e-05,241456367045.6185
1978-04-13T21:59:12,0.03086,3.086e-05,217493972184.1152
1978-04-13T22:09:15,0.02706,2.706e-05,190712472044.788
1978-04-13T22:17:44,0.02453,2.453e-05,172881631162.55173
1978-04-13T22:22:34,0.03024,3.024e-05,213124359003.48813
1978-04-13T22:28:25,0.02451,2.451e-05,172740675898.66052
1978-04-13T22:37:20,0.0228,2.28e-05,160689000835.9633
1978-04-13T22:50:34,0.02842,2.842e-05,200297429989.3893
1978-04-13T23:00:47,0.02436,2.436e-05,171683511419.47656
1978-04-13T23:11:58,0.02278,2.278e-05,160548045572.0721
1978-04-14T00:06:18,0.03163,3.163e-05,222920749843.92624
1978-04-14T00:12:36,0.0344,3.44e-05,242443053892.8569
1978-04-14T00:12:36,0.03098,3.098e-05,218339703767.4624
1978-04-14T00:20:28,0.03369,3.369e-05,237439142024.71945
1978-04-14T00:23:37,0.04911,4.911e-05,346115650484.8314
1978-04-14T00:30:24,0.05811,5.811e-05,409545519235.8696
1978-04-14T00:38:28,0.04937,4.937e-05,347948068915.417
1978-04-14T00:42:07,0.04335,4.335e-05,305520534484.16705
1978-04-14T00:50:24,0.03516,3.5159999999999995e-05,247799353920.7223
1978-04-14T01:01:26,0.02975,2.975e-05,209670955038.15384
1978-04-14T01:08:34,0.02711,2.711e-05,191064860204.516
1978-04-14T01:17:19,0.02517,2.517e-05,177392199607.06998
1978-04-14T01:34:54,0.02497,2.497e-05,175982646968.15802
1978-04-14T06:15:51,0.0234,2.34e-05,164917658752.69916
1978-04-14T06:27:35,0.02198,2.198e-05,154909835016.42426
1978-04-14T06:39:19,0.0219,2.19e-05,154346013960.85947
1978-04-14T06:51:03,0.02191,2.191e-05,154416491592.80505
1978-04-14T07:02:46,0.02135,2.135e-05,150469744203.8516
1978-04-14T07:14:30,0.02133,2.133e-05,150328788939.96036
1978-04-14T07:26:14,0.02217,2.217e-05,156248910023.39062
1978-04-14T07:37:58,0.02499,2.499e-05,176123602232.04922
1978-04-14T07:50:36,0.02514,2.514e-05,177180766711.2332
1978-04-14T07:56:05,0.02622,2.622e-05,184792350961.35776
1978-04-14T07:56:50,0.03197,3.197e-05,225316989330.07657
1978-04-14T07:58:56,0.03791,3.791e-05,267180702705.76175
1978-04-14T08:04:37,0.036,3.6e-05,253719475004.15256
1978-04-14T08:15:02,0.02979,2.979e-05,209952865565.93625
1978-04-14T08:25:56,0.02635,2.635e-05,185708560176.6505
1978-04-14T15:16:43,0.02414,2.4140000000000003e-05,170133003516.6734
1978-04-14T15:24:48,0.02423,2.4230000000000003e-05,170767302204.1838
1978-04-14T15:34:16,0.02528,2.528e-05,178167453558.4716
1978-04-14T15:50:01,0.02529,2.529e-05,178237931190.41718
1978-04-14T15:56:19,0.0275,2.75e-05,193813487850.39432
1978-04-14T16:05:29,0.02763,2.763e-05,194729697065.68704
1978-04-14T16:17:13,0.02912,2.912e-05,205230864225.58115
1978-04-14T16:24:40,0.03121,3.121e-05,219960689302.21115
1978-04-14T16:32:33,0.02931,2.931e-05,206569939232.54752
1978-04-14T16:37:17,0.03255,3.2550000000000005e-05,229404691982.9213
1978-04-14T17:00:55,0.02698,2.6980000000000003e-05,190148650989.2232
1978-04-14T17:08:47,0.03469,3.469e-05,244486905219.27924
1978-04-14T17:18:14,0.0347,3.47e-05,244557382851.2248
1978-04-14T17:19:21,0.03938,3.938e-05,277540914601.76465
1978-04-14T17:22:58,0.05166,5.166e-05,364087446630.95886
1978-04-14T17:32:02,0.04059,4.059e-05,286068708067.182
1978-04-14T17:36:33,0.03535,3.535e-05,249138428927.68863
1978-04-14T17:53:43,0.03354,3.354e-05,236381977545.53543
1978-04-14T18:00:02,0.04098,4.098e-05,288817335713.0604
1978-04-14T18:03:35,0.04903,4.903e-05,345551829429.2666
1978-04-14T18:12:22,0.05348,5.348e-05,376914375645.05774
1978-04-14T18:22:30,0.04554,4.554e-05,320955135880.253
1978-04-14T18:31:34,0.03891,3.891e-05,274228465900.32156
1978-04-14T18:42:14,0.0345,3.4500000000000005e-05,243147830212.3129
1978-04-14T18:51:12,0.03629,3.6290000000000007e-05,255763326330.5749
1978-04-14T18:53:57,0.03301,3.301e-05,232646663052.41876
1978-04-14T19:05:41,0.02898,2.898e-05,204244177378.3428
1978-04-14T19:17:25,0.02769,2.769e-05,195152562857.36063
1978-04-14T19:29:09,0.02717,2.717e-05,191487725996.18958
1978-04-14T19:39:16,0.02695,2.695e-05,189937218093.38644
1978-04-14T20:06:28,0.02593,2.593e-05,182748499634.93542
1978-04-14T20:20:19,0.02466,2.466e-05,173797840377.8445
1978-04-14T20:33:03,0.02503,2.503e-05,176405512759.8316
1978-04-14T20:43:47,0.02823,2.823e-05,198958354982.4229
1978-04-14T20:55:30,0.02699,2.699e-05,190219128621.1688
1978-04-14T21:06:28,0.02823,2.823e-05,198958354982.4229
1978-04-14T21:14:42,0.03245,3.245e-05,228699915663.4653
1978-04-14T21:26:26,0.02968,2.9680000000000004e-05,209177611614.53467
1978-04-14T21:38:09,0.02663,2.663e-05,187681933871.1273
1978-04-14T21:49:53,0.02532,2.532e-05,178449364086.25394
1978-04-14T22:02:20,0.02576,2.576e-05,181550379891.86023
1978-04-14T22:06:33,0.0296,2.96e-05,208613790558.96988
1978-04-14T22:11:45,0.02639,2.639e-05,185990470704.4329
1978-04-14T22:21:52,0.02373,2.373e-05,167243420606.9039
1978-04-14T22:31:46,0.02505,2.505e-05,176546468023.7228
1978-04-14T22:42:48,0.04142,4.142e-05,291918351518.6666
1978-04-14T22:45:57,0.13376,0.00013376,942708804904.318
1978-04-14T22:51:44,0.19145,0.00019145,1349294263598.4724
1978-04-14T23:00:34,0.17768,0.00017768,1252246564409.3845
1978-04-14T23:02:55,0.15412,0.00015412,1086201263545.5555
1978-04-14T23:09:51,0.13151,0.00013151,926851337716.5582
1978-04-14T23:21:35,0.13275,0.00013275,935590564077.8124
1978-04-14T23:30:07,0.11624,0.00011624,819231993735.6302
1978-04-14T23:33:24,0.09997,9.997e-05,704564886560.1426
1978-04-14T23:43:51,0.07203,7.203e-05,507650382904.1419
1978-04-14T23:48:14,0.06044,6.044e-05,425966807479.1939
1978-04-14T23:53:02,0.05071,5.071e-05,357392071596.1271
1978-04-15T03:34:44,0.022079,2.2079000000000003e-05,155607563572.6857
1978-04-15T03:39:35,0.019848,1.9848e-05,139884003885.62277
1978-04-15T03:52:20,0.019851,1.9851e-05,139905147175.20645
1978-04-15T04:04:40,0.020153,2.0153e-05,142033571659.96353
1978-04-15T04:16:21,0.020458,2.0458e-05,144183139434.30423
1978-04-15T04:28:01,0.020983,2.0983e-05,147883215111.44815
1978-04-15T04:39:42,0.021028,2.1028000000000003e-05,148200364455.20334
1978-04-15T04:50:10,0.022961,2.2961e-05,161823690710.28738
1978-04-15T04:52:47,0.025121,2.5121e-05,177046859210.5366
1978-04-15T04:58:57,0.023888,2.3888e-05,168356967191.64435
1978-04-15T05:10:35,0.024059,2.4059e-05,169562134697.91406
1978-04-15T05:16:35,0.029803,2.9803e-05,210044486487.4655
1978-04-15T05:31:02,0.025677,2.5677e-05,180965415546.71176
1978-04-15T05:40:41,0.022597,2.2597e-05,159258304907.46762
1978-04-15T05:46:53,0.029187,2.9187e-05,205703064359.6167
1978-04-15T05:59:17,0.023923,2.3923e-05,168603638903.45392
1978-04-15T06:06:05,0.026809,2.6809e-05,188943483482.9535
1978-04-15T06:15:42,0.025152,2.5152e-05,177265339869.56793
1978-04-15T06:23:44,0.023098,2.3098e-05,162789234267.9421
1978-04-15T06:31:42,0.027768,2.7768e-05,195702288386.53635
1978-04-15T06:33:16,0.041252,4.1252e-05,290734327301.9806
1978-04-15T06:33:30,0.033785,3.3785e-05,238108679528.20264
1978-04-15T06:34:21,0.0512,5.12e-05,360845475561.4614
1978-04-15T06:36:51,0.063584,6.3584e-05,448124974962.8899
1978-04-15T06:40:23,0.0747,7.47e-05,526467910633.6165
1978-04-15T06:48:22,0.081738,8.173800000000001e-05,576070067996.9283
1978-04-15T06:56:18,0.066123,6.6123e-05,466019245713.8772
1978-04-15T07:00:48,0.053789,5.3789e-05,379092134472.17664
1978-04-15T07:03:06,0.04687,4.687e-05,330328660929.0175
1978-04-15T07:10:11,0.035801,3.5801e-05,252316970128.43512
1978-04-15T07:19:28,0.025718,2.5718000000000003e-05,181254373837.6888
1978-04-15T07:29:09,0.022155,2.2155e-05,156143193575.47223
1978-04-15T07:33:58,0.020784,2.0784e-05,146480710235.73074
1978-04-15T07:43:07,0.037762,3.7762e-05,266137633752.9669
1978-04-15T07:45:17,0.016796,1.6796e-05,118374230615.82628
1978-04-15T07:49:59,0.018687,1.8687e-05,131701550816.73885
1978-04-15T07:54:41,0.021239,2.1239e-05,149687442489.25546
1978-04-15T08:01:02,0.022166,2.2166e-05,156220718970.61237
1978-04-15T17:29:25,0.042906,4.2906e-05,302391327625.7825
1978-04-15T18:42:50,0.036394,3.6394e-05,256496293702.8091
1978-04-16T00:05:38,0.026647,2.6647e-05,187801745845.4348
1978-04-16T00:17:20,0.024903,2.4903e-05,175510446834.12256
1978-04-16T00:26:27,0.023128,2.3128e-05,163000667163.77887
1978-04-16T00:34:14,0.024635,2.4635e-05,173621646297.9805
1978-04-16T00:38:55,0.022192,2.2192e-05,156403960813.6709
1978-04-16T00:45:08,0.026244,2.6244e-05,184961497278.0272
1978-04-16T00:52:24,0.022045,2.2045e-05,155367939624.07062
1978-04-16T01:04:05,0.022302,2.2302e-05,157179214765.0725
1978-04-16T01:15:47,0.020761,2.0761000000000003e-05,146318611682.2559
1978-04-16T01:27:28,0.020029,2.0029e-05,141159649023.8381
1978-04-16T01:36:30,0.022324,2.2324e-05,157334265555.35284
1978-04-16T01:50:51,0.023326,2.3326e-05,164396124276.30176
1978-04-16T02:02:32,0.021021,2.1021e-05,148151030112.84143
1978-04-16T02:14:14,0.020585,2.0585e-05,145078205360.01334
1978-04-16T02:21:39,0.020076,2.0076e-05,141490893893.9824
1978-04-16T02:26:20,0.029269,2.9269e-05,206280980941.5706
1978-04-16T02:29:26,0.025283,2.5283e-05,178188596848.05527
1978-04-16T02:34:07,0.027497,2.7497e-05,193792344560.81064
1978-04-16T02:37:13,0.020949,2.0949e-05,147643591162.8331
1978-04-16T02:46:34,0.026942,2.6942e-05,189880835987.82996
1978-04-16T02:48:07,0.031855,3.1855e-05,224506496562.7022
1978-04-16T02:55:54,0.035382,3.5381999999999994e-05,249363957349.91455
1978-04-16T02:59:01,0.026956,2.6956e-05,189979504672.55377
1978-04-16T03:06:48,0.031881,3.1881e-05,224689738405.7608
1978-04-16T09:20:25,0.026285,2.6285e-05,185250455569.00412
1978-04-16T09:21:59,0.059468,5.9468e-05,419116381654.0818
1978-04-16T16:48:46,0.050225,5.0225e-05,353973906446.7656
1978-04-16T16:50:20,0.020851,2.0851e-05,146952910369.76624
1978-04-16T18:01:56,0.039194,3.9194e-05,276230030647.5765
1978-04-16T19:15:33,0.033898,3.3898e-05,238905076769.18787
1978-04-17T07:51:04,0.014934,1.4934e-05,105251295547.55595
1978-04-17T08:02:49,0.014662,1.4662e-05,103334303958.63568
1978-04-17T08:20:26,0.013855,1.3855e-05,97646759060.62592
1978-04-17T08:37:46,0.014614,1.4614e-05,102996011325.29684
1978-04-17T08:44:21,0.016001,1.6001e-05,112771258876.15126
1978-04-17T08:49:06,0.015031,1.5031e-05,105934928577.42824
1978-04-17T09:57:13,0.01331,1.331e-05,93805728119.59084
1978-04-17T10:06:43,0.01418,1.418e-05,99937282098.85786
1978-04-17T10:24:47,0.013712,1.3712e-05,96638928923.80388
1978-04-17T10:38:24,0.015447,1.5447e-05,108866798066.36513
1978-04-17T10:49:30,0.019056,1.9056e-05,134302175435.53142
1978-04-17T11:02:10,0.017539,1.7539e-05,123610718669.3842
1978-04-17T11:20:18,0.030566,3.0566e-05,215421929804.9146
1978-04-17T11:24:21,0.020333,2.0333e-05,143302169034.98428
1978-04-17T11:35:26,0.017944,1.7944000000000003e-05,126465062763.18095
1978-04-17T11:46:32,0.016863,1.6863e-05,118846430749.8618
1978-04-17T12:28:05,0.015045,1.5045e-05,106033597262.15208
1978-04-17T12:39:50,0.015046,1.5046e-05,106040645025.34663
1978-04-17T12:51:34,0.015124,1.5124e-05,106590370554.52232
1978-04-17T13:00:39,0.015094,1.5094e-05,106378937658.68552
1978-04-17T13:21:35,0.016261,1.6261000000000002e-05,114603677306.7368
1978-04-17T13:29:30,0.014652,1.4652e-05,103263826326.69008
1978-04-17T13:37:25,0.015939,1.5938999999999998e-05,112334297558.08852
1978-04-17T13:56:41,0.017082,1.7082e-05,120389890889.47038
1978-04-17T14:04:09,0.01706,1.706e-05,120234840099.19006
1978-04-17T14:16:21,0.025943,2.5943e-05,182840120556.46472
1978-04-17T14:19:43,0.021754,2.1754e-05,153317040534.4537
1978-04-17T14:26:19,0.01832,1.832e-05,129115021724.33542
1978-04-17T14:38:19,0.017014,1.7014e-05,119910642992.24033
1978-04-17T14:48:32,0.016567,1.6567e-05,116760292844.27208
1978-04-17T15:00:01,0.015598,1.5598000000000002e-05,109931010308.74364
1978-04-17T15:13:33,0.015064,1.5064e-05,106167504762.84872
1978-04-17T15:25:17,0.015486,1.5486e-05,109141660830.95296
1978-04-17T15:37:02,0.01495,1.495e-05,105364059758.6689
1978-04-17T15:48:46,0.015047,1.5047e-05,106047692788.5412
1978-04-17T16:00:31,0.015379,1.5379e-05,108387550169.13504
1978-04-17T16:12:15,0.01534,1.534e-05,108112687404.54724
1978-04-17T16:24:00,0.015341,1.5341e-05,108119735167.7418
1978-04-17T16:34:40,0.014462,1.4462e-05,101924751319.72372
1978-04-17T16:38:25,0.012696,1.2696000000000002e-05,89478401518.13115
1978-04-17T17:37:07,0.040075,4.0075e-05,282439110021.9837
1978-04-17T18:50:15,0.034219,3.4219e-05,241167408754.64157
1978-04-17T19:40:25,0.020404,2.0404e-05,143802560221.798
1978-04-17T19:52:10,0.021124,2.1124e-05,148876949721.88104
1978-04-17T20:03:54,0.02148,2.148e-05,151385953419.14435
1978-04-17T20:13:27,0.022799,2.2799e-05,160681953072.7687
1978-04-17T20:25:15,0.021976,2.1976e-05,154881643963.64603
1978-04-17T21:16:29,0.01791,1.791e-05,126225438814.56589
1978-04-17T21:28:14,0.01707,1.7069999999999998e-05,120305317731.13564
1978-04-17T21:39:58,0.016501,1.6501e-05,116295140473.43114
1978-04-17T21:51:43,0.015767,1.5767e-05,111122082288.62424
1978-04-17T22:03:28,0.015182,1.5182e-05,106999140819.80678
1978-04-17T22:15:12,0.015349,1.5349e-05,108176117273.29828
1978-04-17T22:26:57,0.016231,1.6230999999999998e-05,114392244410.9
1978-04-17T22:38:41,0.015165,1.5165e-05,106879328845.49924
1978-04-17T22:50:26,0.014333,1.4333e-05,101015589867.62552
1978-04-17T23:02:10,0.0136,1.36e-05,95849579446.01318
1978-04-17T23:13:55,0.013557,1.3557e-05,95546525628.6471
1978-04-17T23:25:39,0.013653,1.3653e-05,96223110895.32486
1978-04-17T23:36:14,0.014556,1.4556e-05,102587241060.01234
1978-04-17T23:45:44,0.013394,1.3394e-05,94397740227.93388
1978-04-17T23:52:04,0.014569,1.4569e-05,102678861981.54164
1978-04-18T03:06:41,0.02032,2.032e-05,143210548113.45502
1978-04-18T03:13:47,0.019772,1.9772000000000003e-05,139348373882.83624
1978-04-18T03:18:30,0.023915,2.3915e-05,168547256797.89743
1978-04-18T03:30:07,0.019317,1.9317e-05,136141641629.31154
1978-04-18T03:37:25,0.019372,1.9372e-05,136529268605.01231
1978-04-18T03:46:52,0.020214,2.0214e-05,142463485214.83167
1978-04-18T03:53:10,0.018579,1.8579e-05,130940392391.72638
1978-04-18T04:07:07,0.017783,1.7783e-05,125330372888.85678
1978-04-18T04:19:08,0.017447,1.7447e-05,122962324455.48473
1978-04-18T04:30:51,0.017017,1.7017e-05,119931786281.824
1978-04-18T04:42:35,0.016683,1.6683e-05,117577833374.84102
1978-04-18T04:50:02,0.016454,1.6454e-05,115963895603.28682
1978-04-18T05:57:38,0.010105,1.0105e-05,71217647081.0267
1978-04-18T06:00:47,0.211689,0.0002116889999999,1491933942893.1675
1978-04-18T06:05:30,0.016782,1.6782e-05,118275561931.10245
1978-04-18T10:58:33,0.018419,1.8419e-05,129812750280.59685
1978-04-18T11:06:25,0.019629,1.9629e-05,138340543746.0142
1978-04-18T11:14:18,0.018043,1.8043e-05,127162791319.44237
1978-04-18T11:23:45,0.018433,1.8433e-05,129911418965.32066
1978-04-18T11:28:29,0.015901,1.5901e-05,112066482556.69528
1978-04-18T11:48:46,0.016143,1.6143e-05,113772041249.77876
1978-04-18T12:00:29,0.016877,1.6877e-05,118945099434.58565
1978-04-18T12:10:36,0.018571,1.8571e-05,130884010286.16992
1978-04-18T12:16:22,0.022397,2.2397e-05,157848752268.55566
1978-04-18T12:23:34,0.02693,2.693e-05,189796262829.4952
1978-04-18T12:24:28,0.033025,3.3025e-05,232752379500.33716
1978-04-18T12:48:58,0.047223,4.7223000000000005e-05,332816521336.69714
1978-04-18T12:55:08,0.071435,7.1435e-05,503456963803.3788
1978-04-18T12:56:43,0.061619,6.161900000000001e-05,434276120285.5799
1978-04-18T13:03:01,0.052047,5.2047000000000005e-05,366814930987.2536
1978-04-18T13:06:10,0.162874,0.000162874,1147897382550.7317
1978-04-18T13:12:49,0.035239,3.5239e-05,248356127213.09253
1978-04-18T13:19:45,0.029945,2.9945e-05,211045268861.093
1978-04-18T13:31:03,0.026316,2.6316e-05,185468936228.03552
1978-04-18T13:42:46,0.025336,2.5336000000000003e-05,178562128297.36694
1978-04-18T13:50:14,0.026468,2.6468e-05,186540196233.60855
1978-04-18T13:51:50,0.030974,3.0974000000000005e-05,218297417188.29507
1978-04-18T13:54:14,0.038959,3.8959e-05,274573806296.855
1978-04-18T13:56:35,0.048928,4.8928e-05,344832957583.4216
1978-04-18T14:05:22,0.039392,3.9392000000000005e-05,277625487760.0994
1978-04-18T14:08:21,0.033313,3.3313000000000004e-05,234782135300.3704
1978-04-18T14:12:04,0.028582,2.8582e-05,201439167626.908
1978-04-18T14:17:42,0.02403,2.403e-05,169357749565.27182
1978-04-18T14:31:04,0.023082,2.3082e-05,162676470056.82913
1978-04-18T14:40:50,0.024382,2.4382e-05,171838562209.7569
1978-04-18T14:48:34,0.028294,2.8294e-05,199409411826.8748
1978-04-18T14:53:18,0.045039,4.5039e-05,317424206519.7785
1978-04-18T15:05:53,0.025814,2.5814e-05,181930959104.3665
1978-04-18T15:17:47,0.026616,2.6616e-05,187583265186.40347
1978-04-18T15:24:31,0.031505,3.1505e-05,222039779444.60623
1978-04-18T15:36:47,0.025125,2.5125e-05,177075050263.3148
1978-04-18T15:48:30,0.022376,2.2376e-05,157700749241.46994
1978-04-18T15:58:53,0.017631,1.7631e-05,124259112883.2837
1978-04-18T15:59:41,0.020037,2.0037e-05,141216031129.39456
1978-04-18T16:20:28,0.022079,2.2079000000000003e-05,155607563572.6857
1978-04-18T16:32:11,0.020847,2.0847e-05,146924719316.988
1978-04-18T16:42:00,0.023473,2.3473e-05,165432145465.90204
1978-04-18T16:51:27,0.02555,2.555e-05,180070349621.00272
1978-04-18T16:57:46,0.021581,2.1581e-05,152097777501.7949
1978-04-18T17:06:17,0.020452,2.0452000000000003e-05,144140852855.1369
1978-04-18T17:18:00,0.019423,1.9423e-05,136888704527.93484
1978-04-18T17:29:43,0.019493,1.9493e-05,137382047951.55406
1978-04-18T17:36:39,0.020166,2.0166e-05,142125192581.49277
1978-04-18T17:44:27,0.03038,3.038e-05,214111045850.7265
1978-04-18T17:45:05,0.034572,3.4572e-05,243655269162.32117
1978-04-18T18:07:01,0.026256,2.6256e-05,185046070436.3619
1978-04-18T18:18:44,0.023704,2.3704e-05,167060178763.84534
1978-04-18T18:25:07,0.022479,2.2479e-05,158426668850.50958
1978-04-18T18:43:41,0.023546,2.3546e-05,165946632179.1049
1978-04-18T18:51:14,0.026767,2.6767e-05,188647477428.78195
1978-04-18T18:59:13,0.033409,3.3409000000000005e-05,235458720567.04816
1978-04-18T19:07:12,0.034365,3.4365e-05,242196382181.0473
1978-04-18T19:46:38,0.024858,2.4858e-05,175193297490.36734
1978-04-18T20:00:29,0.024341,2.4341000000000003e-05,171549603918.77994
1978-04-18T20:43:38,0.036377,3.6377e-05,256376481728.5016
1978-04-18T20:51:37,0.03279,3.279e-05,231096155149.61563
1978-04-18T21:14:32,0.028615,2.8615000000000003e-05,201671743812.3285
1978-04-18T21:26:15,0.027728,2.7728e-05,195420377858.75397
1978-04-18T21:37:58,0.028859,2.8859e-05,203391398031.80103
1978-04-18T21:49:42,0.031087,3.1087e-05,219093814429.28027
1978-04-18T22:01:25,0.032124,3.2124e-05,226402344862.0388
1978-04-18T22:06:33,0.036157,3.6157e-05,254825973825.69843
1978-04-18T22:13:08,0.033088,3.3088e-05,233196388581.5944
1978-04-18T22:23:15,0.030721,3.0721e-05,216514333100.0714
1978-04-18T22:35:30,0.028431,2.8431000000000003e-05,200374955384.5295
1978-04-18T22:51:29,0.02751,2.751e-05,193883965482.3399
1978-04-18T22:58:25,0.027187,2.7187e-05,191607537970.49707
1978-04-18T23:18:08,0.024912,2.4912e-05,175573876702.87357
1978-04-18T23:29:51,0.024297,2.4297e-05,171239502338.2193
1978-04-18T23:41:34,0.025238,2.5238e-05,177871447504.30005
1978-04-18T23:52:45,0.0281,2.81e-05,198042145767.1302
1978-04-19T00:06:20,0.024937,2.4937e-05,175750070782.73758
1978-04-19T00:17:05,0.022609,2.2609e-05,159342878065.80234
1978-04-19T00:28:04,0.021414,2.1414e-05,150920801048.3034
1978-04-19T00:39:45,0.021157,2.1157e-05,149109525907.3015
1978-04-19T00:50:41,0.020217,2.0217e-05,142484628504.4153
1978-04-19T01:00:11,0.019387,1.9387000000000003e-05,136634985052.93073
1978-04-19T01:12:52,0.019402,1.9402e-05,136740701500.84908
1978-04-19T01:20:47,0.019411,1.9411e-05,136804131369.60014
1978-04-19T02:23:23,0.024057,2.4057e-05,169548039171.52493
1978-04-19T02:35:05,0.02236,2.2360000000000003e-05,157587985030.357
1978-04-19T02:41:27,0.022109,2.2109e-05,155818996468.5225
1978-04-19T02:49:42,0.029362,2.9362e-05,206936422918.66464
1978-04-19T02:51:23,0.036085,3.6085e-05,254318534875.6901
1978-04-19T02:59:32,0.042883,4.2883e-05,302229229072.3076
1978-04-19T03:08:34,0.038606,3.8606e-05,272085945889.17535
1978-04-19T04:03:18,0.026071,2.6071e-05,183742234245.3684
1978-04-19T04:15:00,0.024932,2.4932e-05,175714831966.76477
1978-04-19T04:26:41,0.023998,2.3998e-05,169132221143.0459
1978-04-19T04:38:23,0.026312,2.6312e-05,185440745175.25723
1978-04-19T04:50:04,0.02559,2.559e-05,180352260148.7851
1978-04-19T05:01:46,0.022034,2.2034000000000003e-05,155290414228.9305
1978-04-19T05:13:27,0.021485,2.1485e-05,151421192235.11716
1978-04-19T05:25:09,0.021922,2.1922e-05,154501064751.1398
1978-04-19T05:39:00,0.021006,2.1006e-05,148045313664.92303
1978-04-19T05:46:55,0.023371,2.3371e-05,164713273620.05692
1978-04-19T05:54:51,0.020584,2.0584e-05,145071157596.8188
1978-04-19T06:06:36,0.02334,2.334e-05,164494792961.02557
1978-04-19T06:18:17,0.024204,2.4204e-05,170584060361.1252
1978-04-19T06:28:07,0.028363,2.8363e-05,199895707487.2994
1978-04-19T06:41:40,0.025809,2.5809e-05,181895720288.3937
1978-04-19T06:52:50,0.029649,2.9649e-05,208959130955.5033
1978-04-19T06:58:09,0.034421,3.4421e-05,242591056919.94263
1978-04-19T07:01:34,0.039905,3.9905000000000005e-05,281240990278.90857
1978-04-19T07:04:47,0.048479,4.8479e-05,341668511909.0642
1978-04-19T07:06:39,0.058561,5.8561e-05,412724060436.616
1978-04-19T07:09:46,0.070173,7.017300000000001e-05,494562686651.8444
1978-04-19T07:12:30,0.081596,8.159600000000001e-05,575069285623.3009
1978-04-19T07:15:38,0.093449,9.3449e-05,658606422768.4182
1978-04-19T07:23:33,0.101783,0.000101783,717342481231.8794
1978-04-19T15:50:29,0.02932,2.932e-05,206640416864.49316
1978-04-19T15:58:24,0.034036,3.4036e-05,239877668090.0371
1978-04-19T16:06:20,0.034052,3.4052e-05,239990432301.15005
1978-04-19T16:12:40,0.03129,3.129e-05,220524510357.77597
1978-04-19T16:15:50,0.01082,1.082e-05,76256797765.13695
1978-04-19T16:23:45,0.029377,2.9377e-05,207042139366.58304
1978-04-19T16:36:33,0.282255,0.000282255,1989266400480.474
1978-04-19T16:36:54,0.397145,0.000397145,2798983913903.449
1978-04-19T16:36:54,0.339518,0.0003395179999999,2392842464290.552
1978-04-19T16:36:54,0.145768,0.000145768,1027338345344.592
1978-04-19T16:36:54,0.119273,0.000119273,840607859504.7302
1978-04-19T16:36:54,0.250982,0.0002509819999999,1768861702097.0056
1978-04-19T16:37:03,0.103515,0.000103515,729549207084.857
1978-04-19T16:37:26,0.177576,0.000177576,1251513597037.1497
1978-04-19T16:37:40,0.214913,0.000214913,1514655931432.429
1978-04-19T16:38:25,0.084798,8.4798e-05,597636223372.2814
1978-04-19T16:38:25,0.067301,6.7301e-05,474321510757.0686
1978-04-19T16:41:11,0.051087,5.1087e-05,360049078320.47614
1978-04-19T16:44:21,0.037953,3.7953e-05,267483756523.12784
1978-04-19T16:50:41,0.039615,3.9615e-05,279197138952.4862
1978-04-19T17:00:11,0.033442,3.3442e-05,235691296752.46863
1978-04-19T17:15:10,0.030106,3.0106000000000003e-05,212179958735.41714
1978-04-19T17:26:51,0.0313,3.13e-05,220594987989.7216
1978-04-19T17:37:29,0.035267,3.5267e-05,248553464582.54025
1978-04-19T17:48:07,0.03929,3.929e-05,276906615914.2542
1978-04-19T17:58:13,0.038329,3.8329000000000005e-05,270133715484.28235
1978-04-19T18:13:37,0.033664,3.3664e-05,237255900181.6609
1978-04-19T18:24:15,0.032672,3.2672e-05,230264519092.6576
1978-04-19T18:48:42,0.03423,3.423e-05,241244934149.78168
1978-04-19T18:51:53,0.026171,2.6171e-05,184447010564.82437
1978-04-19T19:03:35,0.023322,2.3322e-05,164367933223.52347
1978-04-19T19:15:16,0.022059,2.2059e-05,155466608308.79446
1978-04-19T19:26:58,0.021329,2.1329e-05,150321741176.76584
1978-04-19T19:35:26,0.021151,2.1151e-05,149067239328.1342
1978-04-19T19:40:11,0.023527,2.3527e-05,165812724678.40826
1978-04-19T19:51:17,0.028502,2.8502e-05,200875346571.3432
1978-04-19T19:59:12,0.025103,2.5103e-05,176919999473.0345
1978-04-19T20:11:36,0.024391,2.4391e-05,171901992078.5079
1978-04-19T20:23:18,0.023969,2.3969e-05,168927836010.4037
1978-04-19T20:29:41,0.023885,2.3885e-05,168335823902.06064
1978-04-19T20:48:48,0.022195,2.2195e-05,156425104103.2546
1978-04-19T20:58:22,0.023491,2.3491000000000003e-05,165559005203.4041
1978-04-19T21:15:16,0.0212,2.12e-05,149412579724.6676
1978-04-19T21:18:34,0.024125,2.4125e-05,170027287068.755
1978-04-19T21:35:26,0.022075,2.2075e-05,155579372519.90744
1978-04-19T21:40:35,0.038622,3.8622e-05,272198710100.2883
1978-04-19T21:45:20,0.021313,2.1313e-05,150208976965.65283
1978-04-19T22:12:47,0.032987,3.2987e-05,232484564498.94388
1978-04-19T22:23:56,0.033185,3.3185e-05,233880021611.46677
1978-04-19T22:34:27,0.027581,2.7581e-05,194384356669.1537
1978-04-19T22:37:37,0.029401,2.9401e-05,207211285683.25247
1978-04-19T22:43:57,0.027597,2.7597e-05,194497120880.2666
1978-04-19T22:51:50,0.025727,2.5727e-05,181317803706.4398
1978-04-19T23:00:37,0.034024,3.4024e-05,239793094931.7024
1978-04-19T23:02:58,0.02381,2.381e-05,167807241662.4687
1978-04-19T23:13:22,0.022531,2.2531e-05,158793152536.62668
1978-04-19T23:25:03,0.021064,2.1064e-05,148454083930.2075
1978-04-19T23:36:45,0.020262,2.0262e-05,142801777848.17053
1978-04-19T23:48:26,0.019668,1.9668e-05,138615406510.60202
1978-04-20T00:15:06,0.019972,1.9972e-05,140757926521.7482
1978-04-20T00:26:46,0.019809,1.9809e-05,139609141121.03494
1978-04-20T00:34:14,0.02071,2.071e-05,145959175759.3333
1978-04-20T00:38:55,0.018674,1.8674e-05,131609929895.20958
1978-04-20T00:51:53,0.021007,2.1007e-05,148052361428.11758
1978-04-20T01:13:39,0.043697,4.3697e-05,307966108312.67926
1978-04-20T01:19:23,0.041172,4.1172e-05,290170506246.4158
1978-04-20T01:27:10,0.03791,3.791e-05,267180702705.76175
1978-04-20T01:50:31,0.028988,2.8988e-05,204300559483.8993
1978-04-20T02:08:05,0.031382,3.1382e-05,221172904571.6754
1978-04-20T02:18:33,0.035729,3.5729e-05,251809531178.4268
1978-04-20T02:23:13,0.032893,3.2893e-05,231822074758.65524
1978-04-20T02:33:57,0.032115,3.2115e-05,226338914993.28772
1978-04-20T02:39:00,0.031172,3.1172e-05,219692874300.81787
1978-04-20T03:03:41,0.034366,3.4366e-05,242203429944.24185
1978-04-20T03:09:55,0.037353,3.7353e-05,263255098606.39197
1978-04-20T03:19:15,0.035118,3.5118000000000005e-05,247503347866.55084
1978-04-20T03:28:54,0.039708,3.9708e-05,279852580929.58026
1978-04-20T03:40:03,0.044302,4.4302e-05,312230005045.38794
1978-04-20T03:51:38,0.044119,4.4119e-05,310940264380.7836
1978-04-20T04:03:01,0.044896,4.4896e-05,316416376382.9565
1978-04-20T04:15:06,0.044621,4.4621e-05,314478241504.4525
1978-04-20T04:26:47,0.042411,4.2411e-05,298902684844.47534
1978-04-20T04:38:28,0.040545,4.0545e-05,285751558723.4268
1978-04-20T04:47:59,0.039976,3.9976e-05,281741381465.7222
1978-04-20T04:57:20,0.318373,0.000318373,2243817511541.585
1978-04-20T05:05:07,0.052402,5.2402e-05,369316886921.3223
1978-04-20T05:14:27,0.043501,4.3501e-05,306584746726.5455
1978-04-20T05:17:34,0.115346,0.000115346,812931293439.694
1978-04-20T05:20:41,0.052449,5.2449000000000006e-05,369648131791.4666
1978-04-20T05:25:44,0.041917,4.1917000000000005e-05,295421089826.36285
1978-04-20T05:39:22,0.036902,3.6902e-05,260076557405.64548
1978-04-20T05:45:35,0.034688,3.4688e-05,244472809692.89008
1978-04-20T05:51:13,0.031022,3.1022e-05,218635709821.6339
1978-04-20T06:09:34,0.028454,2.8454e-05,200537053938.0044
1978-04-20T06:11:55,0.031988,3.1988000000000006e-05,225443849067.57867
1978-04-20T06:22:57,0.027102,2.7102e-05,191008478098.95956
1978-04-20T06:27:37,0.024951,2.4951e-05,175848739467.46143
1978-04-20T06:32:18,0.028266,2.8266e-05,199212074457.42712
1978-04-20T06:41:38,0.0277,2.77e-05,195223040489.30624
1978-04-20T06:50:59,0.025508,2.5508e-05,179774343566.8312
1978-04-20T08:18:09,0.022172,2.2172e-05,156263005549.77975
1978-04-20T08:22:49,0.018786,1.8786e-05,132399279373.00026
1978-04-20T10:26:48,0.019972,1.9972e-05,140757926521.7482
1978-04-20T10:35:18,0.019972,1.9972e-05,140757926521.7482
1978-04-20T10:50:10,0.020284,2.0284e-05,142956828638.45084
1978-04-20T11:00:47,0.022865,2.2865e-05,161147105443.60965
1978-04-20T11:11:24,0.025209,2.5209e-05,177667062371.65784
1978-04-20T11:23:05,0.024038,2.4038e-05,169414131670.8283
1978-04-20T11:34:46,0.023069,2.3069e-05,162584849135.29987
1978-04-20T11:46:27,0.021786,2.1786e-05,153542568956.67966
1978-04-20T11:58:08,0.020707,2.0707e-05,145938032469.74963
1978-04-20T12:09:49,0.021003,2.1003e-05,148024170375.33936
1978-04-20T12:21:30,0.021774,2.1774e-05,153457995798.34494
1978-04-20T12:33:11,0.023028,2.3028e-05,162295890844.3229
1978-04-20T12:44:52,0.022429,2.2429e-05,158074280690.78162
1978-04-20T12:56:32,0.023997,2.3997e-05,169125173379.85138
1978-04-20T13:08:13,0.023223,2.3223e-05,163670204667.2621
1978-04-20T13:19:54,0.022446,2.2446e-05,158194092665.08914
1978-04-20T13:31:35,0.022972,2.2972e-05,161901216105.42758
1978-04-20T13:38:29,0.023801,2.3801e-05,167743811793.71762
1978-04-20T14:24:20,0.025383,2.5383e-05,178893373167.51123
1978-04-20T14:27:06,0.038042,3.8042e-05,268111007447.44363
1978-04-20T17:32:39,0.052131,5.2131e-05,367406943095.59656
1978-04-20T18:41:41,0.033657,3.3657e-05,237206565839.29892
1978-04-20T22:06:21,0.02689,2.689e-05,189514352301.7129
1978-04-20T22:11:01,0.032418,3.2418e-05,228474387241.23932
1978-04-20T22:28:09,0.026924,2.6924e-05,189753976250.32788
1978-04-20T22:44:21,0.028063,2.8063e-05,197781378528.93143
1978-04-20T22:45:57,0.032485,3.2485e-05,228946587375.27487
1978-04-20T23:17:58,0.029337,2.9337e-05,206760228838.80063
1978-04-20T23:22:38,0.027008,2.7008000000000003e-05,190345988358.67093
1978-04-20T23:30:25,0.029973,2.9973e-05,211242606230.54065
1978-04-20T23:38:12,0.027599,2.7599e-05,194511216406.6557
1978-04-20T23:45:25,0.029615,2.9615e-05,208719507006.88828
1978-04-21T00:04:41,0.027316,2.7316e-05,192516699422.5953
1978-04-21T00:09:22,0.023596,2.3596e-05,166299020338.83286
1978-04-21T00:17:11,0.030983,3.0983e-05,218360847057.04605
1978-04-21T00:25:00,0.031646,3.1646e-05,223033514055.0392
1978-04-21T00:40:46,0.026332,2.6332e-05,185581700439.14847
1978-04-21T00:56:17,0.027357,2.7357e-05,192805657713.57224
1978-04-21T01:05:40,0.024135,2.4135e-05,170097764700.70062
1978-04-21T01:14:06,0.024103,2.4103e-05,169872236278.4747
1978-04-21T01:24:22,0.02356,2.356e-05,166045300863.82874
1978-04-21T01:36:04,0.021991,2.1991e-05,154987360411.5644
1978-04-21T01:47:46,0.021025,2.1025e-05,148179221165.61963
1978-04-21T01:59:28,0.020494,2.0494e-05,144436858909.30835
1978-04-21T02:11:10,0.02089,2.089e-05,147227773134.35406
1978-04-21T02:22:52,0.020748,2.0748e-05,146226990760.7266
1978-04-21T02:34:34,0.020173,2.0173e-05,142174526923.8547
1978-04-21T02:45:44,0.020179,2.0179e-05,142216813503.02206
1978-04-21T03:04:21,0.022306,2.2306e-05,157207405817.85074
1978-04-21T03:16:03,0.022546,2.2546e-05,158898868984.54507
1978-04-21T03:27:44,0.024031,2.4031e-05,169364797328.4664
1978-04-21T03:39:26,0.024258,2.4258e-05,170964639573.63147
1978-04-21T03:51:08,0.022982,2.2982e-05,161971693737.37317
1978-04-21T04:03:01,0.023237,2.3237e-05,163768873351.9859
1978-04-21T04:09:13,0.027726,2.7726e-05,195406282332.36484
1978-04-21T04:11:43,0.036882,3.6882e-05,259935602141.75424
1978-04-21T04:14:51,0.042706,4.2706e-05,300981774986.87054
1978-04-21T04:19:32,0.049452,4.945200000000001e-05,348525985497.3709
1978-04-21T04:24:14,0.029307,2.9307e-05,206548795942.96384
1978-04-21T04:27:21,0.047435,4.7435e-05,334310647133.9438
1978-04-21T04:32:03,0.028707,2.8707e-05,202320138026.228
1978-04-21T04:35:10,0.036143,3.6143e-05,254727305140.9746
1978-04-21T04:38:18,0.028712,2.8712e-05,202355376842.2008
1978-04-21T04:44:33,0.056111,5.6111000000000005e-05,395457040609.9446
1978-04-21T04:52:22,0.043657,4.3657e-05,307684197784.89685
1978-04-21T05:06:03,0.037434,3.7434e-05,263825967425.15128
1978-04-21T05:10:26,0.030989,3.0989e-05,218403133636.2134
1978-04-21T05:20:28,0.026636,2.6636e-05,187724220450.29465
1978-04-21T05:29:54,0.028755,2.8755e-05,202658430659.56683
1978-04-21T05:34:35,0.025901,2.5901e-05,182544114502.2932
1978-04-21T05:43:52,0.025179,2.5179e-05,177455629475.82104
1978-04-21T05:55:34,0.023594,2.3594e-05,166284924812.44376
1978-04-21T06:07:57,0.023897,2.3897e-05,168420397060.3954
1978-04-21T06:12:07,0.02761,2.761e-05,194588741801.79587
1978-04-21T06:19:56,0.021936,2.1936e-05,154599733435.86362
1978-04-21T06:27:45,0.028803,2.8803e-05,202996723292.9057
1978-04-21T06:30:52,0.041987,4.1987e-05,295914433249.982
1978-04-21T06:32:26,0.023861,2.3861e-05,168166677585.39124
1978-04-21T06:37:08,0.038622,3.8622e-05,272198710100.2883
1978-04-21T06:40:15,0.023866,2.3866e-05,168201916401.364
1978-04-21T06:44:57,0.027064,2.7064e-05,190740663097.56625
1978-04-21T06:51:12,0.026508,2.6508e-05,186822106761.391
1978-04-21T06:55:53,0.022424,2.2424e-05,158039041874.8088
1978-04-22T06:40:31,0.035347,3.5347000000000006e-05,249117285638.10504
1978-04-22T07:19:53,0.054705,5.4705e-05,385547885558.39343
1978-04-22T07:23:20,0.043806,4.3806e-05,308734314500.8863
1978-04-22T07:32:03,0.040787,4.0787e-05,287457117416.51025
1978-04-22T07:42:14,0.038788,3.8788e-05,273368638790.58524
1978-04-22T07:50:45,0.039929,3.9929e-05,281410136595.57794
1978-04-22T08:03:23,0.041626,4.1626e-05,293370190736.7459
1978-04-22T08:08:27,0.029369,2.9369e-05,206985757261.02652
1978-04-22T08:13:12,0.034776,3.4776e-05,245093012854.01132
1978-04-22T08:24:19,0.031959,3.1959000000000004e-05,225239463934.93643
1978-04-22T08:30:39,0.036277,3.6277e-05,255671705409.0456
1978-04-22T08:37:00,0.032641,3.2641e-05,230046038433.6262
1978-04-22T08:44:56,0.036277,3.6277e-05,255671705409.0456
1978-04-22T08:51:16,0.033338,3.3338e-05,234958329380.2344
1978-04-22T08:59:12,0.037843,3.7843e-05,266708502571.72623
1978-04-22T09:07:08,0.033338,3.3338e-05,234958329380.2344
1978-04-22T09:13:28,0.036277,3.6277e-05,255671705409.0456
1978-04-22T09:19:49,0.032641,3.2641e-05,230046038433.6262
1978-04-22T09:41:25,0.030759,3.0759e-05,216782148101.4647
1978-04-22T09:53:07,0.033338,3.3338e-05,234958329380.2344
1978-04-22T09:59:28,0.033338,3.3338e-05,234958329380.2344
1978-04-22T10:05:08,0.034722,3.4722000000000004e-05,244712433641.5052
1978-04-22T10:23:15,0.042956,4.2956e-05,302743715785.51044
1978-04-22T10:28:01,0.035519,3.5519e-05,250329500907.5693
1978-04-22T10:39:52,0.041217,4.1217e-05,290487655590.17096
1978-04-22T10:51:48,0.039476,3.9476e-05,278217499868.4424
1978-04-22T10:59:44,0.047742,4.7742e-05,336474310434.67365
1978-04-22T11:10:48,0.038021,3.8021e-05,267963004420.35788
1978-04-22T11:22:30,0.036227,3.6227e-05,255319317249.3177
1978-04-22T11:34:05,0.034407,3.4407e-05,242492388235.2188
1978-04-22T11:45:55,0.035011,3.5011e-05,246749237204.7329
1978-04-22T11:53:39,0.037843,3.7843e-05,266708502571.72623
1978-04-22T12:00:00,0.034049,3.4049000000000006e-05,239969289011.56644
1978-04-22T12:14:16,0.040319,4.0319000000000005e-05,284158764241.4563
1978-04-22T12:26:21,0.035283,3.5283e-05,248666228793.6532
1978-04-22T12:38:03,0.035694,3.5693999999999994e-05,251562859466.6172
1978-04-22T12:49:45,0.03148,3.1480000000000004e-05,221863585364.7423
1978-04-22T13:07:51,0.031037,3.1037e-05,218741426269.5523
1978-04-22T13:20:28,0.030906,3.0906e-05,217818169291.0649
1978-04-22T13:25:56,0.037263,3.7263e-05,262620799918.8816
1978-04-22T13:30:03,0.031686,3.1686e-05,223315424582.8216
1978-04-22T13:42:58,0.033231,3.3230999999999994e-05,234204218718.41644
1978-04-22T13:54:40,0.034011,3.4011000000000004e-05,239701474010.1732
1978-04-22T14:02:07,0.034489,3.4489e-05,243070304817.17276
1978-04-22T14:13:12,0.043873,4.3873000000000005e-05,309206514634.9218
1978-04-22T14:17:58,0.038651,3.8651e-05,272403095232.9305
1978-04-22T14:25:54,0.04481,4.4810000000000006e-05,315810268748.2244
1978-04-22T14:32:14,0.038651,3.8651e-05,272403095232.9305
1978-04-22T14:33:49,0.049802,4.9802e-05,350992702615.4668
1978-04-22T14:41:29,0.038242,3.8242e-05,269520560086.3556
1978-04-22T14:53:11,0.034741,3.4741000000000005e-05,244846341142.20175
1978-04-22T15:04:54,0.034899,3.4899e-05,245959887726.9422
1978-04-22T15:16:36,0.038663,3.8663000000000006e-05,272487668391.2653
1978-04-22T15:19:47,0.045105,4.5105e-05,317889358890.61945
1978-04-22T15:24:34,0.034776,3.4776e-05,245093012854.01132
1978-04-22T15:32:30,0.037843,3.7843e-05,266708502571.72623
1978-04-22T15:40:00,0.034011,3.4011000000000004e-05,239701474010.1732
1978-04-22T15:51:43,0.03412,3.412e-05,240469680198.38013
1978-04-22T16:03:25,0.034055,3.4055000000000005e-05,240011575590.73376
1978-04-22T16:12:28,0.034003,3.4003e-05,239645091904.61664
1978-04-22T16:58:45,0.031827,3.1827e-05,224309159193.2545
1978-04-22T17:10:50,0.030636,3.0636e-05,215915273228.53384
1978-04-22T17:14:00,0.173194,0.000173194,1220630298718.5889
1978-04-22T17:21:56,0.031959,3.1959000000000004e-05,225239463934.93643
1978-04-22T17:33:52,0.031766,3.1766e-05,223879245638.3864
1978-04-22T17:45:34,0.031238,3.1238e-05,220158026671.6588
1978-04-22T17:57:16,0.030957,3.0957e-05,218177605213.98752
1978-04-22T18:09:33,0.032088,3.2088e-05,226148625387.03464
1978-04-22T18:15:51,0.038651,3.8651e-05,272403095232.9305
1978-04-22T18:20:37,0.033338,3.3338e-05,234958329380.2344
1978-04-22T18:31:19,0.032136,3.2136e-05,226486918020.3735
1978-04-22T18:43:02,0.032954,3.2954e-05,232251988313.52335
1978-04-22T18:54:44,0.034764,3.4764e-05,245008439695.67664
1978-04-22T19:06:26,0.035124,3.5124000000000005e-05,247545634445.7182
1978-04-22T19:18:09,0.033814,3.3814e-05,238313064660.8448
1978-04-22T19:29:51,0.033945,3.3945e-05,239236321639.33215
1978-04-22T19:41:33,0.034741,3.4741000000000005e-05,244846341142.20175
1978-04-22T19:52:59,0.038448,3.8448e-05,270972399304.4349
1978-04-22T19:58:56,0.042058,4.2058e-05,296414824436.7958
1978-04-22T20:04:58,0.038242,3.8242e-05,269520560086.3556
1978-04-22T20:15:57,0.039553,3.9553e-05,278760177634.42346
1978-04-22T20:21:08,0.04481,4.4810000000000006e-05,315810268748.2244
1978-04-22T20:27:29,0.056532,5.6532e-05,398424148914.8543
1978-04-22T20:37:57,0.053083,5.3083e-05,374116413656.8175
1978-04-22T20:49:39,0.045684,4.5684000000000005e-05,321970013780.2696
1978-04-22T21:01:21,0.041609,4.1609e-05,293250378762.4385
1978-04-22T21:19:27,0.038988,3.8988e-05,274778191429.4972
1978-04-22T21:31:09,0.037245,3.7245e-05,262493940181.3795
1978-04-22T21:42:51,0.035856,3.5856e-05,252704597104.13596
1978-04-22T21:54:34,0.034363,3.4363e-05,242182286654.6581
1978-04-22T22:06:16,0.034011,3.4011000000000004e-05,239701474010.1732
1978-04-22T22:17:58,0.033489,3.3489e-05,236022541622.6129
1978-04-22T22:29:41,0.032616,3.2616e-05,229869844353.76224
1978-04-22T22:42:35,0.031213,3.1213e-05,219981832591.79483
1978-04-22T22:53:05,0.031827,3.1827e-05,224309159193.2545
1978-04-22T23:04:47,0.0327,3.27e-05,230461856462.1053
1978-04-22T23:16:30,0.033619,3.3619000000000005e-05,236938750837.9057
1978-04-22T23:28:12,0.033619,3.3619000000000005e-05,236938750837.9057
1978-04-22T23:39:54,0.034831,3.4831e-05,245480639829.71216
1978-04-22T23:51:05,0.037118,3.7118e-05,261598874255.6704
1978-04-23T00:07:26,0.037554,3.7554e-05,264671699008.49847
1978-04-23T00:15:49,0.038312,3.8312e-05,270013903509.9748
1978-04-23T00:18:59,0.053887,5.3887e-05,379782815265.2436
1978-04-23T00:25:19,0.038312,3.8312e-05,270013903509.9748
1978-04-23T01:29:49,0.037932,3.7932e-05,267335753496.04208
1978-04-23T01:41:55,0.036685,3.6685000000000005e-05,258547192792.4261
1978-04-23T01:53:36,0.035489,3.5489e-05,250118068011.73248
1978-04-23T02:02:48,0.035381,3.5381000000000006e-05,249356909586.7201
1978-04-23T03:19:23,0.041723,4.172300000000001e-05,294053823766.6183
1978-04-23T03:35:32,0.036925,3.6925e-05,260238655959.1204
1978-04-23T03:47:13,0.037384,3.7384e-05,263473579265.4233
1978-04-23T03:58:53,0.037922,3.7922e-05,267265275864.09647
1978-04-23T04:10:02,0.038838,3.8838e-05,273721026950.3132
1978-04-23T04:25:26,0.045911,4.5911e-05,323569856025.4347
1978-04-23T04:36:22,0.05271,5.271e-05,371487597985.2466
1978-04-23T04:40:05,0.065285,6.5285e-05,460113220156.836
1978-04-23T04:51:09,0.077426,7.7426e-05,545680113101.9865
1978-04-23T04:54:19,0.367126,0.000367126,2587417110565.9585
1978-04-23T05:08:40,0.1567,0.0001567,1104384492587.5195
1978-04-23T05:14:41,0.185284,0.000185284,1305837755740.817
1978-04-23T05:16:29,0.210899,0.000210899,1486366209969.4658
1978-04-23T05:22:48,0.278256,0.000278256,1961082395465.4297
1978-04-23T05:29:08,0.323042,0.000323042,2276723517896.985
1978-04-23T05:35:28,0.391375,0.0003913749999999,2758318320270.839
1978-04-23T05:41:48,0.484379,0.000484379,3413788488417.678
1978-04-23T05:48:07,0.391375,0.0003913749999999,2758318320270.839
1978-04-23T05:57:37,0.538867,0.000538867,3797807009362.852
1978-04-23T06:05:32,0.599484,0.000599484,4225021270927.4834
1978-04-23T06:11:52,0.550479,0.000550479,3879645635578.081
1978-04-23T06:16:36,0.918254,0.000918254,6471636744457.309
1978-04-23T06:38:46,0.63908,0.00063908,4504084502379.272
1978-04-23T06:43:30,0.843191,0.000843191,5942610495784.066
1978-04-23T06:45:05,0.550479,0.000550479,3879645635578.081
1978-04-23T07:15:09,0.586838,0.000586838,4135895257569.08
1978-04-23T07:19:54,0.375037,0.000375037,2643171965198.121
1978-04-23T07:23:04,0.586838,0.000586838,4135895257569.08
1978-04-23T07:30:59,0.516372,0.000516372,3639267576301.23
1978-04-23T07:48:23,0.550479,0.000550479,3879645635578.081
1978-04-23T07:56:18,0.454368,0.000454368,3202278067185.744
1978-04-23T08:02:38,0.516372,0.000516372,3639267576301.23
1978-04-23T08:12:07,0.474161,0.000474161,3341774444095.666
1978-04-23T08:15:50,0.730747,0.000730747,5150131811134.985
1978-04-23T08:23:12,0.330003,0.000330003,2325782997494.3154
1978-04-23T08:27:57,0.464159,0.000464159,3271282716623.6787
1978-04-23T08:32:42,0.202095,0.000202095,1424317702804.5615
1978-04-23T09:56:34,0.278256,0.000278256,1961082395465.4297
1978-04-23T10:02:54,0.224829,0.000224829,1584541551269.6838
1978-04-23T10:10:48,0.25551,0.00025551,1800773973841.973
1978-04-23T10:22:10,0.230722,0.000230722,1626074019775.2246
1978-04-23T10:33:51,0.230872,0.000230872,1627131184254.4084
1978-04-23T10:45:32,0.217184,0.0002171839999999,1530661401647.274
1978-04-23T10:58:12,0.212831,0.000212831,1499982488461.3552
1978-04-23T11:04:07,0.220055,0.000220055,1550895529778.8552
1978-04-23T11:15:41,0.193659,0.000193659,1364862772495.255
1978-04-23T11:18:51,0.170405,0.000170405,1200974087168.9617
1978-04-23T11:25:12,0.196694,0.000196694,1386252733790.744
1978-04-23T11:28:55,0.524796,0.000524796,3698637933452.2007
1978-04-23T11:44:10,0.202095,0.000202095,1424317702804.5615
1978-04-23T11:48:55,0.170405,0.000170405,1200974087168.9617
1978-04-23T12:03:42,0.168797,0.000168797,1189641283952.1094
1978-04-23T12:14:14,0.140653,0.000140653,991289036604.4186
1978-04-23T12:26:10,0.150295,0.000150295,1059243569326.3644
1978-04-23T12:34:54,0.420689,0.0004206889999999,2964916450556.164
1978-04-23T12:38:52,0.13903,0.00013903,979850516939.648
1978-04-23T12:48:42,0.135725,0.000135725,956557659581.628
1978-04-23T13:00:22,0.141768,0.000141768,999147292566.3528
1978-04-23T13:12:03,0.136078,0.000136078,959045519989.3076
1978-04-23T13:23:44,0.131127,0.000131127,924152044413.042
1978-04-23T13:35:25,0.128511,0.000128511,905715095896.0736
1978-04-23T13:47:05,0.128594,0.000128594,906300060241.2222
1978-04-23T13:55:03,0.128052,0.000128052,902480172589.7704
1978-04-23T14:10:27,0.121759,0.000121759,858128598806.4059
1978-04-23T14:22:08,0.118942,0.000118942,838275049887.331
1978-04-23T14:33:48,0.116417,0.000116417,820479447821.0675
1978-04-23T14:45:29,0.113649,0.000113649,800971239298.526
1978-04-23T15:01:58,0.113646,0.000113646,800950096008.9423
1978-04-23T15:17:48,0.111249,0.000111249,784056607631.5824
1978-04-23T15:27:17,0.080799,8.0799e-05,569452218357.2367
1978-04-23T15:32:02,0.116095,0.000116095,818210068072.4192
1978-04-23T15:35:12,0.065285,6.5285e-05,460113220156.836
1978-04-23T15:41:32,0.1,0.0001,704776319455.9794
1978-04-23T15:46:17,0.086136,8.6136e-05,607066130526.6023
1978-04-23T15:51:01,0.102155,0.000102155,719964249140.2556
1978-04-23T15:58:13,0.102001,0.000102001,718878893608.2933
1978-04-23T16:15:44,0.096724,9.6724e-05,681687847230.6014
1978-04-23T16:27:25,0.09236,9.236e-05,650931408649.5425
1978-04-23T16:39:05,0.089,8.9e-05,627250924315.8215
1978-04-23T16:51:13,0.087285,8.7285e-05,615164010437.1516
1978-04-23T17:02:27,0.082641,8.264100000000001e-05,582434198161.616
1978-04-23T17:14:08,0.080677,8.0677e-05,568592391247.5004
1978-04-23T17:25:48,0.079946,7.994600000000001e-05,563440476352.2772
1978-04-23T17:37:03,0.091825,9.1825e-05,647160855340.453
1978-04-23T17:49:10,0.078045,7.8045e-05,550042678519.4191
1978-04-23T18:00:51,0.07759,7.759000000000001e-05,546835946265.8944
1978-04-23T18:12:31,0.076937,7.693700000000001e-05,542233756899.84686
1978-04-23T18:23:08,0.078079,7.8079e-05,550282302468.034
1978-04-23T18:44:23,0.080992,8.0992e-05,570812436653.7867
1978-04-23T18:56:03,0.078401,7.8401e-05,552551682216.6823
1978-04-23T19:05:05,0.077522,7.7522e-05,546356698368.66425
1978-04-23T19:19:25,0.075696,7.5696e-05,533487482775.3981
1978-04-23T19:31:06,0.075205,7.5205e-05,530027031046.86914
1978-04-23T19:42:46,0.076488,7.6488e-05,539069311225.4895
1978-04-23T19:54:27,0.079998,7.9998e-05,563806960038.3944
1978-04-23T20:06:08,0.076239,7.6239e-05,537314418190.04407
1978-04-23T20:15:54,0.075049,7.5049e-05,528927579988.51794
1978-04-23T20:24:48,0.170364,0.000170364,1200685128877.9846
1978-04-23T20:34:32,0.391861,0.000391861,2761743533183.395
1978-04-23T20:40:06,0.445463,0.000445463,3139517735938.189
1978-04-23T20:53:54,0.354839,0.000354839,2500821244194.403
1978-04-23T21:03:28,0.320046,0.000320046,2255608419366.0835
1978-04-23T21:11:26,0.274532,0.000274532,1934836525328.889
1978-04-23T21:19:23,0.232206,0.000232206,1636532900355.9512
1978-04-23T21:26:25,0.194475,0.000194475,1370613747262.016
1978-04-23T21:38:30,0.169196,0.000169196,1192453341466.7388
1978-04-23T21:50:11,0.14693,0.00014693,1035527846176.6704
1978-04-23T22:01:52,0.139573,0.000139573,983677452354.294
1978-04-23T22:08:14,0.134146,0.000134146,945429241497.418
1978-04-23T22:26:45,0.108008,0.000108008,761214807118.0142
1978-04-23T22:31:23,0.444783,0.000444783,3134725256965.888
1978-04-23T22:35:58,0.109799,0.000109799,773837350999.4706
1978-04-23T22:53:32,0.093804,9.3804e-05,661108378702.4868
1978-04-24T01:49:38,0.058263,5.8263e-05,410623827004.6372
1978-04-24T02:05:42,0.055749,5.5749e-05,392905750333.5139
1978-04-24T02:15:36,0.057409,5.7409000000000005e-05,404605037236.4832
1978-04-24T02:26:28,0.05701,5.701e-05,401792979721.85376
1978-04-24T02:43:07,0.060651,6.0651e-05,427453885513.246
1978-04-24T02:58:33,0.050248,5.0248e-05,354136005000.2405
1978-04-24T03:16:55,0.052035,5.2035e-05,366730357828.9188
1978-04-24T03:21:50,0.452699,0.000452699,3190515350414.024
1978-04-24T03:35:36,0.061504,6.1504e-05,433465627518.2055
1978-04-24T03:42:51,0.055153,5.5153e-05,388705283469.5563
1978-04-24T03:55:52,0.054385,5.4385e-05,383292601336.1344
1978-04-24T04:04:46,0.052705,5.2705e-05,371452359169.2739
1978-04-24T04:17:28,0.051095,5.1095000000000005e-05,360105460426.03265
1978-04-24T04:28:37,0.051076,5.1076e-05,359971552925.33606
1978-04-24T04:43:46,0.051002,5.1002e-05,359450018448.93854
1978-04-24T04:43:51,0.042312,4.2312e-05,298204956288.214
1978-04-24T04:56:10,0.056594,5.6594e-05,398861110232.9169
1978-04-24T05:04:50,0.066084,6.6084e-05,465744382949.28937
1978-04-24T05:14:05,0.057085,5.7085e-05,402321561961.44574
1978-04-24T05:20:24,0.066099,6.6099e-05,465850099397.20776
1978-04-24T05:29:52,0.056716,5.6716e-05,399720937342.65326
1978-04-24T05:38:57,0.053629,5.3629e-05,377964492361.0472
1978-04-24T05:47:21,0.134727,0.000134727,949523991913.4572
1978-04-24T05:49:47,0.04933,4.933e-05,347666158387.6346
1978-04-24T05:54:34,0.058326,5.8326e-05,411067836085.8945
1978-04-24T06:06:58,0.053651,5.3651e-05,378119543151.32745
1978-04-24T06:16:14,0.048326,4.832600000000001e-05,340590204140.2966
1978-04-24T06:21:23,0.098471,9.8471e-05,694000289531.4973
1978-04-24T06:24:05,0.052553,5.2553e-05,370381099163.7008
1978-04-24T06:29:34,0.176972,0.0001769719999999,1247256748067.6355
1978-04-24T06:34:32,0.05237,5.237e-05,369091358499.0964
1978-04-24T06:38:16,0.069003,6.900299999999999e-05,486316803714.2093
1978-04-24T06:45:51,0.050414,5.0414e-05,355305933690.5374
1978-04-24T06:52:12,0.060871,6.0871e-05,429004393416.04913
1978-04-24T06:58:16,0.048356,4.8356e-05,340801637036.13336
1978-04-24T13:58:43,0.048259,4.825900000000001e-05,340118004006.2611
1978-04-24T14:11:15,0.045922,4.5922e-05,323647381420.5748
1978-04-24T14:22:52,0.04288,4.288e-05,302208085782.72394
1978-04-24T14:34:33,0.043787,4.3787e-05,308600407000.18964
1978-04-24T14:42:11,0.048683,4.8683e-05,343106255600.7544
1978-04-24T14:48:20,0.042941,4.2941e-05,302637999337.5921
1978-04-24T14:57:56,0.04713,4.713e-05,332161079359.603
1978-04-24T15:09:35,0.045842,4.5842e-05,323083560365.01
1978-04-24T15:21:13,0.043901,4.3901000000000005e-05,309403852004.36945
1978-04-24T15:32:51,0.042262,4.2262e-05,297852568128.486
1978-04-24T15:44:29,0.040709,4.0709000000000006e-05,286907391887.33466
1978-04-24T15:55:43,0.038662,3.8662e-05,272480620628.07077
1978-04-24T16:03:00,0.037612,3.7612e-05,265080469273.78293
1978-04-24T16:16:58,0.037136,3.7136000000000005e-05,261725733993.1725
1978-04-24T16:37:49,0.037408,3.7408e-05,263642725582.0927
1978-04-24T16:49:05,0.035678,3.5678e-05,251450095255.5043
1978-04-24T17:00:46,0.036079,3.6079e-05,254276248296.5228
1978-04-24T17:12:26,0.03632,3.632e-05,255974759226.41165
1978-04-24T17:24:06,0.036943,3.6943e-05,260365515696.6224
1978-04-24T17:35:46,0.037022,3.7022e-05,260922288988.99265
1978-04-24T17:47:25,0.035777,3.5777000000000007e-05,252147823811.76575
1978-04-24T17:59:05,0.035853,3.5853000000000004e-05,252683453814.55228
1978-04-24T18:10:43,0.03438,3.438e-05,242302098628.9657
1978-04-24T18:22:22,0.033549,3.3549e-05,236445407414.2865
1978-04-24T18:34:03,0.034795,3.4795e-05,245226920354.708
1978-04-24T18:43:27,0.038515,3.8515e-05,271444599438.47043
1978-04-24T18:52:16,0.045487,4.5487e-05,320581604430.9413
1978-04-24T19:03:24,0.045294,4.5294e-05,319221386134.3913
1978-04-24T19:29:15,0.037445,3.7445e-05,263903492820.29144
1978-04-24T19:40:53,0.035559,3.5559e-05,250611411435.3517
1978-04-24T19:53:29,0.029933,2.9933000000000003e-05,210960695702.7583
1978-04-24T19:53:41,0.033924,3.3924e-05,239088318612.24643
1978-04-24T20:04:13,0.036058,3.6058e-05,254128245269.437
1978-04-24T20:13:30,0.032185,3.2185e-05,226832258416.9069
1978-04-24T20:18:14,0.035738,3.5738e-05,251872961047.1779
1978-04-24T20:27:31,0.034005,3.4005000000000004e-05,239659187431.00577
1978-04-24T20:38:17,0.033492,3.3492000000000004e-05,236043684912.19662
1978-04-24T20:50:17,0.032985,3.2985000000000004e-05,232470468972.5548
1978-04-24T21:01:58,0.033286,3.3286000000000006e-05,234591845694.1173
1978-04-24T21:18:51,0.030895,3.0895e-05,217740643895.92484
1978-04-24T21:23:36,0.035031,3.5031e-05,246890192468.62408
1978-04-24T23:10:50,0.034642,3.4642e-05,244148612585.94037
1978-04-24T23:22:29,0.034335,3.4335e-05,241984949285.21048
1978-04-24T23:34:10,0.035015,3.5015e-05,246777428257.51117
1978-04-24T23:42:14,0.038975,3.8975000000000005e-05,274686570507.968
1978-04-24T23:46:49,0.034377,3.4377e-05,242280955339.382
1978-04-24T23:55:22,0.034048,3.4048e-05,239962241248.37183
1978-04-25T00:07:49,0.034288,3.4288e-05,241653704415.0662
1978-04-25T00:16:28,0.034456,3.4456000000000003e-05,242837728631.75223
1978-04-25T00:36:43,0.036454,3.6454e-05,256919159494.4827
1978-04-25T00:48:34,0.037694,3.7694e-05,265658385855.73685
1978-04-25T00:59:14,0.037564,3.7564e-05,264742176640.4441
1978-04-25T01:05:39,0.038688,3.8688e-05,272663862471.12927
1978-04-25T01:10:31,0.047791,4.7791e-05,336819650831.2071
1978-04-25T01:32:44,0.045899,4.5899e-05,323485282867.0999
1978-04-25T01:44:56,0.042759,4.2759e-05,301355306436.1822
1978-04-25T01:56:37,0.041754,4.1754e-05,294272304425.6496
1978-04-25T02:05:38,0.040265,4.0265e-05,283778185028.9501
1978-04-25T02:17:52,0.039798,3.9798e-05,280486879617.09064
1978-04-25T02:29:15,0.034853,3.4853e-05,245635690619.9925
1978-04-25T02:35:40,0.040411,4.0411e-05,284807158455.3558
1978-04-25T02:44:28,0.040021,4.0021e-05,282058530809.4775
1978-04-25T03:12:04,0.043243,4.3243e-05,304766423822.34906
1978-04-25T03:23:48,0.038088,3.8088e-05,268435204554.39337
1978-04-25T03:35:43,0.043093,4.3093e-05,303709259343.1652
1978-04-25T03:38:46,0.037171,3.7171e-05,261972405704.9821
1978-04-25T03:47:45,0.038502,3.8502000000000005e-05,271352978516.9412
1978-04-25T04:04:16,0.039851,3.9851e-05,280860411066.4023
1978-04-25T04:15:58,0.039832,3.9832e-05,280726503565.7057
1978-04-25T04:29:23,0.042225,4.2225e-05,297591800890.28723
1978-04-25T04:37:11,0.036425,3.6425e-05,256714774361.84045
1978-04-25T04:40:24,0.039638,3.9638e-05,279359237505.9611
1978-04-25T04:51:06,0.040969,4.0969e-05,288739810317.92017
1978-04-25T04:59:39,0.061787,6.1787e-05,435460144502.26587
1978-04-25T05:07:45,0.052288,5.2288000000000005e-05,368513441917.14246
1978-04-25T05:11:11,0.046906,4.6906e-05,330582380404.02167
1978-04-25T05:18:21,0.043157,4.3157e-05,304160316187.61694
1978-04-25T05:33:24,0.041382,4.138200000000001e-05,291650536517.2734
1978-04-25T05:43:25,0.03837,3.837e-05,270422673775.25925
1978-04-25T05:55:55,0.036271,3.6271e-05,255629418829.87823
1978-04-25T06:08:24,0.035719,3.5719e-05,251739053546.4813
1978-04-25T06:19:17,0.034054,3.4054e-05,240004527827.5392
1978-04-25T06:27:47,0.033656,3.3656e-05,237199518076.1044
1978-04-25T16:25:19,0.112758,0.000112758,794691682292.1731
1978-04-25T16:43:50,0.075046,7.5046e-05,528906436698.9343
1978-04-25T17:37:12,0.037631,3.7631e-05,265214376774.47955
1978-04-25T18:50:25,0.03254,3.254e-05,229334214350.9756
1978-04-25T21:23:31,0.080772,8.077199999999999e-05,569261928750.9835
1978-04-25T21:27:59,0.037899,3.7899e-05,267103177310.6216
1978-04-25T21:51:19,0.034323,3.4323e-05,241900376126.8758
1978-04-25T22:03:20,0.036655,3.6655e-05,258335759896.58923
1978-04-25T22:12:29,0.051437,5.1437e-05,362515795438.572
1978-04-25T22:21:40,0.037607,3.7607e-05,265045230457.81012
1978-04-25T22:34:02,0.037005,3.7005e-05,260802477014.68515
1978-04-25T22:49:50,0.037804,3.7804e-05,266433639807.13843
1978-04-25T22:53:03,0.041139,4.1139e-05,289937930060.99536
1978-04-25T22:57:44,0.037808,3.7808e-05,266461830859.91663
1978-04-25T23:05:43,0.042922,4.2922e-05,302504091836.89545
1978-04-25T23:18:40,0.039624,3.9624e-05,279260568821.23724
1978-04-25T23:30:22,0.039197,3.9197e-05,276251173937.1602
1978-04-25T23:42:57,0.037248,3.7248000000000007e-05,262515083470.96323
1978-04-25T23:49:59,0.035958,3.5958e-05,253423468949.98105
1978-04-26T00:03:41,0.037959,3.7959e-05,267526043102.2952
1978-04-26T00:15:18,0.044224,4.4224e-05,311680279516.2123
1978-04-26T00:41:21,0.04674,4.674e-05,329412451713.7247
1978-04-26T00:53:03,0.043193,4.3193000000000005e-05,304414035662.6212
1978-04-26T01:04:45,0.040251,4.0251000000000005e-05,283679516344.22626
1978-04-26T01:16:27,0.039523,3.9523e-05,278548744738.5867
1978-04-26T01:26:59,0.039269,3.9269e-05,276758612887.1685
1978-04-26T01:31:39,0.044471,4.4471e-05,313421077025.2685
1978-04-26T01:39:51,0.040101,4.0101e-05,282622351865.0423
1978-04-26T01:50:43,0.038397,3.8397e-05,270612963381.5124
1978-04-26T01:58:03,0.038446,3.8446e-05,270958303778.0458
1978-04-26T02:02:43,0.047305,4.7305e-05,333394437918.651
1978-04-26T02:08:55,0.041765,4.1765e-05,294349829820.78973
1978-04-26T02:18:08,0.03931,3.931e-05,277047571178.14545
1978-04-26T02:27:43,0.038494,3.8494e-05,271296596411.38467
1978-04-26T02:42:04,0.038688,3.8688e-05,272663862471.12927
1978-04-26T02:48:59,0.046414,4.6414e-05,327114880912.2982
1978-04-26T03:00:59,0.047804,4.7804e-05,336911271752.7363
1978-04-26T03:04:38,0.059634,5.9634e-05,420286310344.37866
1978-04-26T03:13:27,0.063334,6.3334e-05,446363034164.24994
1978-04-26T03:25:35,0.055506,5.5506e-05,391193143877.2359
1978-04-26T03:37:28,0.068624,6.862400000000001e-05,483645701463.4713
1978-04-26T03:48:20,0.060584,6.0584e-05,426981685379.2105
1978-04-26T03:57:40,0.053486,5.3486e-05,376956662224.2251
1978-04-26T04:06:59,0.063133,6.3133e-05,444946433762.1433
1978-04-26T04:14:45,0.052375,5.2375e-05,369126597315.0692
1978-04-26T04:23:38,0.05507,5.507e-05,388120319124.40784
1978-04-26T04:36:30,0.072968,7.296800000000001e-05,514261184780.63904
1978-04-26T04:45:27,0.064721,6.4721e-05,456138281715.1044
1978-04-26T04:55:08,0.056874,5.6874000000000005e-05,400834483927.3937
1978-04-26T05:01:21,0.065756,6.5756e-05,463432716621.47375
1978-04-26T05:09:07,0.053431,5.3431e-05,376569035248.5242
1978-04-26T05:16:53,0.048162,4.8162e-05,339434370976.3888
1978-04-26T05:21:33,0.052325,5.2325000000000005e-05,368774209155.3412
1978-04-26T05:35:21,0.053914,5.3914e-05,379973104871.49664
1978-04-26T05:45:52,0.06322,6.322e-05,445559589160.07007
1978-04-26T05:58:18,0.071245,7.1245e-05,502117888796.4124
1978-04-26T06:09:31,0.066521,6.6521e-05,468824255465.312
1978-04-26T06:20:38,0.055872,5.5872e-05,393772625206.4447
1978-04-26T06:31:22,0.053775,5.3775000000000006e-05,378993465787.4529
1978-04-26T06:38:28,0.066646,6.6646e-05,469705225864.632
1978-04-26T06:46:01,0.076411,7.641100000000001e-05,538526633459.5084
1978-04-26T07:01:42,0.096068,9.6068e-05,677064514574.9702
1978-04-26T07:13:23,0.103587,0.000103587,730056646034.8652
1978-04-26T07:18:03,0.141388,0.000141388,996469142552.4202
1978-04-26T07:27:22,0.119752,0.000119752,843983738074.9243
1978-04-26T07:35:08,0.091436,9.1436e-05,644419275457.7693
1978-04-26T07:38:15,0.10355,0.00010355,729795878796.6666
1978-04-26T07:47:34,0.114852,0.000114852,809449698421.5813
1978-04-26T07:53:47,0.101402,0.000101402,714657283454.7521
1978-04-26T08:03:06,0.051132,5.1132e-05,360366227664.2313
1978-04-26T08:13:22,0.047345,4.7345e-05,333676348446.4334
1978-04-26T08:24:12,0.045923,4.5923e-05,323654429183.76935
1978-04-26T08:29:30,0.060339,6.0339e-05,425254983396.5433
1978-04-26T08:41:33,0.04908,4.908e-05,345904217588.9946
1978-04-26T08:52:11,0.044555,4.4555e-05,314013089133.6116
1978-04-27T07:36:25,0.042573,4.2573e-05,300044422481.9941
1978-04-27T07:41:15,0.031501,3.1501e-05,222011588391.8281
1978-04-27T08:29:27,0.039294,3.9294e-05,276934806967.03253
1978-04-27T10:37:28,0.033884,3.3884e-05,238806408084.464
1978-04-27T11:02:08,0.036732,3.6732e-05,258878437662.5703
1978-04-27T11:24:12,0.037306,3.7306e-05,262923853736.2476
1978-04-27T11:47:53,0.049753,4.9753e-05,350647362218.9334
1978-04-27T11:50:34,0.042309,4.2309e-05,298183812998.63025
1978-04-27T12:07:46,0.040005,4.0005e-05,281945766598.3645
1978-04-27T12:15:12,0.040277,4.0277e-05,283862758187.2848
1978-04-27T12:27:28,0.045391,4.5391e-05,319905019164.26355
1978-04-27T12:32:57,0.040672,4.0672e-05,286646624649.13586
1978-04-27T12:46:32,0.040106,4.0106000000000005e-05,282657590681.0151
1978-04-27T13:06:11,0.038144,3.8144e-05,268829879293.28876
1978-04-27T13:15:32,0.037606,3.7606e-05,265038182694.61557
1978-04-27T13:18:45,0.033052,3.3052e-05,232942669106.5903
1978-04-27T13:29:02,0.034604,3.4604e-05,243880797584.5471
1978-04-27T13:44:27,0.03527,3.5270000000000006e-05,248574607872.12396
1978-04-27T13:47:40,0.063061,6.306100000000001e-05,444438994812.1352
1978-04-27T13:57:19,0.038448,3.8448e-05,270972399304.4349
1978-04-27T14:03:45,0.041908,4.1908e-05,295357659957.61176
1978-04-27T14:10:10,0.038455,3.8455e-05,271021733646.79688
1978-04-27T18:43:23,0.097409,9.7409e-05,686515565018.8749
1978-04-27T18:46:36,0.056882,5.6882e-05,400890866032.9502
1978-04-27T18:53:02,0.062001,6.2001e-05,436968365825.9018
1978-04-27T19:35:01,0.08206,8.206e-05,578339447745.5767
1978-04-27T21:49:49,0.054635,5.4635e-05,385054542134.7743
1978-04-27T21:59:27,0.062174,6.2174e-05,438187628858.56055
1978-04-27T22:09:06,0.05584,5.584e-05,393547096784.2189
1978-04-28T00:13:59,0.028504,2.8504000000000004e-05,200889442097.7324
1978-04-28T00:32:34,0.044414,4.4414000000000005e-05,313019354523.17865
1978-04-28T00:36:43,0.036626,3.6626e-05,258131374763.94696
1978-04-28T00:49:45,0.048203,4.8203000000000006e-05,339723329267.3657
1978-04-28T01:07:26,0.04865,4.865e-05,342873679415.33386
1978-04-28T01:10:35,0.061228,6.1228e-05,431520444876.507
1978-04-28T01:17:39,0.047551,4.7551000000000006e-05,335128187664.5128
1978-04-28T01:31:10,0.044881,4.4881e-05,316310659935.038
1978-04-28T01:42:38,0.050167,5.0167e-05,353565136181.4812
1978-04-28T01:54:20,0.046221,4.6221e-05,325754662615.74817
1978-04-28T02:06:01,0.044772,4.4772e-05,315542453746.83105
1978-04-28T02:17:43,0.048598,4.8598000000000005e-05,342507195729.21686
1978-04-28T02:26:13,0.048118,4.8118e-05,339124269395.8281
1978-04-28T02:40:10,0.047509,4.7509e-05,334832181610.3412
1978-04-28T02:47:56,0.039369,3.9369e-05,277463389206.6245
1978-04-28T02:52:36,0.045594,4.5594e-05,321335715092.7593
1978-04-28T03:01:56,0.041085,4.1085e-05,289557350848.48914
1978-04-28T03:06:36,0.047582,4.7582e-05,335346668323.54407
1978-04-28T03:20:27,0.046722,4.6722e-05,329285591976.2226
1978-04-28T07:17:18,0.063287,6.328699999999999e-05,446031789294.1056
1978-04-28T07:20:11,0.074233,7.423299999999999e-05,523176605221.757
1978-04-28T07:24:58,0.063499,6.3499e-05,447525915091.3523
1978-04-28T07:37:12,0.058909,5.8909e-05,415176682028.3229
1978-04-28T07:49:57,0.057461,5.7461e-05,404971520922.6003
1978-04-28T08:03:15,0.056159,5.6159e-05,395795333243.2834
1978-04-28T08:20:44,0.059742,5.9742000000000005e-05,421047468769.3912
1978-04-28T09:23:31,0.064821,6.482100000000001e-05,456843058034.5604
1978-04-28T09:38:29,0.072454,7.245400000000001e-05,510638634498.6353
1978-04-28T09:43:09,0.083911,8.3911e-05,591384857418.7068
1978-04-28T10:06:22,0.068101,6.810099999999999e-05,479959721312.7164
1978-04-28T10:18:55,0.064053,6.4053e-05,451430375901.1384
1978-04-28T10:30:38,0.064322,6.432200000000001e-05,453326224200.4751
1978-04-28T10:37:34,0.061493,6.1493e-05,433388102123.06537
1978-04-28T10:42:14,0.05425,5.425e-05,382341153304.8688
1978-04-28T10:50:10,0.061414,6.1414e-05,432831328830.6951
1978-04-28T12:49:45,0.051327,5.1327e-05,361740541487.1705
1978-04-28T13:02:32,0.05934,5.934e-05,418214267965.1781
1978-04-28T13:06:26,0.072025,7.2025e-05,507615144088.16907
1978-04-29T00:06:13,0.121167,0.000121167,853956322995.2264
1978-04-29T00:21:35,0.110593,0.000110593,779433274975.9512
1978-04-29T00:33:19,0.112956,0.000112956,796087139404.696
1978-04-29T00:44:21,0.10903,0.00010903,768417621102.8542
1978-04-29T00:56:09,0.103838,0.000103838,731825634596.6998
1978-04-29T01:07:39,0.1028,0.0001028,724510056400.7468
1978-04-29T01:22:27,0.098076,9.8076e-05,691216423069.6462
1978-04-29T01:34:46,0.079597,7.9597e-05,560980806997.3759
1978-04-29T01:52:21,0.102641,0.000102641,723389462052.8118
1978-04-29T02:00:06,0.081387,8.1387e-05,573596303115.6378
1978-04-29T12:27:20,0.086199,8.6199e-05,607510139607.8596
1978-04-29T12:48:49,0.077461,7.746100000000001e-05,545926784813.79614
1978-04-29T13:00:31,0.07626,7.625999999999999e-05,537462421217.1297
1978-04-29T13:12:14,0.076299,7.629900000000001e-05,537737283981.7177
1978-04-29T13:23:57,0.076783,7.6783e-05,541148401367.8846
1978-04-29T13:34:04,0.076818,7.6818e-05,541395073079.69415
1978-04-29T13:53:47,0.077678,7.7678e-05,547456149427.0156
1978-04-29T14:20:24,0.078939,7.8939e-05,556343378815.3555
1978-04-29T14:32:07,0.078826,7.8826e-05,555546981574.3702
1978-04-29T14:43:50,0.078816,7.8816e-05,555476503942.4247
1978-04-29T14:57:16,0.078772,7.8772e-05,555166402361.864
1978-04-29T15:07:18,0.084218,8.4218e-05,593548520719.4365
1978-04-29T15:19:00,0.082165,8.216500000000001e-05,579079462881.0055
1978-04-29T15:30:42,0.080994,8.0994e-05,570826532180.1759
1978-04-29T15:41:21,0.081769,8.1769e-05,576288548655.9597
1978-04-29T15:54:08,0.081183,8.118300000000001e-05,572158559423.9478
1978-04-29T16:03:44,0.083613,8.361300000000001e-05,589284623986.728
1978-04-29T16:18:39,0.085361,8.536100000000001e-05,601604114050.8186
1978-04-29T16:29:44,0.091575,9.1575e-05,645398914541.8131
1978-04-29T16:39:01,0.104249,0.000104249,734722265269.664
1978-04-29T16:50:41,0.096521,9.6521e-05,680257151302.1057
1978-04-29T17:02:23,0.095702,9.5702e-05,674485033245.7614
1978-04-29T17:14:06,0.095517,9.5517e-05,673181197054.7677
1978-04-29T17:25:48,0.093848,9.3848e-05,661418480283.0474
1978-04-29T17:37:28,0.089141,8.9141e-05,628244658926.2545
1978-04-29T17:49:11,0.089048,8.9048e-05,627589216949.1605
1978-04-29T18:00:56,0.09344,9.344e-05,658542992899.667
1978-04-29T18:12:54,0.094889,9.4889e-05,668755201768.5842
1978-04-29T18:17:40,0.115924,0.000115924,817004900566.1494
1978-04-29T18:21:56,0.133046,0.000133046,937676701983.4022
1978-04-29T18:37:15,0.1329,0.0001329,936647728556.9965
1978-04-29T18:47:59,0.125901,0.000125901,887320433958.2726
1978-04-29T18:56:37,0.19399,0.00019399,1367195582112.654
1978-04-29T19:05:13,0.534948,0.000534948,3770186825403.3726
1978-04-29T19:20:02,1.220091,0.001220091,8598912443813.651
1978-04-29T19:29:32,1.576373,0.001576373,11109903610297.805
1978-04-29T19:37:24,1.433433,0.001433433,10102496339267.428
1978-04-29T19:42:16,1.232763,0.001232763,8688221699015.114
1978-04-29T19:48:23,1.010103,0.001010103,7118966746114.432
1978-04-29T19:58:23,0.778319,0.000778319,5485408001826.584
1978-04-29T20:02:58,1.118922,0.001118922,7885897289183.232
1978-04-29T20:05:57,0.842222,0.000842222,5935781213248.537
1978-04-29T20:07:57,0.69276,0.00069276,4882408430663.242
1978-04-29T20:19:32,0.576172,0.000576172,4060723815335.905
1978-04-29T20:29:00,0.487502,0.000487502,3435798652874.288
1978-04-29T20:36:53,0.415814,0.000415814,2930558604982.686
1978-04-29T20:45:50,0.357455,0.000357455,2519258192711.371
1978-04-29T20:56:23,0.307972,0.000307972,2170513726554.969
1978-04-29T21:06:25,0.276929,0.000276929,1951730013706.2488
1978-04-29T21:21:49,0.262838,0.000262838,1852419982531.707
1978-04-29T21:27:14,0.297951,0.000297951,2099888091582.285
1978-04-29T21:34:03,0.272493,0.000272493,1920466136175.1816
1978-04-29T21:40:19,0.235402,0.000235402,1659057551525.7644
1978-04-29T21:53:35,0.199746,0.000199746,1407762507060.5403
1978-04-29T22:04:40,0.175142,0.0001751419999999,1234359341421.591
1978-04-29T22:18:57,0.154427,0.000154427,1088364926846.2852
1978-04-29T22:30:36,0.140597,0.000140597,990894361865.5232
1978-04-29T22:42:14,0.125387,0.000125387,883697883676.2687
1978-04-29T22:48:42,0.09161,9.161e-05,645645586253.6227
1978-04-29T22:56:47,0.135886,0.000135886,957692349455.952
1978-04-29T23:07:52,0.141213,0.000141213,995235783993.372
1978-04-29T23:25:55,0.130678,0.0001306779999999,920987598738.6844
1978-04-29T23:37:37,0.127492,0.000127492,898533425200.817
1978-04-29T23:47:43,0.123714,0.000123714,871906975851.7701
1978-04-30T00:15:28,0.119948,0.000119948,845365099661.0581
1978-04-30T00:27:10,0.114598,0.000114598,807659566570.1632
1978-04-30T00:38:52,0.109984,0.000109984,775141187190.4642
1978-04-30T00:50:31,0.111584,0.000111584,786417608301.7599
1978-04-30T00:59:12,0.130736,0.000130736,921396369003.969
1978-04-30T01:08:40,0.103138,0.000103138,726892200360.5078
1978-04-30T01:20:22,0.10008,0.00010008,705340140511.5441
1978-04-30T01:32:05,0.09835,9.835e-05,693147510184.9557
1978-04-30T01:43:47,0.09503,9.503e-05,669748936379.0172
1978-04-30T01:55:29,0.091399,9.1399e-05,644158508219.5706
1978-04-30T02:07:11,0.087985,8.798499999999999e-05,620097444673.3434
1978-04-30T02:18:58,0.096981,9.6981e-05,683499122371.6031
1978-04-30T02:30:40,0.093438,9.3438e-05,658528897373.2778
1978-04-30T02:42:22,0.089444,8.944399999999999e-05,630380131174.206
1978-04-30T02:54:05,0.087243,8.7243e-05,614868004382.9801
1978-04-30T03:05:25,0.086934,8.6934e-05,612690245555.8611
1978-04-30T03:15:21,0.08087,8.087e-05,569952609544.0505
1978-04-30T03:33:30,0.084588,8.4588e-05,596156193101.4237
1978-04-30T03:46:41,0.085925,8.5925e-05,605579052492.5502
1978-04-30T04:03:49,0.091397,9.1397e-05,644144412693.1814
1978-04-30T04:24:00,0.091344,9.1344e-05,643770881243.8698
1978-04-30T04:34:24,0.105013,0.0001050129999999,740106756350.3075
1978-04-30T04:44:24,0.122054,0.000122054,860207688948.8009
1978-04-30T04:48:55,0.099175,9.9175e-05,698961914820.4675
1978-04-30T04:59:50,0.10551,0.00010551,743609494658.0038
1978-04-30T05:07:13,0.148814,0.000148814,1048805832035.2212
1978-04-30T05:09:19,0.115848,0.000115848,816469270563.3629
1978-04-30T05:19:27,0.161368,0.000161368,1137283451179.7246
1978-04-30T05:31:13,0.171761,0.000171761,1210530854060.785
1978-04-30T05:38:42,0.175241,0.000175241,1235057069977.8528
1978-04-30T06:05:21,0.177349,0.000177349,1249913754791.9849
1978-04-30T06:17:06,0.183236,0.000183236,1291403936718.3582
1978-04-30T06:28:49,0.180352,0.000180352,1271078187665.248
1978-04-30T06:40:32,0.178781,0.000178781,1260006151686.5942
1978-04-30T06:48:57,0.18415,0.00018415,1297845592278.1858
1978-04-30T06:59:50,0.187951,0.000187951,1324634140180.7078
1978-04-30T07:10:42,0.184035,0.000184035,1297035099510.8115
1978-04-30T07:13:54,0.212776,0.000212776,1499594861485.6543
1978-04-30T07:29:34,0.256335,0.000256335,1806588378477.4849
1978-04-30T07:34:07,0.221661,0.000221661,1562214237469.318
1978-04-30T07:43:35,0.230273,0.000230273,1622909574100.8672
1978-04-30T07:55:18,0.22577,0.00022577,1591173496435.7646
1978-04-30T08:06:58,0.205351,0.000205351,1447265219766.048
1978-04-30T08:18:46,0.233035,0.000233035,1642375496044.2412
1978-04-30T08:31:41,0.250624,0.000250624,1766338602873.3538
1978-04-30T08:39:21,0.216702,0.000216702,1527264379787.4963
1978-04-30T08:44:12,0.289687,0.0002896869999999,2041645376542.4424
1978-04-30T08:50:20,0.25574,0.00025574,1802394959376.7217
1978-04-30T08:58:24,0.311079,0.000311079,2192411126800.466
1978-04-30T09:09:10,0.356882,0.000356882,2515219824400.888
1978-04-30T09:20:56,0.381346,0.000381346,2687636303192.5986
1978-04-30T09:31:03,0.411619,0.000411619,2900993238381.508
1978-04-30T09:34:04,0.363416,0.000363416,2561269909114.142
1978-04-30T09:44:23,0.386052,0.000386052,2720803076786.1973
1978-04-30T09:53:52,0.386335,0.0003863349999999,2722797593770.2573
1978-04-30T10:00:41,0.495685,0.000495685,3493470499095.371
1978-04-30T10:11:40,0.390667,0.000390667,2753328503929.0903
1978-04-30T10:20:46,0.419646,0.000419646,2957565633544.239
1978-04-30T10:26:50,0.34097,0.00034097,2403075816449.052
1978-04-30T10:34:47,0.44641,0.00044641,3146191967683.437
1978-04-30T10:40:47,0.326982,0.000326982,2304491704883.5503
1978-04-30T10:47:09,0.402286,0.0004022859999999,2835216464486.6807
1978-04-30T10:51:37,0.307158,0.000307158,2164776847314.5967
1978-04-30T17:06:33,0.536923,0.000536923,3784106157712.6274
1978-04-30T17:07:54,0.447819,0.000447819,3156122266024.5723
1978-04-30T17:20:17,0.489447,0.000489447,3449506552287.707
1978-04-30T17:28:27,0.439044,0.000439044,3094278143992.3096
1978-04-30T17:36:51,0.462243,0.000462243,3257779202342.903
1978-04-30T19:37:22,0.287506,0.000287506,2026274205015.108
1978-04-30T20:02:27,0.305733,0.000305733,2154733784762.349
1978-04-30T20:14:11,0.30921,0.00030921,2179238857389.8333
1978-04-30T20:25:55,0.310911,0.000310911,2191227102583.78
1978-04-30T20:37:37,0.300718,0.000300718,2119389252341.632
1978-04-30T20:49:20,0.298291,0.0002982909999999,2102284331068.4348
1978-04-30T21:01:57,0.288598,0.000288598,2033970362423.568
1978-04-30T21:08:24,0.341742,0.000341742,2408516689635.253
1978-04-30T21:13:45,0.256701,0.000256701,1809167859806.6936
1978-04-30T21:25:26,0.244143,0.000244143,1720662049609.4116
1978-04-30T21:37:13,0.263594,0.000263594,1857748091506.7944
1978-04-30T21:48:54,0.247316,0.000247316,1743024602225.75
1978-04-30T21:58:27,0.232616,0.000232616,1639422483265.7207
1978-04-30T22:14:58,0.230974,0.000230974,1627850056100.2537
1978-04-30T22:36:42,0.239574,0.000239574,1688460819573.468
1978-04-30T22:45:59,0.229777,0.000229777,1619413883556.3655
1978-04-30T22:52:19,0.271206,0.000271206,1911395664943.7837
1978-04-30T23:02:44,0.257099,0.000257099,1811972869558.129
1978-04-30T23:09:26,0.282555,0.000282555,1991380729438.842
1978-04-30T23:14:44,0.256097,0.000256097,1804911010837.1792
1978-04-30T23:28:04,0.264801,0.000264801,1866254741682.628
1978-04-30T23:39:48,0.262834,0.000262834,1852391791478.9287
1978-04-30T23:55:09,0.227862,0.000227862,1605917417038.7837
