time,i082_ergs_per_cm2_per_s,i082_W_per_m2,i082_ph_flux
1978-01-01T00:44:13,0.018,1.8e-05,126859737502.07628
1978-01-01T00:57:43,0.019,1.9e-05,133907500696.63608
1978-01-01T01:17:16,0.018,1.8e-05,126859737502.07628
1978-01-01T01:30:43,0.017,1.7000000000000003e-05,119811974307.51651
1978-01-01T01:44:09,0.017,1.7000000000000003e-05,119811974307.51651
1978-01-01T01:55:47,0.018,1.8e-05,126859737502.07628
1978-01-01T02:03:07,0.628,0.000628,4425995286183.55
1978-01-01T02:03:07,0.098,9.800000000000001e-05,690680793066.8597
1978-01-01T02:11:09,0.018,1.8e-05,126859737502.07628
1978-01-01T02:19:11,0.019,1.9e-05,133907500696.63608
1978-01-01T02:27:00,0.018,1.8e-05,126859737502.07628
1978-01-01T02:40:26,0.017,1.7000000000000003e-05,119811974307.51651
1978-01-01T02:53:52,0.018,1.8e-05,126859737502.07628
1978-01-01T03:07:19,0.017,1.7000000000000003e-05,119811974307.51651
1978-01-01T03:20:49,0.018,1.8e-05,126859737502.07628
1978-01-01T03:34:15,0.019,1.9e-05,133907500696.63608
1978-01-01T03:47:41,0.017,1.7000000000000003e-05,119811974307.51651
1978-01-01T04:01:08,0.016,1.6e-05,112764211112.95668
1978-01-01T04:14:38,0.017,1.7000000000000003e-05,119811974307.51651
1978-01-01T04:28:04,0.017,1.7000000000000003e-05,119811974307.51651
1978-01-01T04:41:31,0.018,1.8e-05,126859737502.07628
1978-01-01T04:46:22,0.036,3.6e-05,253719475004.15256
1978-01-01T04:46:22,0.024,2.4e-05,169146316669.43503
1978-01-01T04:49:04,0.018,1.8e-05,126859737502.07628
1978-01-01T05:02:27,0.017,1.7000000000000003e-05,119811974307.51651
1978-01-01T05:07:47,0.02,2e-05,140955263891.19586
1978-01-01T05:07:47,0.032,3.2e-05,225528422225.91336
1978-01-01T05:10:29,0.113,0.00011300000000000001,796397240985.2566
1978-01-01T05:10:29,0.059,5.9e-05,415818028479.0278
1978-01-01T05:15:50,0.03,3e-05,211432895836.7938
1978-01-01T05:15:50,0.02,2e-05,140955263891.19586
1978-01-01T05:21:10,0.018,1.8e-05,126859737502.07628
1978-01-01T05:28:01,0.019,1.9e-05,133907500696.63608
1978-01-01T05:41:27,0.02,2e-05,140955263891.19586
1978-01-01T05:50:38,0.026,2.6e-05,183241843058.5546
1978-01-01T05:53:16,0.051,5.1e-05,359435922922.54944
1978-01-01T05:55:58,0.135,0.000135,951448031265.5721
1978-01-01T06:08:20,0.084,8.400000000000001e-05,592012108343.0226
1978-01-01T06:14:27,0.07,7.000000000000001e-05,493343423619.18555
1978-01-01T06:18:46,0.056,5.6e-05,394674738895.3484
1978-01-01T06:22:30,0.046,4.6e-05,324197106949.7505
1978-01-01T06:27:35,0.038,3.8e-05,267815001393.27216
1978-01-01T06:32:49,0.031,3.1e-05,218480659031.35358
1978-01-01T06:40:47,0.026,2.6e-05,183241843058.5546
1978-01-01T06:51:10,0.022,2.2e-05,155050790280.31546
1978-01-01T07:05:34,0.019,1.9e-05,133907500696.63608
1978-01-01T07:10:55,0.026,2.6e-05,183241843058.5546
1978-01-01T07:18:57,0.018,1.8e-05,126859737502.07628
1978-01-01T07:21:39,0.023,2.3e-05,162098553474.87524
1978-01-01T07:29:38,0.03,3e-05,211432895836.7938
1978-01-01T07:34:40,0.025,2.5e-05,176194079863.99484
1978-01-01T07:40:55,0.021,2.1000000000000002e-05,148003027085.75565
1978-01-01T07:51:07,0.019,1.9e-05,133907500696.63608
1978-01-01T08:00:54,0.022,2.2e-05,155050790280.31546
1978-01-01T08:09:50,0.02,2e-05,140955263891.19586
1978-01-01T08:20:27,0.018,1.8e-05,126859737502.07628
1978-01-01T08:33:53,0.018,1.8e-05,126859737502.07628
1978-01-01T08:47:20,0.018,1.8e-05,126859737502.07628
1978-01-01T09:00:50,0.019,1.9e-05,133907500696.63608
1978-01-01T09:11:49,0.021,2.1000000000000002e-05,148003027085.75565
1978-01-01T09:13:04,0.023,2.3e-05,162098553474.87524
1978-01-01T09:14:52,0.032,3.2e-05,225528422225.91336
1978-01-01T09:15:14,0.026,2.6e-05,183241843058.5546
1978-01-01T09:15:28,0.041,4.1e-05,288958290976.95154
1978-01-01T09:17:56,0.067,6.7e-05,472200134035.50616
1978-01-01T09:20:13,0.055,5.5e-05,387626975700.78864
1978-01-01T09:30:46,0.05,5e-05,352388159727.9897
1978-01-01T09:37:08,0.039,3.9e-05,274862764587.8319
1978-01-01T09:43:58,0.032,3.2e-05,225528422225.91336
1978-01-01T09:50:06,0.028,2.8e-05,197337369447.6742
1978-01-01T09:55:37,0.023,2.3e-05,162098553474.87524
1978-01-01T10:10:33,0.023,2.3e-05,162098553474.87524
1978-01-01T10:24:00,0.022,2.2e-05,155050790280.31546
1978-01-01T10:37:26,0.023,2.3e-05,162098553474.87524
1978-01-01T10:52:37,0.022,2.2e-05,155050790280.31546
1978-01-01T11:00:18,0.021,2.1000000000000002e-05,148003027085.75565
1978-01-01T11:01:08,0.041,4.1e-05,288958290976.95154
1978-01-01T11:01:08,0.076,7.6e-05,535630002786.5443
1978-01-01T11:09:07,0.041,4.1e-05,288958290976.95154
1978-01-01T13:31:01,0.024,2.4e-05,169146316669.43503
1978-01-01T13:31:26,0.021,2.1000000000000002e-05,148003027085.75565
1978-01-01T13:37:26,0.018,1.8e-05,126859737502.07628
1978-01-01T13:43:08,0.032,3.2e-05,225528422225.91336
1978-01-01T13:45:10,0.027,2.7e-05,190289606253.11438
1978-01-01T13:45:10,0.022,2.2e-05,155050790280.31546
1978-01-01T13:50:52,0.018,1.8e-05,126859737502.07628
1978-01-01T14:03:07,0.02,2e-05,140955263891.19586
1978-01-01T14:08:27,0.018,1.8e-05,126859737502.07628
1978-01-01T14:12:43,0.019,1.9e-05,133907500696.63608
1978-01-01T14:32:34,0.02,2e-05,140955263891.19586
1978-01-01T14:37:55,0.016,1.6e-05,112764211112.95668
1978-01-01T14:45:14,0.02,2e-05,140955263891.19586
1978-01-01T18:30:46,0.025,2.5e-05,176194079863.99484
1978-01-01T18:32:02,0.029,2.9000000000000004e-05,204385132642.23404
1978-01-01T19:02:34,0.025,2.5e-05,176194079863.99484
1978-01-01T19:05:34,0.043,4.2999999999999995e-05,303053817366.07104
1978-01-01T19:09:10,0.038,3.8e-05,267815001393.27216
1978-01-01T19:09:43,0.03,3e-05,211432895836.7938
1978-01-01T19:16:15,0.061,6.1e-05,429913554868.14734
1978-01-01T19:16:19,0.025,2.5e-05,176194079863.99484
1978-01-01T19:18:28,0.04,4e-05,281910527782.3917
1978-01-01T19:21:14,0.034,3.4000000000000007e-05,239623948615.03302
1978-01-01T19:26:27,0.027,2.7e-05,190289606253.11438
1978-01-01T19:44:09,0.141,0.00014099999999999998,993734610432.9307
1978-01-01T19:46:15,0.166,0.00016600000000000002,1169928690296.9258
1978-01-01T19:47:13,0.126,0.000126,888018162514.5339
1978-01-01T19:47:49,0.09,8.999999999999999e-05,634298687510.3813
1978-01-01T19:48:28,0.074,7.4e-05,521534476397.4246
1978-01-01T19:48:28,0.062,6.2e-05,436961318062.70715
1978-01-01T19:48:28,0.052,5.2e-05,366483686117.1092
1978-01-01T19:48:28,0.043,4.2999999999999995e-05,303053817366.07104
1978-01-01T19:49:04,0.035,3.5000000000000004e-05,246671711809.59277
1978-01-01T19:49:19,0.029,2.9000000000000004e-05,204385132642.23404
1978-01-01T19:51:00,0.023,2.3e-05,162098553474.87524
1978-01-01T20:07:58,0.019,1.9e-05,133907500696.63608
1978-01-01T20:11:24,0.03,3e-05,211432895836.7938
1978-01-01T20:12:43,0.024,2.4e-05,169146316669.43503
1978-01-01T20:15:21,0.059,5.9e-05,415818028479.0278
1978-01-01T20:15:21,0.049,4.9000000000000005e-05,345340396533.4299
1978-01-01T20:15:57,0.041,4.1e-05,288958290976.95154
1978-01-01T20:18:50,0.028,2.8e-05,197337369447.6742
1978-01-01T20:20:52,0.02,2e-05,140955263891.19586
1978-01-01T20:51:25,0.02,2e-05,140955263891.19586
1978-01-01T21:08:09,0.021,2.1000000000000002e-05,148003027085.75565
1978-01-01T21:08:41,0.039,3.9e-05,274862764587.8319
1978-01-01T21:09:46,0.454,0.00045400000000000003,3199684490330.1465
1978-01-01T21:11:24,0.026,2.6e-05,183241843058.5546
1978-01-01T21:15:54,0.02,2e-05,140955263891.19586
1978-01-01T21:16:08,0.189,0.000189,1332027243771.801
1978-01-01T21:16:29,0.331,0.000331,2332809617399.2915
1978-01-01T21:16:29,0.277,0.000277,1952230404893.0625
1978-01-01T21:16:29,0.232,0.00023200000000000003,1635081061137.8723
1978-01-01T21:17:23,0.049,4.9000000000000005e-05,345340396533.4299
1978-01-01T21:17:45,0.16,0.00016,1127642111129.567
1978-01-01T21:17:45,0.127,0.000127,895065925709.0936
1978-01-01T21:17:45,0.088,8.8e-05,620203161121.2618
1978-01-01T21:17:45,0.073,7.3e-05,514486713202.86487
1978-01-01T21:17:45,0.061,6.1e-05,429913554868.14734
1978-01-01T21:19:22,0.025,2.5e-05,176194079863.99484
1978-01-01T21:20:49,0.036,3.6e-05,253719475004.15256
1978-01-01T22:34:12,0.346,0.000346,2438526065317.688
1978-01-01T22:36:18,0.274,0.00027400000000000005,1931087115309.3835
1978-01-01T22:36:39,0.071,7.099999999999999e-05,500391186813.74524
1978-01-01T22:36:39,0.209,0.00020899999999999998,1472982507662.9968
1978-01-01T22:36:39,0.178,0.000178,1254501848631.643
1978-01-01T22:36:50,0.149,0.000149,1050116715989.409
1978-01-01T22:36:53,0.4,0.0004,2819105277823.9175
1978-01-01T22:37:01,0.121,0.000121,852779346541.735
1978-01-01T22:37:08,0.096,9.6e-05,676585266677.7401
1978-01-01T23:02:42,0.213,0.000213,1501173560441.2358
1978-01-01T23:03:25,0.275,0.000275,1938134878503.9434
1978-01-01T23:04:08,0.357,0.000357,2516051460457.846
1978-01-01T23:05:23,0.175,0.000175,1233358559047.9636
1978-01-01T23:05:23,0.146,0.000146,1028973426405.7297
1978-01-01T23:05:23,0.123,0.000123,866874872930.8546
1978-01-01T23:05:23,0.089,8.9e-05,627250924315.8215
1978-01-01T23:06:35,0.059,5.9e-05,415818028479.0278
1978-01-01T23:06:57,0.071,7.099999999999999e-05,500391186813.74524
1978-01-01T23:10:12,0.048,4.8e-05,338292633338.87006
1978-01-01T23:24:57,0.045,4.4999999999999996e-05,317149343755.1907
1978-01-01T23:28:22,0.139,0.00013900000000000002,979639084043.8114
1978-01-01T23:28:37,0.177,0.000177,1247454085437.0833
1978-01-01T23:29:13,0.06,6e-05,422865791673.5876
1978-01-01T23:30:10,0.07,7.000000000000001e-05,493343423619.18555
1978-01-01T23:30:25,0.121,0.000121,852779346541.735
1978-01-01T23:32:06,0.097,9.7e-05,683633029872.2999
1978-01-01T23:32:06,0.048,4.8e-05,338292633338.87006
1978-01-01T23:41:27,0.101,0.000101,711824082650.5391
1978-01-02T00:07:36,0.04359,4.359e-05,307211997650.8614
1978-01-02T00:08:52,0.09903,9.903e-05,697939989157.2563
1978-01-02T00:10:34,0.16015,0.00016015,1128699275608.7507
1978-01-02T00:10:43,0.04703,4.703e-05,331456303040.14703
1978-01-02T00:11:19,0.06075,6.075e-05,428151614069.5074
1978-01-02T00:11:23,0.23431,0.00023431,1651361394117.3052
1978-01-02T00:11:56,0.19399,0.00019399,1367195582112.654
1978-01-02T00:15:00,0.2848,0.0002848,2007202957810.629
1978-01-02T00:15:43,0.40729,0.00040729,2870483471512.258
1978-01-02T00:21:46,0.11306,0.00011305999999999999,796820106776.93
1978-01-02T00:22:22,0.13475,0.00013475000000000002,949686090466.9321
1978-01-02T00:40:48,0.14805,0.00014805,1043421340954.5773
1978-01-02T00:41:10,0.04094,4.094e-05,288535425185.2779
1978-01-02T00:42:38,0.11897,0.00011897000000000001,838472387256.7787
1978-01-02T00:42:53,0.07805,7.805e-05,550077917335.3918
1978-01-02T00:46:40,0.26855,0.00026855,1892676805899.0322
1978-01-02T00:51:05,0.10055,0.00010055,708652589212.9872
1978-01-02T00:51:55,0.30843,0.00030843,2173741602098.077
1978-01-02T00:53:41,0.06809,6.809e-05,479882195917.57623
1978-01-02T00:53:55,0.03078,3.078e-05,216930151128.5504
1978-01-02T00:54:43,0.15391,0.00015391,1084721233274.6976
1978-01-02T00:56:30,0.05552,5.5520000000000004e-05,391291812561.9598
1978-01-02T00:57:22,0.10613,0.00010613,747979107838.6309
1978-01-02T01:00:26,0.0851,8.51e-05,599764647857.0383
1978-01-02T01:02:17,0.06809,6.809e-05,479882195917.57623
1978-01-02T01:04:44,0.03275,3.275e-05,230814244621.83325
1978-01-02T01:04:51,0.02186,2.186e-05,154064103433.07706
1978-01-02T02:51:30,0.02616,2.616e-05,184369485169.68417
1978-01-02T02:52:23,0.02189,2.189e-05,154275536328.91385
1978-01-02T02:55:52,0.05701,5.701e-05,401792979721.85376
1978-01-02T02:57:13,0.03596,3.596e-05,253437564476.37015
1978-01-02T03:00:39,0.04609,4.609e-05,324831405637.2608
1978-01-02T03:02:49,0.08683,8.683000000000001e-05,611957278183.6268
1978-01-02T03:02:55,0.0271,2.7099999999999998e-05,190994382572.57037
1978-01-02T03:07:32,0.39121,0.00039121,2757155439343.7363
1978-01-02T03:07:44,0.05651,5.651e-05,398269098124.57385
1978-01-02T03:08:57,0.03721,3.721e-05,262247268469.5699
1978-01-02T03:10:26,0.10672,0.00010672,752137288123.421
1978-01-02T03:11:13,0.06769,6.769e-05,477063090639.7524
1978-01-02T03:13:29,0.25592,0.00025592,1803663556751.742
1978-01-02T03:13:40,0.05056,5.0560000000000004e-05,356334907116.9432
1978-01-02T03:14:29,0.03024,3.024e-05,213124359003.48813
1978-01-02T03:16:01,0.019,1.9e-05,133907500696.63608
1978-01-02T03:16:30,0.12139,0.00012139,855527974187.6133
1978-01-02T03:17:28,0.08186,8.186e-05,576929895106.6647
1978-01-02T03:19:11,0.06233,6.233000000000001e-05,439287079916.9119
1978-01-02T03:21:39,0.0264,2.64e-05,186060948336.37854
1978-01-02T03:22:16,0.02225,2.225e-05,156812731078.95538
1978-01-02T03:24:19,0.14156,0.00014156,997681357821.8843
1978-01-02T06:58:22,0.01804,1.804e-05,127141648029.85866
1978-01-02T07:10:44,0.02199,2.199e-05,154980312648.36987
1978-01-02T07:21:42,0.01903,1.903e-05,134118933592.47285
1978-01-02T07:25:23,0.0227,2.2700000000000003e-05,159984224516.50732
1978-01-02T07:36:14,0.01878,1.8780000000000003e-05,132356992793.83293
1978-01-02T07:39:38,0.01647,1.647e-05,116076659814.3998
1978-01-02T07:48:43,0.01863,1.863e-05,131299828314.64894
1978-01-02T07:53:30,0.01544,1.544e-05,108817463724.00322
1978-01-02T08:32:48,0.02304,2.3040000000000003e-05,162380464002.65765
1978-01-02T08:38:59,0.02931,2.931e-05,206569939232.54752
1978-01-02T08:39:34,0.01976,1.976e-05,139263800724.5015
1978-01-02T08:42:24,0.05789,5.7889999999999996e-05,407995011333.0664
1978-01-02T08:42:44,0.07174,7.174e-05,505606531577.71954
1978-01-02T08:44:04,0.04706,4.706e-05,331667735935.9838
1978-01-02T08:48:04,0.02194,2.194e-05,154627924488.64188
1978-01-02T08:50:43,0.02877,2.877e-05,202764147107.48526
1978-01-02T08:59:05,0.02026,2.026e-05,142787682321.7814
1978-01-02T09:13:42,0.01968,1.968e-05,138699979668.93674
1978-01-02T09:22:39,0.01923,1.923e-05,135528486231.38483
1978-01-02T09:40:03,0.01679,1.679e-05,118331944036.65892
1978-01-02T09:52:07,0.017,1.7000000000000003e-05,119811974307.51651
1978-01-02T10:12:51,0.01759,1.7590000000000003e-05,123970154592.30678
1978-01-02T10:19:59,0.02242,2.242e-05,158010850822.03058
1978-01-02T10:20:11,0.03186,3.186e-05,224541735378.67502
1978-01-02T10:27:02,0.01647,1.647e-05,116076659814.3998
1978-01-02T10:27:07,0.02538,2.538e-05,178872229877.92755
1978-01-02T10:39:23,0.01781,1.781e-05,125520662495.10992
1978-01-02T10:51:40,0.02036,2.036e-05,143492458641.23737
1978-01-02T19:44:30,0.0326,3.26e-05,229757080142.64923
1978-01-02T19:55:25,0.03184,3.184e-05,224400780114.7838
1978-01-02T19:58:49,0.02644,2.644e-05,186342858864.16092
1978-01-02T20:06:16,0.02338,2.3380000000000003e-05,164776703488.80798
1978-01-02T20:14:03,0.01967,1.967e-05,138629502036.99112
1978-01-02T20:24:29,0.02049,2.0490000000000002e-05,144408667856.53018
1978-01-02T23:46:11,0.03205,3.205e-05,225880810385.64136
1978-01-02T23:56:18,0.02943,2.943e-05,207415670815.8947
1978-01-02T23:59:39,0.03333,3.333e-05,234901947274.67792
1978-01-03T00:07:58,0.03195,3.195e-05,225176034066.18536
1978-01-03T00:03:13,0.02783,2.783e-05,196139249704.59903
1978-01-03T00:12:53,0.02783,2.783e-05,196139249704.59903
1978-01-03T00:22:33,0.02666,2.666e-05,187893366766.96408
1978-01-03T00:32:12,0.02666,2.666e-05,187893366766.96408
1978-01-03T01:10:06,0.02337,2.3369999999999998e-05,164706225856.86234
1978-01-03T01:22:44,0.02432,2.432e-05,171401600891.69415
1978-01-03T01:37:14,0.02463,2.463e-05,173586407482.0077
1978-01-03T01:51:17,0.02733,2.733e-05,192615368107.31915
1978-01-03T02:03:47,0.03014,3.014e-05,212419582684.03214
1978-01-03T02:12:54,0.03592,3.592e-05,253155653948.58777
1978-01-03T02:17:49,0.02911,2.911e-05,205160386593.63556
1978-01-03T02:25:49,0.03655,3.655e-05,257595744761.16043
1978-01-03T03:01:18,0.03795,3.795e-05,267462613233.54413
1978-01-03T03:13:05,0.03319,3.319e-05,233915260427.4395
1978-01-03T03:15:03,0.04462,4.462e-05,314471193741.258
1978-01-03T03:26:20,0.03394,3.394e-05,239201082823.35934
1978-01-03T03:27:26,0.04045,4.045e-05,285082021219.94366
1978-01-03T03:29:18,0.02723,2.7230000000000002e-05,191910591787.86316
1978-01-03T03:39:46,0.02204,2.2040000000000002e-05,155332700808.09784
1978-01-03T03:41:27,0.0339,3.39e-05,238919172295.57697
1978-01-03T03:43:11,0.02844,2.8440000000000002e-05,200438385253.28052
1978-01-03T03:47:27,0.01783,1.783e-05,125661617759.0011
1978-01-03T03:50:40,0.03258,3.2579999999999996e-05,229616124878.75803
1978-01-03T03:53:08,0.02493,2.493e-05,175700736440.37564
1978-01-03T04:00:32,0.01876,1.876e-05,132216037529.94171
1978-01-03T04:07:06,0.02312,2.3120000000000002e-05,162944285058.2224
1978-01-03T04:13:43,0.01867,1.867e-05,131581738842.43132
1978-01-03T04:20:43,0.02473,2.473e-05,174291183801.46365
1978-01-03T04:27:38,0.02009,2.009e-05,141589562578.70624
1978-01-03T04:33:06,0.02636,2.6360000000000002e-05,185779037808.59613
1978-01-03T04:37:34,0.01697,1.697e-05,119600541411.67967
1978-01-03T04:50:15,0.01736,1.736e-05,122349169057.558
1978-01-03T05:02:49,0.01817,1.817e-05,128057857245.15144
1978-01-03T05:17:22,0.01947,1.947e-05,137219949398.07918
1978-01-03T05:17:47,0.01521,1.521e-05,107196478189.25446
1978-01-03T05:28:59,0.01376,1.376e-05,96977221557.14276
1978-01-03T05:30:54,0.01818,1.8180000000000002e-05,128128334877.09705
1978-01-03T05:41:58,0.0149,1.49e-05,105011671598.94092
1978-01-03T05:44:25,0.0202,2.02e-05,142364816530.10782
1978-01-03T05:48:07,0.01311,1.311e-05,92396175480.67888
1978-01-03T05:56:01,0.01575,1.575e-05,111002270314.31674
1978-01-03T05:58:15,0.02153,2.1530000000000002e-05,151738341578.87238
1978-01-03T06:09:36,0.01704,1.704e-05,120093884835.29886
1978-01-03T06:11:46,0.02552,2.5520000000000003e-05,179858916725.16595
1978-01-03T06:13:07,0.02099,2.099e-05,147932549453.81006
1978-01-03T06:19:28,0.03052,3.052e-05,215097732697.96487
1978-01-03T06:19:28,0.02552,2.5520000000000003e-05,179858916725.16595
1978-01-03T06:22:20,0.01711,1.711e-05,120587228258.91806
1978-01-03T06:31:28,0.01817,1.817e-05,128057857245.15144
1978-01-03T06:43:27,0.02676,2.676e-05,188598143086.42004
1978-01-03T06:55:37,0.02444,2.444e-05,172247332475.04135
1978-01-03T06:57:44,0.03112,3.112e-05,219326390614.70074
1978-01-03T07:10:00,0.02795,2.795e-05,196984981287.9462
1978-01-03T07:10:04,0.02236,2.2360000000000003e-05,157587985030.357
1978-01-03T07:22:32,0.0243,2.4299999999999998e-05,171260645627.80295
1978-01-03T07:22:38,0.0191,1.91e-05,134612277016.09204
1978-01-03T07:34:02,0.01976,1.976e-05,139263800724.5015
1978-01-03T07:36:35,0.05598,5.598e-05,394533783631.4573
1978-01-03T07:37:11,0.0254,2.54e-05,179013185141.81876
1978-01-03T07:43:15,0.04385,4.385e-05,309044416081.44696
1978-01-03T07:45:47,0.03583,3.583e-05,252521355261.0774
1978-01-03T07:49:44,0.02778,2.7779999999999998e-05,195786861544.87106
1978-01-03T07:50:10,0.05574,5.574e-05,392842320464.7628
1978-01-03T07:54:21,0.0228,2.2800000000000002e-05,160689000835.9633
1978-01-03T07:57:46,0.04815,4.815e-05,339349797818.05396
1978-01-03T08:00:16,0.03681,3.681e-05,259428163191.746
1978-01-03T08:05:18,0.0204,2.04e-05,143774369169.01978
1978-01-03T08:05:30,0.02857,2.8570000000000003e-05,201354594468.5733
1978-01-03T08:08:10,0.07157,7.157e-05,504408411834.64435
1978-01-03T08:10:21,0.02391,2.391e-05,168512017981.92465
1978-01-03T08:13:58,0.01899,1.899e-05,133837023064.69046
1978-01-03T08:20:05,0.06168,6.168e-05,434706033840.44806
1978-01-03T08:20:36,0.07245,7.245e-05,510610443445.857
1978-01-03T08:20:36,0.02344,2.344e-05,165199569280.48157
1978-01-03T08:27:59,0.02314,2.3140000000000002e-05,163085240322.11362
1978-01-03T08:29:50,0.06428,6.428e-05,453030218146.30347
1978-01-03T08:46:42,0.01758,1.7579999999999998e-05,123899676960.36115
1978-01-03T08:56:49,0.01499,1.499e-05,105645970286.4513
1978-01-03T09:01:11,0.01929,1.9290000000000003e-05,135951352023.05843
1978-01-03T09:10:06,0.01572,1.5720000000000002e-05,110790837418.47997
1978-01-03T09:11:48,0.02248,2.248e-05,158433716613.70416
1978-01-03T09:17:47,0.01534,1.534e-05,108112687404.54723
1978-01-03T09:22:40,0.01781,1.781e-05,125520662495.10992
1978-01-03T09:24:53,0.02463,2.463e-05,173586407482.0077
1978-01-03T09:32:14,0.03116,3.116e-05,219608301142.48312
1978-01-03T09:36:39,0.01771,1.771e-05,124815886175.65395
1978-01-03T09:42:04,0.02335,2.335e-05,164565270592.97116
1978-01-03T09:47:50,0.02937,2.9370000000000002e-05,206992805024.22113
1978-01-03T09:50:36,0.01796,1.796e-05,126577826974.29388
1978-01-03T09:59:29,0.02204,2.2040000000000002e-05,155332700808.09784
1978-01-03T10:00:13,0.02924,2.9239999999999998e-05,206076595808.9283
1978-01-03T10:10:03,0.03072,3.0720000000000004e-05,216507285336.87686
1978-01-03T10:11:02,0.02654,2.654e-05,187047635183.6169
1978-01-03T10:12:15,0.02111,2.111e-05,148778281037.15723
1978-01-03T10:19:14,0.01886,1.886e-05,132920813849.39767
1978-01-03T10:30:37,0.02045,2.045e-05,144126757328.74777
1978-01-03T10:31:45,0.02574,2.574e-05,181409424627.96906
1978-01-03T10:33:15,0.03567,3.567e-05,251393713149.9478
1978-01-03T10:42:39,0.02209,2.209e-05,155685088967.82584
1978-01-03T10:46:01,0.02845,2.845e-05,200508862885.2261
1978-01-03T10:52:24,0.03365,3.365e-05,237157231496.937
1978-01-03T10:57:36,0.02317,2.317e-05,163296673217.9504
1978-01-03T10:58:01,0.02856,2.8559999999999998e-05,201284116836.6277
1978-01-03T10:59:10,0.01831,1.831e-05,129044544092.3898
1978-01-03T11:10:46,0.03223,3.223e-05,227149407760.66214
1978-01-03T11:12:50,0.04554,4.554e-05,320955135880.253
1978-01-03T11:16:30,0.0808,8.08e-05,569459266120.4313
1978-01-03T11:22:57,0.05745,5.745e-05,404893995527.4601
1978-01-03T11:24:03,0.01689,1.689e-05,119036720356.11488
1978-01-03T11:24:22,0.02968,2.9680000000000004e-05,209177611614.53467
1978-01-03T11:24:36,0.03566,3.566e-05,251323235518.0022
1978-01-03T11:28:46,0.04303,4.303e-05,303265250261.9079
1978-01-03T11:29:00,0.02436,2.436e-05,171683511419.47656
1978-01-03T11:36:56,0.0214,2.14e-05,150822132363.57953
1978-01-03T11:37:22,0.01705,1.705e-05,120164362467.24448
1978-01-03T11:49:09,0.02031,2.0310000000000004e-05,143140070481.50943
1978-01-03T11:52:44,0.01674,1.6740000000000002e-05,117979555876.93095
1978-01-03T12:07:36,0.01936,1.9359999999999998e-05,136444695446.67758
1978-01-03T12:10:18,0.01582,1.582e-05,111495613737.93593
1978-01-03T12:21:48,0.01415,1.415e-05,99725849203.02107
1978-01-03T12:22:52,0.01835,1.8350000000000002e-05,129326454620.17221
1978-01-03T12:31:29,0.01713,1.713e-05,120728183522.80925
1978-01-03T13:03:27,0.04844,4.844e-05,341393649144.4764
1978-01-03T13:06:24,0.01964,1.9640000000000002e-05,138418069141.15433
1978-01-03T13:07:27,0.26815,0.00026815,1889857700621.2085
1978-01-03T13:07:40,0.03113,3.113e-05,219396868246.64636
1978-01-03T13:08:28,0.22307,0.00022307,1572144535810.453
1978-01-03T13:08:44,0.02459,2.459e-05,173304496954.2253
1978-01-03T13:09:07,0.03887,3.8870000000000006e-05,273946555372.53918
1978-01-03T13:10:45,0.33524,0.00033524,2362692133344.225
1978-01-03T13:11:02,0.06022,6.022e-05,424416299576.39075
1978-01-03T13:11:21,0.01166,1.166e-05,82176918848.56718
1978-01-03T13:11:34,0.01602,1.602e-05,112905166376.84787
1978-01-03T20:27:17,0.02435,2.435e-05,171613033787.53094
1978-01-03T20:30:39,0.01946,1.9460000000000003e-05,137149471766.13359
1978-01-03T20:36:34,0.03055,3.0550000000000004e-05,215309165593.8017
1978-01-03T20:37:02,0.02154,2.154e-05,151808819210.81796
1978-01-03T20:37:02,0.0375,3.75e-05,264291119795.9922
1978-01-03T20:46:42,0.02555,2.555e-05,180070349621.00272
1978-01-03T20:53:09,0.02248,2.248e-05,158433716613.70416
1978-01-03T20:57:04,0.01895,1.8950000000000003e-05,133555112536.9081
1978-01-03T21:03:22,0.01711,1.711e-05,120587228258.91806
1978-01-03T21:06:45,0.02266,2.266e-05,159702313988.72488
1978-01-03T21:07:16,0.02809,2.809e-05,197971668135.18457
1978-01-03T21:15:55,0.01779,1.779e-05,125379707231.21872
1978-01-03T21:20:43,0.02717,2.717e-05,191487725996.18954
1978-01-03T21:23:52,0.02233,2.2329999999999998e-05,157376552134.52017
1978-01-03T21:28:33,0.0176,1.76e-05,124040632224.25237
1978-01-03T21:34:22,0.02913,2.913e-05,205301341857.52676
1978-01-03T21:38:10,0.02138,2.138e-05,150681177099.6884
1978-01-03T21:43:05,0.01724,1.7239999999999998e-05,121503437474.21082
1978-01-03T21:46:31,0.02494,2.4940000000000002e-05,175771214072.32123
1978-01-03T21:47:38,0.03218,3.218e-05,226797019600.93414
1978-01-03T21:51:53,0.02139,2.139e-05,150751654731.63394
1978-01-03T21:56:15,0.01924,1.9240000000000002e-05,135598963863.33043
1978-01-03T22:00:52,0.03438,3.438e-05,242302098628.9657
1978-01-03T22:02:36,0.02915,2.915e-05,205442297121.41797
1978-01-03T22:09:28,0.02133,2.1329999999999997e-05,150328788939.96036
1978-01-03T22:16:46,0.02757,2.7570000000000002e-05,194306831274.01352
1978-01-03T22:22:23,0.02364,2.364e-05,166609121919.39352
1978-01-03T22:26:36,0.01919,1.9189999999999998e-05,135246575703.6024
1978-01-03T22:28:48,0.02705,2.705e-05,190641994412.8424
1978-01-03T22:29:09,0.03144,3.1440000000000004e-05,221581674836.95993
1978-01-03T23:39:32,0.02242,2.242e-05,158010850822.03058
1978-01-03T23:44:10,0.0185,1.85e-05,130383619099.35616
1978-01-03T23:52:46,0.02572,2.572e-05,181268469364.07788
1978-01-03T23:57:42,0.02161,2.161e-05,152302162634.43713
1978-01-04T00:01:29,0.01528,1.528e-05,107689821612.87363
1978-01-04T00:03:03,0.02042,2.042e-05,143915324432.91098
1978-01-04T00:08:42,0.02512,2.512e-05,177039811447.34198
1978-01-04T06:55:10,0.02584,2.584e-05,182114200947.42505
1978-01-04T06:55:54,0.03195,3.195e-05,225176034066.18536
1978-01-04T06:56:33,0.10593,0.00010593,746569555199.7188
1978-01-04T06:56:44,0.13584,0.00013584,957368152349.0023
1978-01-04T06:57:30,0.0626,6.26e-05,441189975979.4431
1978-01-04T06:57:38,0.05169,5.169e-05,364298879526.7957
1978-01-04T06:57:38,0.04346,4.346e-05,306295788435.5686
1978-01-04T06:58:15,0.08782,8.782e-05,618934563746.241
1978-01-04T06:58:15,0.03807,3.807e-05,268308344816.89133
1978-01-04T08:13:48,0.02165,2.165e-05,152584073162.2195
1978-01-04T08:16:05,0.02698,2.6980000000000003e-05,190148650989.2232
1978-01-04T08:16:59,0.02907,2.9069999999999998e-05,204878476065.85315
1978-01-04T08:30:14,0.02919,2.919e-05,205724207649.20035
1978-01-04T08:33:51,0.03545,3.545e-05,249843205247.14465
1978-01-04T08:42:29,0.05465,5.465e-05,385160258582.6927
1978-01-04T08:46:36,0.04642,4.6420000000000006e-05,327157167491.46564
1978-01-04T08:49:58,0.03715,3.715e-05,261824402677.8963
1978-01-04T08:59:45,0.03087,3.087e-05,217564449816.06082
1978-01-04T09:12:42,0.0293,2.93e-05,206499461600.60193
1978-01-04T09:26:41,0.03011,3.011e-05,212208149788.19537
1978-01-04T09:38:41,0.02472,2.472e-05,174220706169.51807
1978-01-04T09:54:14,0.02602,2.602e-05,183382798322.44583
1978-01-04T10:00:49,0.02703,2.703e-05,190501039148.9512
1978-01-04T10:22:54,0.02983,2.983e-05,210234776093.71863
1978-01-04T10:36:35,0.03098,3.098e-05,218339703767.46237
1978-01-04T10:50:09,0.03144,3.1440000000000004e-05,221581674836.95993
1978-01-04T11:03:43,0.03234,3.234e-05,227924661712.0637
1978-01-04T11:17:18,0.02745,2.745e-05,193461099690.66632
1978-01-04T11:28:24,0.02372,2.3720000000000003e-05,167172942974.9583
1978-01-04T11:36:08,0.01986,1.986e-05,139968577043.9575
1978-01-04T12:16:30,0.01811,1.811e-05,127634991453.47786
1978-01-04T12:30:05,0.01802,1.802e-05,127000692765.96748
1978-01-04T12:43:39,0.01926,1.926e-05,135739919127.2216
1978-01-04T12:56:33,0.01803,1.8030000000000002e-05,127071170397.91309
1978-01-04T13:03:04,0.01737,1.737e-05,122419646689.50362
1978-01-04T13:13:15,0.01926,1.926e-05,135739919127.2216
1978-01-04T13:25:50,0.02313,2.313e-05,163014762690.168
1978-01-04T13:35:34,0.03032,3.032e-05,213688180059.05292
1978-01-04T13:37:55,0.02521,2.521e-05,177674110134.8524
1978-01-04T13:48:19,0.02165,2.165e-05,152584073162.2195
1978-01-04T13:57:52,0.01753,1.753e-05,123547288800.63316
1978-01-04T14:16:47,0.01712,1.712e-05,120657705890.86365
1978-01-04T14:37:08,0.01892,1.892e-05,133343679641.07127
1978-01-04T14:50:42,0.01881,1.881e-05,132568425689.66971
1978-01-04T15:04:06,0.01814,1.814e-05,127846424349.31464
1978-01-04T15:17:50,0.01844,1.8440000000000003e-05,129960753307.6826
1978-01-04T15:27:06,0.01798,1.798e-05,126718782238.18507
1978-01-04T15:39:26,0.02245,2.245e-05,158222283717.86734
1978-01-04T15:49:36,0.01803,1.8030000000000002e-05,127071170397.91309
1978-01-04T15:56:30,0.01541,1.541e-05,108606030828.16641
1978-01-04T16:06:22,0.01875,1.875e-05,132145559897.9961
1978-01-04T16:21:59,0.01905,1.9050000000000002e-05,134259888856.36407
1978-01-04T16:49:08,0.01946,1.9460000000000003e-05,137149471766.13359
1978-01-04T16:57:09,0.01983,1.983e-05,139757144148.1207
1978-01-04T17:56:48,0.01908,1.908e-05,134471321752.20085
1978-01-04T18:09:18,0.01822,1.8220000000000002e-05,128410245404.87944
1978-01-04T18:22:53,0.01971,1.971e-05,138911412564.77353
1978-01-04T18:36:27,0.01986,1.986e-05,139968577043.9575
1978-01-04T18:45:42,0.01884,1.884e-05,132779858585.5065
1978-01-04T18:57:20,0.01681,1.681e-05,118472899300.55011
1978-01-04T19:50:28,0.01992,1.992e-05,140391442835.63107
1978-01-04T20:03:48,0.02259,2.259e-05,159208970565.1057
1978-01-04T20:06:45,0.02635,2.635e-05,185708560176.65054
1978-01-04T20:07:32,0.03186,3.186e-05,224541735378.67502
1978-01-04T20:13:29,0.01969,1.969e-05,138770457300.88232
1978-01-04T20:16:43,0.0206,2.06e-05,145183921807.93173
1978-01-04T20:29:56,0.01972,1.972e-05,138981890196.71912
1978-01-04T20:42:07,0.01973,1.9730000000000003e-05,139052367828.66473
1978-01-04T20:43:12,0.19607,0.00019607,1381854929557.3386
1978-01-04T20:44:07,0.27728,0.00027728000000000003,1954203778587.5396
1978-01-04T20:44:07,0.23364,0.00023364,1646639392776.95
1978-01-04T20:44:23,0.35269,0.00035269,2485675601089.2935
1978-01-04T20:44:59,0.04982,4.982000000000001e-05,351119562352.96893
1978-01-04T20:45:21,0.10379,0.00010379,731487341963.3608
1978-01-04T20:45:21,0.08675,8.675e-05,611393457128.062
1978-01-04T20:45:21,0.0725,7.25e-05,510962831605.585
1978-01-04T20:45:21,0.06059,6.059e-05,427023971958.3778
1978-01-04T20:45:46,0.1552,0.0001552,1093812847795.6798
1978-01-04T20:45:58,0.12358,0.00012358,870962575583.6993
1978-01-04T20:45:58,0.02384,2.3840000000000002e-05,168018674558.30548
1978-01-04T20:46:35,0.04113,4.113e-05,289874500192.24426
1978-01-04T20:46:35,0.03438,3.438e-05,242302098628.9657
1978-01-04T20:46:35,0.02873,2.8729999999999998e-05,202482236579.70285
1978-01-04T21:00:09,0.00562,5.62e-06,39608429153.42604
1978-01-04T21:02:38,0.06561,6.561e-05,462403743195.068
1978-01-04T21:02:38,0.02491,2.4910000000000004e-05,175559781176.48447
1978-01-04T21:02:38,0.01215,1.2149999999999999e-05,85630322813.90147
1978-01-04T21:02:38,0.00726,7.26e-06,51166760792.50409
1978-01-04T21:02:38,0.07614,7.614e-05,536616689633.78265
1978-01-04T21:02:53,0.032,3.2e-05,225528422225.91336
1978-01-04T21:03:15,0.0212,2.12e-05,149412579724.6676
1978-01-04T21:03:15,0.01772,1.772e-05,124886363807.59952
1978-01-04T21:03:15,0.10323,0.00010323,727540594574.4075
1978-01-04T21:03:15,0.08628,8.628e-05,608081008426.6189
1978-01-04T21:03:52,0.04421,4.421e-05,311581610831.4884
1978-01-04T21:05:06,0.51532,0.00051532,3631853329420.5527
1978-01-04T21:05:06,0.41971,0.00041971000000000006,2958016690388.691
1978-01-04T21:05:06,0.36439,0.00036438999999999997,2568134430465.6426
1978-01-04T21:05:06,0.12251,0.00012251,863421468965.5201
1978-01-04T21:05:23,0.28609,0.00028609,2016294572331.6113
1978-01-04T21:05:57,0.20963,0.00020963,1477422598475.5696
1978-01-04T21:06:20,0.16793,0.00016793,1183530873262.426
1978-01-04T21:06:20,0.14049,0.00014049,990140251203.7054
1978-01-04T22:01:13,0.02431,2.431e-05,171331123259.74854
1978-01-04T22:03:41,0.02053,2.053e-05,144690578384.31256
1978-01-04T22:04:11,0.02752,2.752e-05,193954443114.28552
1978-01-04T22:04:18,0.03387,3.387e-05,238707739399.74017
1978-01-04T22:21:14,0.01545,1.545e-05,108887941355.94879
1978-01-04T22:24:25,0.01908,1.908e-05,134471321752.20085
1978-01-04T22:27:36,0.01681,1.681e-05,118472899300.55011
1978-01-04T22:35:46,0.01774,1.774e-05,125027319071.49072
1978-01-04T23:21:24,0.02341,2.341e-05,164988136384.64478
1978-01-04T23:34:58,0.02506,2.506e-05,176616945655.66843
1978-01-04T23:48:32,0.0219,2.19e-05,154346013960.85947
1978-01-04T23:55:57,0.02471,2.471e-05,174150228537.57245
1978-01-04T23:56:48,0.03298,3.2980000000000006e-05,232435230156.582
1978-01-04T23:59:06,0.0286,2.86e-05,201566027364.4101
1978-01-04T23:59:20,0.02012,2.012e-05,141800995474.54303
1978-01-05T00:06:31,0.02093,2.093e-05,147509683662.13647
1978-01-05T00:14:05,0.01993,1.993e-05,140461920467.5767
1978-01-05T00:27:32,0.01979,1.979e-05,139475233620.3383
1978-01-05T00:40:59,0.01889,1.889e-05,133132246745.23448
1978-01-05T00:48:58,0.01759,1.7590000000000003e-05,123970154592.30678
1978-01-05T00:52:14,0.02093,2.093e-05,147509683662.13647
1978-01-05T01:07:54,0.01777,1.777e-05,125238751967.32753
1978-01-05T01:19:11,0.01899,1.899e-05,133837023064.69046
1978-01-05T01:21:37,0.02186,2.186e-05,154064103433.07706
1978-01-05T01:29:40,0.01885,1.8849999999999997e-05,132850336217.45207
1978-01-05T01:31:45,0.01826,1.8259999999999998e-05,128692155932.6618
1978-01-05T01:37:57,0.02004,2.0039999999999998e-05,141237174418.97824
1978-01-05T01:43:22,0.01839,1.8390000000000002e-05,129608365147.9546
1978-01-05T01:54:17,0.01837,1.8370000000000002e-05,129467409884.0634
1978-01-05T02:00:48,0.01837,1.8370000000000002e-05,129467409884.0634
1978-01-05T02:06:37,0.04451,4.451e-05,313695939789.8564
1978-01-05T02:07:01,0.05085,5.085e-05,358378758443.3655
1978-01-05T02:07:20,0.01684,1.684e-05,118684332196.38692
1978-01-05T02:08:31,0.06678,6.678000000000001e-05,470649626132.703
1978-01-05T02:09:03,0.08217,8.217000000000001e-05,579114701696.9783
1978-01-05T02:26:11,0.01779,1.779e-05,125379707231.21872
1978-01-05T02:37:11,0.01777,1.777e-05,125238751967.32753
1978-01-05T02:49:47,0.01837,1.8370000000000002e-05,129467409884.0634
1978-01-05T02:55:22,0.0176,1.76e-05,124040632224.25237
1978-01-05T02:59:35,0.01919,1.9189999999999998e-05,135246575703.6024
1978-01-05T03:03:41,0.01732,1.732e-05,122067258529.7756
1978-01-05T03:19:11,0.01837,1.8370000000000002e-05,129467409884.0634
1978-01-05T03:24:17,0.01686,1.686e-05,118825287460.27812
1978-01-05T03:28:58,0.01544,1.544e-05,108817463724.00322
1978-01-05T03:38:21,0.01819,1.819e-05,128198812509.04263
1978-01-06T06:25:42,0.02292,2.292e-05,161534732419.31046
1978-01-06T06:38:34,0.02292,2.292e-05,161534732419.31046
1978-01-06T06:45:00,0.02721,2.7210000000000002e-05,191769636523.97195
1978-01-06T06:50:20,0.02521,2.521e-05,177674110134.8524
1978-01-06T06:54:38,0.02607,2.607e-05,183735186482.1738
1978-01-06T07:04:50,0.02878,2.8780000000000002e-05,202834624739.43088
1978-01-06T07:10:42,0.02965,2.965e-05,208966178718.69788
1978-01-06T07:18:17,0.03045,3.045e-05,214604389274.3457
1978-01-06T07:31:44,0.02835,2.835e-05,199804086565.77014
1978-01-06T07:36:25,0.02498,2.4979999999999998e-05,176053124600.1036
1978-01-06T07:45:11,0.02722,2.722e-05,191840114155.91754
1978-01-06T07:58:38,0.02552,2.5520000000000003e-05,179858916725.16595
1978-01-06T08:12:05,0.02657,2.657e-05,187259068079.4537
1978-01-06T08:25:33,0.0256,2.5600000000000002e-05,180422737780.7307
1978-01-06T08:38:23,0.02477,2.4770000000000002e-05,174573094329.24606
1978-01-06T08:47:08,0.02393,2.393e-05,168652973245.81583
1978-01-06T15:41:47,0.02015,2.0150000000000002e-05,142012428370.37982
1978-01-06T15:50:42,0.01789,1.789e-05,126084483550.6747
1978-01-06T16:04:09,0.01738,1.738e-05,122490124321.4492
1978-01-06T16:17:37,0.01749,1.749e-05,123265378272.85078
1978-01-06T16:25:34,0.01793,1.7930000000000003e-05,126366394078.45709
1978-01-06T20:00:04,0.03813,3.8129999999999996e-05,268731210608.56485
1978-01-06T20:00:48,0.0197,1.9699999999999998e-05,138840934932.8279
1978-01-06T20:01:55,0.02651,2.651e-05,186836202287.78012
1978-01-06T20:03:15,0.04965,4.965e-05,349921442609.89374
1978-01-06T20:03:52,0.06713,6.713e-05,473116343250.79895
1978-01-06T20:03:52,0.0586,5.86e-05,412998923201.20386
1978-01-06T20:48:30,0.01757,1.757e-05,123829199328.41556
1978-01-06T21:06:25,0.03372,3.372e-05,237650574920.55624
1978-01-06T21:07:18,0.01422,1.4220000000000001e-05,100219192626.64026
1978-01-06T21:08:04,0.01272,1.272e-05,89647547834.80057
1978-01-06T21:08:32,0.02834,2.834e-05,199733608933.82452
1978-01-06T21:08:59,0.01754,1.754e-05,123617766432.57878
1978-01-06T21:11:13,0.02178,2.178e-05,153500282377.5123
1978-01-06T21:12:51,0.07955,7.955e-05,560649562127.2314
1978-01-06T21:12:51,0.13895,0.00013895,979286695884.0831
1978-01-06T21:15:44,0.03553,3.553e-05,250407026302.70944
1978-01-06T21:15:50,0.04348,4.348e-05,306436743699.4598
1978-01-06T21:16:08,0.05909,5.909e-05,416452327166.53815
1978-01-06T21:16:22,0.04968,4.9680000000000005e-05,350132875505.7306
1978-01-06T21:18:59,0.02634,2.634e-05,185638082544.70496
1978-01-06T21:23:41,0.0162,1.62e-05,114173763751.86865
1978-01-06T21:26:37,0.01458,1.458e-05,102756387376.68178
1978-01-06T22:13:55,0.01772,1.772e-05,124886363807.59952
1978-01-06T22:20:21,0.01558,1.558e-05,109804150571.24156
1978-01-06T22:30:37,0.01807,1.8069999999999998e-05,127353080925.69545
1978-01-06T22:58:45,0.03284,3.2840000000000004e-05,231448543309.34363
1978-01-06T22:58:45,0.05223,5.223e-05,368104671651.85803
1978-01-06T22:59:17,0.02156,2.156e-05,151949774474.70914
1978-01-06T22:59:37,0.04374,4.3740000000000005e-05,308269162130.04535
1978-01-06T23:00:35,0.01732,1.732e-05,122067258529.7756
1978-01-06T23:02:25,0.02674,2.674e-05,188457187822.52887
1978-01-06T23:14:39,0.02081,2.081e-05,146663952078.78928
1978-01-06T23:23:49,0.01973,1.9730000000000003e-05,139052367828.66473
1978-01-07T03:46:11,0.06204,6.204e-05,437243228590.4895
1978-01-07T03:49:22,0.05703,5.703e-05,401933934985.745
1978-01-07T03:55:45,0.05242,5.242e-05,369443746658.82434
1978-01-07T04:02:07,0.04819,4.819e-05,339631708345.83636
1978-01-07T04:08:51,0.04247,4.2470000000000005e-05,299318502872.9544
1978-01-07T04:14:52,0.03904,3.904e-05,275144675115.6143
1978-01-07T04:18:40,0.05709,5.7090000000000004e-05,402356800777.41864
1978-01-07T04:19:27,0.0468,4.68e-05,329835317505.3983
1978-01-07T04:20:18,0.06578,6.578000000000001e-05,463601862938.14325
1978-01-07T04:20:30,0.11118,0.00011118,783570311971.1577
1978-01-07T04:20:30,0.08347,8.347e-05,588276793849.906
1978-01-07T04:21:07,0.145,0.000145,1021925663211.17
1978-01-07T04:36:46,0.33402,0.00033402,2354093862246.862
1978-01-07T04:37:08,0.48972,0.00048972,3451430591639.822
1978-01-07T04:37:08,0.40942,0.00040942,2885495207116.6704
1978-01-07T04:38:22,0.28499,0.00028499000000000005,2008542032817.5957
1978-01-07T04:38:22,0.23826,0.00023826,1679200058735.8162
1978-01-07T04:38:22,0.19919,0.00019919000000000002,1403843950724.3652
1978-01-07T04:38:22,0.16653,0.00016653000000000002,1173664004790.0425
1978-01-07T04:38:22,0.13922,0.00013922,981189591946.6145
1978-01-07T04:38:22,0.11639,0.00011639,820289158214.8143
1978-01-07T04:38:22,0.09731,9.731e-05,685817836462.6135
1978-01-07T04:38:22,0.08152,8.151999999999999e-05,574533655620.5142
1978-01-07T04:38:59,0.04747,4.747e-05,334557318845.75336
1978-01-07T04:41:23,0.03849,3.8490000000000006e-05,271268405358.60648
1978-01-07T04:41:27,0.06549,6.549000000000001e-05,461558011611.72095
1978-01-07T04:42:04,0.05459,5.459e-05,384737392791.0191
1978-01-07T04:46:43,0.03298,3.2980000000000006e-05,232435230156.582
1978-01-07T04:46:43,0.04072,4.072e-05,286984917282.47473
1978-01-07T04:56:16,0.0344,3.44e-05,242443053892.8569
1978-01-07T07:10:05,0.04429,4.4290000000000005e-05,312145431887.0533
1978-01-07T07:16:27,0.23881,0.00023881,1683076328492.8242
1978-01-07T07:16:27,0.16346,0.00016346,1152027371782.744
1978-01-07T07:17:35,0.19214,0.00019214000000000001,1354157220202.7188
1978-01-07T07:21:32,0.05599,5.599e-05,394604261263.40283
1978-01-07T07:22:49,0.07988,7.988000000000001e-05,562975323981.4364
1978-01-07T07:22:49,0.05026,5.026e-05,354220578158.5752
1978-01-07T07:25:14,0.17701,0.00017701000000000001,1247524563069.029
1978-01-07T07:48:38,0.12361,0.00012361,871174008479.5359
1978-01-07T07:55:24,0.10861,0.00010861,765457560561.1392
1978-01-07T08:04:14,0.09454,9.454e-05,666295532413.6829
1978-01-07T08:08:08,0.08157,8.157e-05,574886043780.2424
1978-01-07T08:15:07,0.06903,6.903e-05,486507093320.46246
1978-01-07T08:22:30,0.05697,5.697e-05,401511069194.0714
1978-01-07T08:29:16,0.04844,4.844e-05,341393649144.4764
1978-01-07T08:36:40,0.04545,4.545e-05,320320837192.7426
1978-01-07T09:30:15,0.03032,3.032e-05,213688180059.05292
1978-01-07T09:33:46,0.02598,2.598e-05,183100887794.6634
1978-01-07T09:47:38,0.02346,2.3460000000000002e-05,165340524544.37274
1978-01-07T10:02:03,0.02207,2.207e-05,155544133703.93463
1978-01-07T10:02:07,0.04072,4.072e-05,286984917282.47473
1978-01-07T10:02:15,0.03066,3.066e-05,216084419545.20328
1978-01-07T10:08:29,0.01908,1.908e-05,134471321752.20085
1978-01-07T10:16:56,0.02035,2.035e-05,143421981009.2918
1978-01-07T10:22:34,0.02064,2.064e-05,145465832335.7141
1978-01-07T11:24:09,0.03267,3.267e-05,230250423566.26843
1978-01-07T11:36:44,0.03058,3.058e-05,215520598489.6385
1978-01-07T11:46:19,0.03629,3.6290000000000007e-05,255763326330.57492
1978-01-07T11:51:14,0.04531,4.5310000000000005e-05,319334150345.5042
1978-01-07T11:55:06,0.05437,5.437e-05,383186884888.21594
1978-01-07T11:59:51,0.06493,6.493e-05,457611264222.7674
1978-01-07T12:50:58,0.1663,0.0001663,1172043019255.2937
1978-01-07T13:00:49,0.13215,0.00013215,931361906161.0765
1978-01-07T13:07:17,0.09745,9.745e-05,686804523309.8518
1978-01-07T13:07:35,0.11718,0.00011718000000000001,825856891138.5166
1978-01-07T13:22:22,0.0506,5.0600000000000003e-05,356616817644.7256
1978-01-07T13:26:41,0.04177,4.177e-05,294385068636.7626
1978-01-07T13:31:36,0.03367,3.367e-05,237298186760.82825
1978-01-07T13:38:23,0.02812,2.812e-05,198183101031.02136
1978-01-07T13:42:04,0.07372,7.371999999999999e-05,519561102702.9479
1978-01-07T13:43:08,0.05816,5.8160000000000006e-05,409897907395.5976
1978-01-07T13:43:55,0.02415,2.415e-05,170203481148.619
1978-01-07T13:44:32,0.05263,5.263e-05,370923776929.68195
1978-01-07T13:48:19,0.01908,1.908e-05,134471321752.20085
1978-01-07T13:58:05,0.02054,2.054e-05,144761056016.25815
1978-01-07T14:11:38,0.01833,1.833e-05,129185499356.281
1978-01-07T14:25:02,0.01662,1.662e-05,117133824293.58376
1978-01-07T14:39:17,0.27097,0.00027097,1909732392829.867
1978-01-07T14:40:46,0.17439,0.00017439,1229059423499.2822
1978-01-07T14:40:50,0.22916,0.00022916,1615065413665.322
1978-01-07T14:40:53,0.14208,0.00014208000000000002,1001346194683.0555
1978-01-07T14:41:57,0.01589,1.5890000000000002e-05,111988957161.55511
1978-01-07T14:42:25,0.04167,4.167e-05,293680292317.3066
1978-01-07T14:42:50,0.03423,3.4229999999999996e-05,241244934149.78168
1978-01-07T14:43:02,0.11782,0.00011782,830367459583.0347
1978-01-07T14:43:02,0.0985,9.850000000000001e-05,694204674664.1396
1978-01-07T14:43:02,0.08235,8.235000000000001e-05,580383299071.999
1978-01-07T14:43:02,0.06885,6.884999999999999e-05,485238495945.44165
1978-01-07T14:43:02,0.05756,5.7560000000000005e-05,405669249478.86176
1978-01-07T14:43:02,0.04834,4.834e-05,340688872825.0204
1978-01-07T14:43:11,0.02694,2.694e-05,189866740461.44083
1978-01-07T14:46:19,0.01877,1.8769999999999998e-05,132286515161.8873
1978-01-07T14:51:42,0.01585,1.585e-05,111707046633.77272
1978-01-07T15:04:35,0.0157,1.57e-05,110649882154.58875
1978-01-07T18:59:48,0.01776,1.7760000000000003e-05,125168274335.38194
1978-01-07T19:07:11,0.02181,2.181e-05,153711715273.34906
1978-01-07T19:13:58,0.02645,2.6450000000000003e-05,186413336496.10654
1978-01-07T19:22:35,0.03222,3.222e-05,227078930128.71652
1978-01-07T19:28:44,0.03866,3.866e-05,272466525101.68158
1978-01-07T19:33:35,0.04696,4.6960000000000004e-05,330962959616.5279
1978-01-07T19:36:57,0.05571,5.571000000000001e-05,392630887568.9261
1978-01-07T19:41:03,0.06597,6.597000000000001e-05,464940937945.10956
1978-01-07T19:57:52,0.0199,1.9900000000000003e-05,140250487571.7399
1978-01-07T20:00:15,0.01694,1.694e-05,119389108515.8429
1978-01-07T20:07:32,0.07395,7.395000000000001e-05,521182088237.6967
1978-01-07T20:08:26,0.01388,1.3880000000000001e-05,97822953140.48994
1978-01-07T21:47:17,0.02031,2.0310000000000004e-05,143140070481.50943
1978-01-07T21:47:33,0.02704,2.7040000000000002e-05,190571516780.89682
1978-01-07T21:48:01,0.01446,1.446e-05,101910655793.33461
1978-01-07T21:49:22,0.03032,3.032e-05,213688180059.05292
1978-01-07T21:49:45,0.01812,1.8120000000000003e-05,127705469085.42348
1978-01-07T21:58:59,0.01234,1.234e-05,86969397820.86786
1978-01-07T22:18:49,0.01254,1.254e-05,88378950459.77982
1978-01-07T22:26:42,0.01203,1.2030000000000002e-05,84784591230.55432
1978-01-07T23:14:19,0.04773,4.7730000000000005e-05,336389737276.339
1978-01-07T23:17:00,0.03988,3.988e-05,281064796199.0445
1978-01-07T23:18:35,0.02576,2.576e-05,181550379891.86026
1978-01-07T23:19:07,0.02134,2.1340000000000002e-05,150399266571.906
1978-01-07T23:23:16,0.03257,3.257e-05,229545647246.81244
1978-01-07T23:24:57,0.03743,3.743e-05,263797776372.37305
1978-01-07T23:30:25,0.03075,3.075e-05,216718718232.71365
1978-01-07T23:30:44,0.02812,2.812e-05,198183101031.02136
1978-01-07T23:50:26,0.01829,1.8290000000000003e-05,128903588828.49863
1978-01-07T23:51:45,0.01609,1.609e-05,113398509800.46707
1978-01-07T23:56:48,0.01362,1.362e-05,95990534709.90437
1978-01-08T00:07:15,0.02799,2.799e-05,197266891815.72864
1978-01-08T00:12:28,0.03406,3.406e-05,240046814406.70654
1978-01-08T00:19:13,0.04403,4.4030000000000004e-05,310313013456.46765
1978-01-08T00:29:58,0.0435,4.35e-05,306577698963.351
1978-01-08T01:14:47,0.0192,1.92e-05,135317053335.54802
1978-01-08T01:28:17,0.01764,1.764e-05,124322542752.03474
1978-01-08T01:41:48,0.01687,1.687e-05,118895765092.22371
1978-01-08T01:53:28,0.01832,1.832e-05,129115021724.33542
1978-01-08T02:03:09,0.02848,2.848e-05,200720295781.0629
1978-01-08T02:03:29,0.02215,2.215e-05,156107954759.49942
1978-01-08T02:10:02,0.05397,5.397e-05,380367779610.39197
1978-01-08T02:11:53,0.03799,3.799e-05,267744523761.32654
1978-01-08T02:12:30,0.04794,4.7940000000000005e-05,337869767547.19653
1978-01-08T02:14:20,0.05911,5.911e-05,416593282430.4294
1978-01-08T02:16:11,0.07495,7.495e-05,528229851432.25653
1978-01-08T02:16:11,0.15068,0.00015068000000000001,1061956958156.2698
1978-01-08T02:17:53,0.10792,0.00010792000000000001,760594603956.8928
1978-01-08T02:18:38,0.18934,0.00018934,1334423483257.9512
1978-01-08T02:19:33,0.0905,9.05e-05,637822569107.6614
1978-01-08T02:21:47,0.23115,0.00023115,1629090462422.496
1978-01-08T02:27:14,0.10868,0.00010868,765950903984.7582
1978-01-08T02:27:50,0.26338,0.00026338,1856239870183.1582
1978-01-08T03:17:34,0.12658,0.00012658,892105865167.3785
1978-01-08T03:29:35,0.09868,9.868000000000001e-05,695473272039.1605
1978-01-08T03:38:39,0.08959,8.959e-05,631409104600.6118
1978-01-08T03:55:38,0.06166,6.166e-05,434565078576.5569
1978-01-08T04:09:09,0.0519,5.19e-05,365778909797.65326
1978-01-08T04:20:12,0.04549,4.549000000000001e-05,320602747720.525
1978-01-08T05:06:51,0.03869,3.8690000000000004e-05,272677957997.51843
1978-01-08T05:29:34,0.02608,2.608e-05,183805664114.11942
1978-01-08T05:39:24,0.02151,2.1510000000000002e-05,151597386314.98117
1978-01-08T05:50:15,0.01748,1.748e-05,123194900640.90517
1978-01-08T05:54:45,0.01581,1.5810000000000003e-05,111425136105.99034
1978-01-08T06:08:15,0.01492,1.492e-05,105152626862.8321
1978-01-08T06:16:51,0.01398,1.398e-05,98527729459.9459
1978-01-08T07:02:17,0.0128,1.2800000000000001e-05,90211368890.36536
1978-01-08T07:06:16,0.53146,0.0005314600000000001,3745604227380.7485
1978-01-08T07:11:29,0.0126,1.26e-05,88801816251.45338
1978-01-08T07:15:11,0.17568,0.00017568,1238151038020.2644
1978-01-08T07:15:23,0.19742,0.00019742000000000002,1391369409869.9944
1978-01-08T07:17:13,0.61591,0.00061591,4340787829161.3223
1978-01-08T07:17:32,0.31142,0.00031141999999999997,2194814414049.8105
1978-01-08T07:18:24,0.42387,0.00042387,2987335385278.0596
1978-01-08T07:19:42,0.51205,0.00051205,3608807143774.342
1978-01-08T07:24:02,0.36548,0.00036548000000000006,2575816492347.7134
1978-01-08T07:28:35,0.10032,0.00010032,707031603678.2385
1978-01-08T07:31:34,0.26193,0.00026193,1846020613551.0466
1978-01-08T07:32:54,0.20147,0.00020147,1419912850807.9617
1978-01-08T07:35:46,0.15457,0.00015457,1089372756983.1072
1978-01-08T07:40:21,0.11871,0.00011871,836639968826.193
1978-01-08T07:41:08,0.09049,9.049000000000001e-05,637752091475.7157
1978-01-08T07:41:43,0.07336,7.336e-05,517023907952.9064
1978-01-08T07:43:13,0.05855,5.855e-05,412646535041.4758
1978-01-08T07:45:16,0.0464,4.6399999999999996e-05,327016212227.5744
1978-01-08T07:45:47,0.03835,3.8350000000000004e-05,270281718511.36807
1978-01-08T07:45:52,0.15112,0.00015112,1065057973961.8759
1978-01-08T07:48:40,0.0284,2.8400000000000003e-05,200156474725.49814
1978-01-08T07:50:10,0.11843,0.00011843,834666595131.7163
1978-01-08T07:50:54,0.02295,2.2950000000000002e-05,161746165315.14728
1978-01-08T07:51:48,0.01938,1.938e-05,136585650710.56879
1978-01-08T08:47:53,0.01108,1.108e-05,78089216195.72252
1978-01-08T09:01:23,0.01007,1.0070000000000002e-05,70970975369.21713
1978-01-08T09:14:54,0.01009,1.009e-05,71111930633.1083
1978-01-08T09:28:24,0.01023,1.023e-05,72098617480.34668
1978-01-08T09:36:23,0.01005,1.005e-05,70830020105.32593
1978-01-08T10:29:11,0.00914,9.14e-06,64416555598.27651
1978-01-08T10:41:03,0.01954,1.954e-05,137713292821.69833
1978-01-08T10:42:05,0.01043,1.043e-05,73508170119.25864
1978-01-08T10:44:12,0.0092,9.2e-06,64839421389.950096
1978-01-08T11:01:44,0.00941,9.41e-06,66319451660.80765
1978-01-08T11:17:23,0.00999,9.990000000000001e-06,70407154313.65234
1978-01-08T11:28:44,0.00988,9.88e-06,69631900362.25075
1978-01-08T11:42:46,0.0094,9.4e-06,66248974028.86205
1978-01-08T11:44:22,0.00741,7.41e-06,52223925271.68807
1978-01-08T11:56:59,0.01105,1.1050000000000001e-05,77877783299.88571
1978-01-08T11:58:50,0.016,1.6e-05,112764211112.95668
1978-01-08T11:58:50,0.01235,1.235e-05,87039875452.81343
1978-01-08T11:58:50,0.01813,1.813e-05,127775946717.36906
1978-01-08T13:10:40,0.01,1e-05,70477631945.59793
1978-01-08T13:21:06,0.01432,1.432e-05,100923968946.09622
1978-01-08T13:21:43,0.01746,1.746e-05,123053945377.01398
1978-01-08T13:22:19,0.02491,2.4910000000000004e-05,175559781176.48447
1978-01-08T13:22:42,0.02029,2.029e-05,142999115217.6182
1978-01-08T13:23:13,0.03173,3.173e-05,223625526163.38223
1978-01-08T13:23:17,0.01065,1.065e-05,75058678022.0618
1978-01-08T13:23:33,0.04211,4.211e-05,296781308122.9129
1978-01-08T13:38:31,0.01007,1.0070000000000002e-05,70970975369.21713
1978-01-08T13:43:59,0.01113,1.113e-05,78441604355.45049
1978-01-08T13:51:52,0.01007,1.0070000000000002e-05,70970975369.21713
1978-01-08T14:01:00,0.00986,9.86e-06,69490945098.35956
1978-01-08T14:33:50,0.01124,1.124e-05,79216858306.85208
1978-01-08T14:37:53,0.01233,1.233e-05,86898920188.92226
1978-01-08T14:46:47,0.01162,1.162e-05,81895008320.7848
1978-01-08T14:59:57,0.01349,1.3490000000000001e-05,95074325494.6116
1978-01-08T15:10:32,0.01552,1.552e-05,109381284779.568
1978-01-08T15:47:13,0.04571,4.571e-05,322153255623.3281
1978-01-08T15:50:59,0.06013,6.013e-05,423782000888.8803
1978-01-08T15:53:58,0.06834,6.834e-05,481644136716.21625
1978-01-08T16:11:47,0.07732,7.732e-05,544933050203.36316
1978-01-08T16:13:00,0.11506,0.00011506,810915633166.0498
1978-01-08T16:13:00,0.09698,9.698e-05,683492074608.4087
1978-01-08T16:13:48,0.26026,0.00026026,1834250849016.1318
1978-01-08T16:14:14,0.33856,0.00033856,2386090707150.1636
1978-01-08T16:14:14,0.18335,0.00018335,1292207381722.538
1978-01-08T16:14:51,0.21957,0.00021957,1547477364629.4934
1978-01-08T16:15:06,0.14578,0.00014578,1027422918502.9266
1978-01-08T16:43:05,0.08019,8.019e-05,565160130571.7498
1978-01-08T16:43:53,0.06209,6.209e-05,437595616750.2175
1978-01-08T16:45:33,0.1015,0.00010150000000000001,715347964247.8191
1978-01-08T16:51:41,0.07782,7.782e-05,548456931800.64307
1978-01-08T16:51:41,0.06669,6.669e-05,470015327445.1926
1978-01-08T16:55:48,0.0517,5.17e-05,364369357158.74133
1978-01-08T17:09:58,0.05219,5.219e-05,367822761124.0756
1978-01-08T17:16:04,0.0659,6.59e-05,464447594521.4904
1978-01-08T17:26:55,0.0523,5.23e-05,368598015075.4771
1978-01-08T17:30:59,0.04586,4.586e-05,323210420102.5121
1978-01-08T17:38:26,0.06971,6.971e-05,491299572292.7631
1978-01-08T17:39:34,0.09359,9.359e-05,659600157378.851
1978-01-08T17:48:22,0.07308,7.308000000000001e-05,515050534258.42975
1978-01-08T17:54:31,0.06073,6.073e-05,428010658805.6162
1978-01-08T18:09:08,0.04134,4.134e-05,291354530463.10187
1978-01-08T18:17:14,0.03749,3.749e-05,264220642164.04666
1978-01-08T18:22:48,0.02003,2.003e-05,141166696787.03265
1978-01-08T18:22:51,0.04271,4.2709999999999996e-05,301009966039.64874
1978-01-08T18:24:14,0.02436,2.436e-05,171683511419.47656
1978-01-08T18:25:59,0.03075,3.075e-05,216718718232.71365
1978-01-08T18:34:57,0.03643,3.6429999999999995e-05,256750013177.81323
1978-01-08T18:35:27,0.04568,4.5679999999999996e-05,321941822727.4913
1978-01-08T18:44:55,0.02826,2.826e-05,199169787878.25974
1978-01-08T18:48:49,0.02313,2.313e-05,163014762690.168
1978-01-08T18:58:56,0.03035,3.035e-05,213899612954.8897
1978-01-08T19:00:29,0.0235,2.3500000000000002e-05,165622435072.15515
1978-01-08T19:03:04,0.01924,1.9240000000000002e-05,135598963863.33043
1978-01-08T19:03:04,0.03904,3.904e-05,275144675115.6143
1978-01-08T19:03:53,0.01151,1.151e-05,81119754369.38322
1978-01-08T19:05:12,0.01458,1.458e-05,102756387376.68178
1978-01-08T19:05:32,0.04827,4.8270000000000004e-05,340195529401.40125
1978-01-08T19:06:23,0.00999,9.990000000000001e-06,70407154313.65234
1978-01-08T19:07:59,0.06068,6.068e-05,427658270645.88824
1978-01-08T19:09:13,0.07438,7.438e-05,524212626411.3574
1978-01-08T19:37:27,0.10369,0.00010369,730782565643.9049
1978-01-08T19:47:17,0.14569,0.00014569,1026788619815.4161
1978-01-08T19:49:00,0.12894,0.00012894,908738586306.5397
1978-01-08T19:49:44,0.19529,0.00019529,1376357674265.582
1978-01-08T19:49:44,0.16354,0.00016354,1152591192838.3086
1978-01-08T19:50:00,0.25157,0.00025157,1773005786855.4072
1978-01-08T19:51:03,0.10306,0.00010306,726342474831.3323
1978-01-08T19:52:22,0.07362,7.362e-05,518856326383.492
1978-01-08T19:58:20,0.05959,5.959e-05,419976208763.81805
1978-01-08T19:58:57,0.09777,9.777e-05,689059807532.1108
1978-01-08T20:03:51,0.04586,4.586e-05,323210420102.5121
1978-01-08T20:06:19,0.03772,3.772e-05,265841627698.79535
1978-01-08T20:11:19,0.03117,3.117e-05,219678778774.42874
1978-01-08T20:16:37,0.02573,2.573e-05,181338946996.02344
1978-01-08T20:25:11,0.02097,2.097e-05,147791594189.91888
1978-01-08T20:33:02,0.01802,1.802e-05,127000692765.96748
1978-01-08T20:35:10,0.04738,4.738e-05,333923020158.2429
1978-01-08T20:37:46,0.02895,2.895e-05,204032744482.506
1978-01-08T20:38:26,0.06238,6.238e-05,439639468076.63983
1978-01-08T20:38:31,0.03766,3.766e-05,265418761907.12183
1978-01-08T20:38:51,0.0505,5.05e-05,355912041325.26953
1978-01-08T20:38:51,0.17249,0.00017249,1215668673429.6187
1978-01-08T20:38:51,0.13807,0.00013807,973084664272.8706
1978-01-08T20:39:18,0.08144,8.144e-05,573969834564.9495
1978-01-08T20:39:20,0.1179,0.0001179,830931280638.5996
1978-01-08T20:39:28,0.10142,0.00010142,714784143192.2542
1978-01-08T20:40:10,0.02262,2.262e-05,159420403460.94254
1978-01-08T20:40:21,0.233,0.00023300000000000003,1642128824332.432
1978-01-08T20:44:12,0.01398,1.398e-05,98527729459.9459
1978-01-08T21:25:15,0.01286,1.286e-05,90634234682.03894
1978-01-08T21:28:25,0.01182,1.182e-05,83304560959.69676
1978-01-09T09:53:10,0.04006,4.006e-05,282333393574.0653
1978-01-09T09:53:10,0.03312,3.3119999999999995e-05,233421917003.8203
1978-01-09T09:53:23,0.01573,1.573e-05,110861315050.42555
1978-01-09T09:53:47,0.02739,2.739e-05,193038233898.9927
1978-01-09T09:53:47,0.02288,2.288e-05,161252821891.52805
1978-01-09T09:53:47,0.01911,1.9109999999999998e-05,134682754648.03763
1978-01-09T09:54:08,0.0126,1.26e-05,88801816251.45338
1978-01-09T09:55:45,0.00958,9.58e-06,67517571403.88282
1978-01-09T10:05:33,0.01123,1.1230000000000001e-05,79146380674.90648
1978-01-09T10:08:27,0.02835,2.835e-05,199804086565.77014
1978-01-09T10:08:27,0.02283,2.283e-05,160900433731.80005
1978-01-09T10:08:27,0.01924,1.9240000000000002e-05,135598963863.33043
1978-01-09T10:08:27,0.01593,1.593e-05,112270867689.33751
1978-01-09T10:09:40,0.0133,1.33e-05,93735250487.64523
1978-01-09T10:13:11,0.00969,9.69e-06,68292825355.28439
1978-01-09T10:18:56,0.01109,1.1089999999999999e-05,78159693827.6681
1978-01-09T10:25:53,0.01551,1.551e-05,109310807147.62238
1978-01-09T10:26:05,0.03294,3.294e-05,232153319628.7996
1978-01-09T10:26:10,0.06692,6.691999999999999e-05,471636312979.9413
1978-01-09T10:26:10,0.0541,5.41e-05,381283988825.6848
1978-01-09T10:26:18,0.02817,2.817e-05,198535489190.74936
1978-01-09T10:26:23,0.02185,2.1850000000000003e-05,153993625801.13147
1978-01-09T10:26:24,0.00986,9.86e-06,69490945098.35956
1978-01-09T10:26:31,0.04395,4.3950000000000004e-05,309749192400.90295
1978-01-09T10:28:11,0.01158,1.1580000000000001e-05,81613097793.00241
1978-01-09T11:12:00,0.02005,2.005e-05,141307652050.92383
1978-01-09T11:14:27,0.02953,2.953e-05,208120447135.35068
1978-01-09T11:14:27,0.02341,2.341e-05,164988136384.64478
1978-01-09T11:14:27,0.08143,8.143e-05,573899356933.0039
1978-01-09T11:14:27,0.06802,6.802e-05,479388852493.9571
1978-01-09T11:14:27,0.05682,5.682e-05,400453904714.8874
1978-01-09T11:14:27,0.04692,4.6920000000000005e-05,330681049088.7455
1978-01-09T11:14:27,0.03971,3.9710000000000004e-05,279866676455.9694
1978-01-09T11:15:23,0.10436,0.00010436,735504566984.26
1978-01-09T11:31:04,0.01095,1.095e-05,77173006980.42973
1978-01-09T11:32:03,0.01865,1.865e-05,131440783578.54013
1978-01-09T11:32:31,0.02726,2.726e-05,192122024683.69995
1978-01-09T11:32:47,0.02158,2.158e-05,152090729738.60034
1978-01-09T11:33:03,0.0424,4.24e-05,298825159449.3352
1978-01-09T11:34:00,0.07504,7.504e-05,528864150119.76685
1978-01-09T11:34:17,0.05888,5.8880000000000005e-05,414972296895.68066
1978-01-09T11:41:21,0.01078,1.078e-05,75974887237.35457
1978-01-09T11:45:37,0.03185,3.185e-05,224471257746.72943
1978-01-09T11:47:27,0.0411,4.1099999999999996e-05,289663067296.4075
1978-01-09T11:47:27,0.01288,1.288e-05,90775189945.93013
1978-01-09T13:53:42,0.0218,2.18e-05,153641237641.40347
1978-01-09T16:14:40,0.03635,3.635e-05,256186192122.24847
1978-01-09T16:14:52,0.04448,4.448e-05,313484506894.0196
1978-01-09T16:17:26,0.02719,2.719e-05,191628681260.08075
1978-01-09T16:17:34,0.02192,2.192e-05,154486969224.75067
1978-01-09T16:18:11,0.01808,1.808e-05,127423558557.64105
1978-01-09T16:18:33,0.01468,1.468e-05,103461163696.13776
1978-01-09T16:20:01,0.01347,1.347e-05,94933370230.72041
1978-01-09T17:44:34,0.04514,4.514e-05,318136030602.4291
1978-01-09T17:44:58,0.08334,8.334e-05,587360584634.6132
1978-01-09T17:44:58,0.06933,6.933e-05,488621422278.83044
1978-01-09T17:45:03,0.03543,3.5430000000000005e-05,249702249983.2535
1978-01-09T17:45:05,0.05879,5.8790000000000005e-05,414337998208.1703
1978-01-09T17:45:29,0.02307,2.307e-05,162591896898.49442
1978-01-09T17:46:11,0.0287,2.87e-05,202270803683.86606
1978-01-09T17:54:08,0.01084,1.0840000000000001e-05,76397753029.02817
1978-01-09T18:07:35,0.01092,1.0919999999999999e-05,76961574084.59293
1978-01-09T18:21:01,0.01182,1.182e-05,83304560959.69676
1978-01-09T18:32:26,0.01191,1.1910000000000001e-05,83938859647.20714
1978-01-09T18:47:55,0.01174,1.1740000000000001e-05,82740739904.13197
1978-01-09T19:01:21,0.01058,1.058e-05,74565334598.44261
1978-01-09T19:14:48,0.01047,1.047e-05,73790080647.04103
1978-01-09T19:28:46,0.00994,9.94e-06,70054766153.92433
1978-01-09T19:41:41,0.01029,1.0290000000000001e-05,72521483272.02028
1978-01-09T19:55:08,0.00999,9.990000000000001e-06,70407154313.65234
1978-01-09T20:08:35,0.00982,9.820000000000001e-06,69209034570.57716
1978-01-09T20:19:35,0.01026,1.026e-05,72310050376.18349
1978-01-09T20:48:21,0.02112,2.112e-05,148848758669.10284
1978-01-09T20:55:38,0.01541,1.541e-05,108606030828.16641
1978-01-09T20:56:04,0.01861,1.8610000000000003e-05,131158873050.75777
1978-01-09T20:56:51,0.01184,1.184e-05,83445516223.58794
1978-01-09T20:57:28,0.022,2.2e-05,155050790280.31546
1978-01-09T21:01:28,0.00997,9.97e-06,70266199049.76112
1978-01-09T21:15:48,0.01064,1.064e-05,74988200390.1162
1978-01-09T21:29:15,0.01047,1.047e-05,73790080647.04103
1978-01-09T21:43:29,0.01011,1.011e-05,71252885896.99951
1978-01-09T21:48:12,0.01137,1.137e-05,80133067522.14484
1978-01-09T22:01:02,0.0093,9.299999999999999e-06,65544197709.40607
1978-01-09T22:08:22,0.00861,8.61e-06,60681241105.15982
1978-01-09T22:21:48,0.00932,9.32e-06,65685152973.29728
1978-01-09T22:34:38,0.00932,9.32e-06,65685152973.29728
1978-01-09T22:54:48,0.01054,1.054e-05,74283424070.66022
1978-01-10T13:50:38,0.00733,7.33e-06,51660104216.12328
1978-01-10T13:50:38,0.00868,8.68e-06,61174584528.779
1978-01-10T13:55:25,0.00991,9.91e-06,69843333258.08755
1978-01-10T16:24:48,0.0078,7.8e-06,54972552917.56638
1978-01-10T16:41:23,0.00784,7.84e-06,55254463445.34877
1978-01-10T16:59:50,0.00985,9.849999999999999e-06,69420467466.41396
1978-01-10T19:36:35,0.0144,1.44e-05,101487790001.66103
1978-01-10T20:10:23,0.00854,8.540000000000001e-06,60187897681.54064
1978-01-10T20:10:23,0.0102,1.02e-05,71887184584.50989
1978-01-10T20:11:37,0.01443,1.443e-05,101699222897.49782
1978-01-10T20:12:51,0.01207,1.2070000000000001e-05,85066501758.3367
1978-01-10T20:37:26,0.0066,6.6e-06,46515237084.094635
1978-01-11T01:23:05,0.01054,1.054e-05,74283424070.66022
1978-01-11T01:29:26,0.01574,1.5740000000000002e-05,110931792682.37115
1978-01-11T01:29:26,0.01319,1.319e-05,92959996536.24367
1978-01-11T01:30:03,0.01867,1.867e-05,131581738842.43132
1978-01-11T01:30:20,0.02449,2.449e-05,172599720634.76932
1978-01-11T01:30:40,0.03161,3.161e-05,222779794580.03503
1978-01-11T01:36:13,0.01039,1.039e-05,73226259591.47624
1978-01-11T01:49:46,0.01009,1.009e-05,71111930633.1083
1978-01-11T02:03:18,0.00938,9.38e-06,66108018764.970856
1978-01-11T02:04:32,0.08536,8.536000000000001e-05,601597066287.624
1978-01-11T02:04:47,0.06924,6.924e-05,487987123591.32
1978-01-11T02:06:28,0.05606,5.606e-05,395097604687.022
1978-01-11T02:08:14,0.0508,5.08e-05,358026370283.6375
1978-01-11T02:16:51,0.00871,8.710000000000001e-06,61386017424.6158
1978-01-11T02:30:24,0.00941,9.41e-06,66319451660.80765
1978-01-11T02:43:05,0.00946,9.46e-06,66671839820.53564
1978-01-11T02:57:29,0.01029,1.0290000000000001e-05,72521483272.02028
1978-01-11T03:10:34,0.01153,1.153e-05,81260709633.2744
1978-01-11T03:24:35,0.01337,1.337e-05,94228593911.26443
1978-01-11T03:38:08,0.01274,1.274e-05,89788503098.69177
1978-01-11T03:51:40,0.01133,1.133e-05,79851156994.36244
1978-01-11T04:05:13,0.01041,1.041e-05,73367214855.36745
1978-01-11T04:21:38,0.00987,9.87e-06,69561422730.30516
1978-01-11T04:34:46,0.00981,9.81e-06,69138556938.63156
1978-01-11T04:49:28,0.01087,1.087e-05,76609185924.86494
1978-01-11T04:52:52,0.01513,1.5129999999999999e-05,106632657133.68967
1978-01-11T04:53:15,0.02746,2.7459999999999998e-05,193531577322.6119
1978-01-11T04:53:15,0.02186,2.186e-05,154064103433.07706
1978-01-11T04:53:15,0.01936,1.9359999999999998e-05,136444695446.67758
1978-01-11T04:54:04,0.01164,1.164e-05,82035963584.67598
1978-01-11T05:04:03,0.00984,9.84e-06,69349989834.46837
1978-01-11T05:16:38,0.00989,9.89e-06,69702377994.19635
1978-01-11T05:29:06,0.00962,9.620000000000001e-06,67799481931.665215
1978-01-11T05:37:34,0.00835,8.35e-06,58848822674.574265
1978-01-11T05:51:07,0.00837,8.370000000000001e-06,58989777938.46548
1978-01-11T06:01:37,0.00819,8.19e-06,57721180563.444695
1978-01-11T06:10:12,0.00904,9.04e-06,63711779278.820526
1978-01-11T06:11:24,0.00972,9.72e-06,68504258251.121185
1978-01-11T06:17:55,0.00892,8.920000000000001e-06,62866047695.47336
1978-01-11T06:27:41,0.00854,8.540000000000001e-06,60187897681.54064
1978-01-11T09:16:46,0.0084,8.4e-06,59201210834.30225
1978-01-11T09:21:20,0.04632,4.6320000000000004e-05,326452391172.00964
1978-01-11T09:22:39,0.0228,2.2800000000000002e-05,160689000835.9633
1978-01-11T09:22:55,0.03243,3.243e-05,228558960399.57407
1978-01-11T09:23:32,0.01633,1.633e-05,115089972967.16142
1978-01-11T09:29:34,0.00841,8.41e-06,59271688466.24786
1978-01-11T09:38:19,0.00843,8.43e-06,59412643730.13906
1978-01-11T10:44:12,0.00792,7.92e-06,55818284500.91357
1978-01-11T10:51:03,0.01417,1.417e-05,99866804466.91226
1978-01-11T10:51:35,0.01824,1.8239999999999998e-05,128551200668.7706
1978-01-11T10:51:58,0.01009,1.009e-05,71111930633.1083
1978-01-11T10:57:45,0.0085,8.500000000000002e-06,59905987153.758255
1978-01-11T11:07:52,0.00854,8.540000000000001e-06,60187897681.54064
1978-01-11T11:15:27,0.00548,5.48e-06,38621742306.18767
1978-01-11T11:17:38,0.00606,6.0600000000000004e-06,42709444959.03235
1978-01-11T13:06:35,0.00917,9.17e-06,64627988494.1133
1978-01-11T13:19:10,0.00936,9.36e-06,65967063501.079666
1978-01-11T13:32:23,0.00976,9.76e-06,68786168778.90358
1978-01-11T13:46:27,0.00927,9.270000000000001e-06,65332764813.56929
1978-01-11T13:58:50,0.00914,9.14e-06,64416555598.27651
1978-01-11T14:13:32,0.00821,8.210000000000001e-06,57862135827.33591
1978-01-11T14:25:42,0.0081,8.1e-06,57086881875.934326
1978-01-11T14:40:38,0.00806,8.059999999999999e-06,56804971348.151924
1978-01-11T14:54:11,0.00797,7.97e-06,56170672660.64155
1978-01-11T15:07:43,0.00768,7.680000000000001e-06,54126821334.219215
1978-01-11T15:21:16,0.00768,7.680000000000001e-06,54126821334.219215
1978-01-11T15:34:49,0.00763,7.63e-06,53774433174.49122
1978-01-11T15:48:22,0.00708,7.080000000000001e-06,49898163417.48334
1978-01-11T16:01:54,0.00764,7.64e-06,53844910806.43681
1978-01-11T16:15:27,0.00731,7.3099999999999995e-06,51519148952.23208
1978-01-12T12:41:49,0.00569,5.69e-06,40101772577.04522
1978-01-12T13:14:35,0.0055,5.5e-06,38762697570.078865
1978-01-12T20:38:01,0.00667,6.67e-06,47008580507.71381
1978-01-12T21:00:46,0.00673,6.73e-06,47431446299.387405
1978-01-12T21:11:12,0.00644,6.44e-06,45387594972.965065
1978-01-12T21:54:50,0.00637,6.37e-06,44894251549.34589
1978-01-12T22:08:21,0.00633,6.3299999999999995e-06,44612341021.563484
1978-01-12T22:18:48,0.00616,6.1599999999999995e-06,43414221278.48832
1978-01-12T22:34:09,0.00717,7.17e-06,50532462104.99371
1978-01-12T23:04:53,0.00577,5.77e-06,40665593632.61
1978-01-12T23:19:48,0.0061,6.100000000000001e-06,42991355486.81474
1978-01-12T23:35:47,0.00708,7.080000000000001e-06,49898163417.48334
1978-01-12T23:41:55,0.00865,8.65e-06,60963151632.942215
1978-01-12T23:47:53,0.01098,1.098e-05,77384439876.26653
1978-01-13T00:06:21,0.01302,1.302e-05,91761876793.1685
1978-01-13T00:19:03,0.01222,1.222e-05,86123666237.52068
1978-01-13T00:23:00,0.01124,1.124e-05,79216858306.85208
1978-01-13T00:29:35,0.00791,7.91e-06,55747806868.967964
1978-01-13T00:39:53,0.00707,7.07e-06,49827685785.537735
1978-01-13T00:41:18,0.00617,6.17e-06,43484698910.43393
1978-01-13T00:55:49,0.00641,6.41e-06,45176162077.12827
1978-01-13T01:09:40,0.00685,6.8500000000000005e-06,48277177882.73458
1978-01-13T01:19:07,0.00748,7.4799999999999995e-06,52717268695.30724
1978-01-13T01:35:39,0.00694,6.9400000000000005e-06,48911476570.24497
1978-01-13T01:53:25,0.00696,6.96e-06,49052431834.13616
1978-01-13T02:18:04,0.01076,1.076e-05,75833931973.46338
1978-01-13T02:18:17,0.00938,9.38e-06,66108018764.970856
1978-01-13T02:20:08,0.00506,5.060000000000001e-06,35661681764.47256
1978-01-13T02:21:00,0.00805,8.050000000000001e-06,56734493716.20634
1978-01-13T02:21:42,0.00657,6.570000000000001e-06,46303804188.25784
1978-01-13T02:36:19,0.00669,6.69e-06,47149535771.60501
1978-01-13T02:49:48,0.00707,7.07e-06,49827685785.537735
1978-01-13T03:03:17,0.00789,7.889999999999999e-06,55606851605.07676
1978-01-13T03:20:32,0.01228,1.228e-05,86546532029.19424
1978-01-13T03:20:35,0.00989,9.89e-06,69702377994.19635
1978-01-13T03:29:17,0.0108,1.0800000000000002e-05,76115842501.24579
1978-01-13T03:43:53,0.01049,1.049e-05,73931035910.93222
1978-01-13T03:46:50,0.01175,1.1750000000000001e-05,82811217536.07758
1978-01-13T03:53:24,0.01031,1.031e-05,72662438535.91145
1978-01-13T04:00:28,0.0092,9.2e-06,64839421389.950096
1978-01-13T04:11:55,0.00889,8.890000000000001e-06,62654614799.636566
1978-01-13T04:25:24,0.00841,8.41e-06,59271688466.24786
1978-01-13T04:38:52,0.00812,8.12e-06,57227837139.82552
1978-01-13T04:52:21,0.00812,8.12e-06,57227837139.82552
1978-01-13T05:05:50,0.00788,7.88e-06,55536373973.13117
1978-01-13T05:19:40,0.00742,7.420000000000001e-06,52294402903.63367
1978-01-13T05:33:39,0.00682,6.82e-06,48065744986.89779
1978-01-13T05:45:38,0.00673,6.73e-06,47431446299.387405
1978-01-13T05:52:24,0.00998,9.98e-06,70336676681.70673
1978-01-13T05:58:32,0.00885,8.85e-06,62372704271.85417
1978-01-13T06:06:01,0.00968,9.679999999999999e-06,68222347723.33879
1978-01-13T06:17:32,0.0091,9.100000000000001e-06,64134645070.494125
1978-01-13T06:28:34,0.00762,7.62e-06,53703955542.545616
1978-01-13T06:41:26,0.0067,6.7e-06,47220013403.55061
1978-01-13T06:54:55,0.00652,6.52e-06,45951416028.529854
1978-01-13T07:08:23,0.00587,5.8700000000000005e-06,41370369952.06599
1978-01-13T07:21:52,0.00571,5.7099999999999995e-06,40242727840.93641
1978-01-13T07:41:53,0.00482,4.82e-06,33970218597.7782
1978-01-13T07:57:25,0.00486,4.86e-06,34252129125.560593
1978-01-13T08:10:54,0.00513,5.13e-06,36155025188.09174
1978-01-13T08:24:23,0.00536,5.36e-06,37776010722.84049
1978-01-13T08:38:22,0.00549,5.49e-06,38692219938.13326
1978-01-13T08:48:26,0.00658,6.58e-06,46374281820.20344
1978-01-13T08:58:41,0.00821,8.210000000000001e-06,57862135827.33591
1978-01-13T09:12:10,0.00775,7.75e-06,54620164757.838394
1978-01-13T09:25:39,0.00802,8.02e-06,56523060820.36954
1978-01-13T09:41:35,0.00808,8.08e-06,56945926612.04314
1978-01-13T09:55:04,0.00755,7.5500000000000006e-06,53210612118.926445
1978-01-13T10:03:39,0.00736,7.360000000000001e-06,51871537111.96008
1978-01-13T10:28:00,0.00737,7.37e-06,51942014743.90567
1978-01-13T10:42:52,0.00738,7.3800000000000005e-06,52012492375.85127
1978-01-13T10:56:21,0.00761,7.61e-06,53633477910.60003
1978-01-13T11:09:49,0.00713,7.13e-06,50250551577.21133
1978-01-13T11:23:18,0.00653,6.53e-06,46021893660.47545
1978-01-13T11:36:47,0.00644,6.44e-06,45387594972.965065
1978-01-13T11:50:16,0.00652,6.52e-06,45951416028.529854
1978-01-13T12:03:45,0.00612,6.12e-06,43132310750.70593
1978-01-13T12:17:14,0.00607,6.07e-06,42779922590.97795
1978-01-13T12:30:43,0.00566,5.66e-06,39890339681.20843
1978-01-13T12:44:11,0.00513,5.13e-06,36155025188.09174
1978-01-13T12:54:37,0.00479,4.79e-06,33758785701.94141
1978-01-13T13:12:23,0.00458,4.58e-06,32278755431.083855
1978-01-13T13:25:52,0.00452,4.52e-06,31855889639.410263
1978-01-13T13:39:20,0.00438,4.38e-06,30869202792.171894
1978-01-13T13:49:09,0.00402,4.0200000000000005e-06,28332008042.13037
1978-01-13T14:14:47,0.01464,1.464e-05,103179253168.35536
1978-01-13T14:33:16,0.00432,4.32e-06,30446337000.498306
1978-01-13T14:42:22,0.00417,4.17e-06,29389172521.31434
1978-01-13T14:49:12,0.01296,1.296e-05,91339011001.49492
1978-01-13T14:50:42,0.01024,1.024e-05,72169095112.29228
1978-01-13T14:50:44,0.00794,7.939999999999999e-06,55959239764.80474
1978-01-13T14:51:14,0.00612,6.12e-06,43132310750.70593
1978-01-13T14:51:18,0.01457,1.457e-05,102685909744.73618
1978-01-13T14:55:09,0.00526,5.26e-06,37071234403.38451
1978-01-13T15:02:04,0.00505,5.05e-06,35591204132.526955
1978-01-13T16:16:13,0.0056,5.6e-06,39467473889.53484
1978-01-13T16:19:43,0.00663,6.63e-06,46726669979.93143
1978-01-13T16:27:02,0.00515,5.15e-06,36295980451.98293
1978-01-13T16:30:55,0.00861,8.61e-06,60681241105.15982
1978-01-13T16:31:13,0.00652,6.52e-06,45951416028.529854
1978-01-13T16:37:30,0.00519,5.19e-06,36577890979.76533
1978-01-13T16:43:59,0.00486,4.86e-06,34252129125.560593
1978-01-13T19:29:51,0.00614,6.14e-06,43273266014.59712
1978-01-13T19:42:43,0.00674,6.740000000000001e-06,47501923931.333015
1978-01-13T19:51:55,0.00782,7.820000000000001e-06,55113508181.457596
1978-01-13T19:53:03,0.00919,9.19e-06,64768943758.00449
1978-01-13T20:05:31,0.01102,1.1020000000000001e-05,77666350404.04892
1978-01-13T20:08:57,0.01911,1.9109999999999998e-05,134682754648.03763
1978-01-13T20:09:04,0.01447,1.447e-05,101981133425.28021
1978-01-13T20:09:14,0.02545,2.5450000000000002e-05,179365573301.54675
1978-01-13T20:12:45,0.01175,1.1750000000000001e-05,82811217536.07758
1978-01-13T20:15:19,0.0089,8.9e-06,62725092431.58215
1978-01-13T20:31:08,0.00779,7.79e-06,54902075285.62078
1978-01-13T20:37:15,0.00628,6.28e-06,44259952861.835495
1978-01-13T20:44:22,0.00583,5.83e-06,41088459424.28359
1978-01-13T20:56:47,0.00579,5.7900000000000005e-06,40806548896.501205
1978-01-13T21:05:26,0.00658,6.58e-06,46374281820.20344
1978-01-13T21:06:56,0.00405,4.05e-06,28543440937.967163
1978-01-13T21:07:43,0.00523,5.230000000000001e-06,36859801507.54772
1978-01-13T21:12:48,0.00382,3.82e-06,26922455403.218407
1978-01-13T21:23:39,0.00658,6.58e-06,46374281820.20344
1978-01-13T21:31:11,0.00546,5.459999999999999e-06,38480787042.29646
1978-01-13T21:34:15,0.00507,5.07e-06,35732159396.418144
1978-01-14T02:51:21,0.00521,5.21e-06,36718846243.65652
1978-01-14T02:53:48,0.00753,7.530000000000001e-06,53069656855.03524
1978-01-14T02:55:53,0.00927,9.270000000000001e-06,65332764813.56929
1978-01-14T02:57:34,0.01626,1.626e-05,114596629543.54224
1978-01-14T02:57:34,0.00633,6.3299999999999995e-06,44612341021.563484
1978-01-14T02:59:13,0.01076,1.076e-05,75833931973.46338
1978-01-14T05:31:45,0.00477,4.77e-06,33617830438.050213
1978-01-14T05:46:27,0.00398,3.98e-06,28050097514.347977
1978-01-14T06:04:50,0.00412,4.12e-06,29036784361.586346
1978-01-14T06:32:21,0.0048,4.8e-06,33829263333.887005
1978-01-14T06:45:50,0.00486,4.86e-06,34252129125.560593
1978-01-14T06:58:41,0.00539,5.39e-06,37987443618.677284
1978-01-14T07:20:07,0.00529,5.29e-06,37282667299.221306
1978-01-14T07:33:35,0.00497,4.97e-06,35027383076.962166
1978-01-14T07:47:03,0.00488,4.88e-06,34393084389.45179
1978-01-14T08:00:09,0.00447,4.47e-06,31503501479.682278
1978-01-14T08:11:57,0.00459,4.59e-06,32349233063.02945
1978-01-14T08:27:27,0.00506,5.060000000000001e-06,35661681764.47256
1978-01-14T08:38:28,0.00492,4.92e-06,34674994917.234184
1978-01-14T08:54:23,0.00441,4.41e-06,31080635688.008686
1978-01-14T09:09:36,0.00437,4.37e-06,30798725160.22629
1978-01-14T09:21:19,0.00446,4.4600000000000005e-06,31433023847.73668
1978-01-14T09:36:50,0.00468,4.68e-06,32983531750.539833
1978-01-14T09:48:16,0.00512,5.12e-06,36084547556.14614
1978-01-14T10:01:44,0.00554,5.54e-06,39044608097.86126
1978-01-14T10:15:12,0.00559,5.590000000000001e-06,39396996257.58925
1978-01-14T10:28:40,0.00493,4.93e-06,34745472549.17978
1978-01-14T10:40:23,0.00501,5.0099999999999995e-06,35309293604.74456
1978-01-14T10:56:16,0.00465,4.6499999999999995e-06,32772098854.703033
1978-01-14T11:02:33,0.00528,5.28e-06,37212189667.27571
1978-01-14T11:04:31,0.00676,6.7600000000000005e-06,47642879195.224205
1978-01-14T11:05:48,0.00986,9.86e-06,69490945098.35956
1978-01-14T11:15:12,0.0125,1.25e-05,88097039931.99742
1978-01-14T11:21:15,0.01059,1.059e-05,74635812230.3882
1978-01-14T11:33:42,0.00821,8.210000000000001e-06,57862135827.33591
1978-01-14T11:44:35,0.00623,6.2300000000000005e-06,43907564702.10751
1978-01-14T11:55:05,0.00497,4.97e-06,35027383076.962166
1978-01-14T12:09:04,0.00543,5.43e-06,38269354146.45967
1978-01-14T12:22:10,0.00472,4.7200000000000005e-06,33265442278.322224
1978-01-14T12:36:00,0.00478,4.780000000000001e-06,33688308069.995815
1978-01-14T12:49:28,0.00406,4.06e-06,28613918569.91276
1978-01-14T13:01:43,0.00415,4.15e-06,29248217257.42314
1978-01-14T13:11:45,0.00477,4.77e-06,33617830438.050213
1978-01-14T13:20:42,0.01155,1.155e-05,81401664897.1656
1978-01-14T13:21:13,0.0099,9.900000000000002e-06,69772855626.14197
1978-01-14T13:22:32,0.00787,7.870000000000001e-06,55465896341.18558
1978-01-14T13:22:32,0.00655,6.550000000000001e-06,46162848924.366646
1978-01-14T13:25:25,0.00514,5.14e-06,36225502820.03733
1978-01-14T13:33:18,0.00509,5.09e-06,35873114660.30934
1978-01-14T13:44:34,0.00505,5.05e-06,35591204132.526955
1978-01-14T13:57:26,0.00538,5.38e-06,37916965986.73169
1978-01-14T14:09:53,0.0063,6.3e-06,44400908125.72669
1978-01-14T14:23:45,0.00669,6.69e-06,47149535771.60501
1978-01-14T14:37:13,0.00668,6.68e-06,47079058139.659424
1978-01-14T14:50:41,0.00579,5.7900000000000005e-06,40806548896.501205
1978-01-14T15:04:09,0.00527,5.27e-06,37141712035.33011
1978-01-14T15:17:38,0.00483,4.83e-06,34040696229.7238
1978-01-14T15:31:06,0.00456,4.5599999999999995e-06,32137800167.19265
1978-01-14T15:44:34,0.00465,4.6499999999999995e-06,32772098854.703033
1978-01-14T15:58:51,0.00463,4.63e-06,32631143590.81184
1978-01-14T16:13:20,0.00453,4.530000000000001e-06,31926367271.35587
1978-01-14T16:18:17,0.00378,3.78e-06,26640544875.436016
1978-01-14T17:14:33,0.01852,1.852e-05,130524574363.24736
1978-01-14T17:14:54,0.01565,1.565e-05,110297493994.86078
1978-01-14T17:15:22,0.01244,1.244e-05,87674174140.32382
1978-01-14T17:15:25,0.007,7e-06,49334342361.91855
1978-01-14T17:17:00,0.00595,5.950000000000001e-06,41934191007.630775
1978-01-14T17:19:33,0.00471,4.71e-06,33194964646.376625
1978-01-14T17:21:34,0.00422,4.22e-06,29741560681.042328
1978-01-14T17:35:59,0.00445,4.45e-06,31362546215.791077
1978-01-14T17:49:27,0.00424,4.24e-06,29882515944.93352
1978-01-14T17:56:16,0.03225,3.2250000000000005e-05,227290363024.55334
1978-01-14T17:57:28,0.04131,4.131e-05,291143097567.2651
1978-01-14T17:58:01,0.0528,5.28e-05,372121896672.7571
1978-01-14T17:59:15,0.06407,6.407e-05,451550187875.4459
1978-01-14T18:22:31,0.00419,4.1900000000000005e-06,29530127785.205536
1978-01-14T18:30:40,0.06149,6.149000000000001e-05,433366958833.4817
1978-01-14T18:35:06,0.08223,8.223e-05,579537567488.6517
1978-01-14T18:36:40,0.00446,4.4600000000000005e-06,31433023847.73668
1978-01-14T18:47:50,0.0054,5.400000000000001e-06,38057921250.622894
1978-01-14T19:01:42,0.00602,6.02e-06,42427534431.24995
1978-01-14T19:03:44,0.04115,4.115e-05,290015455456.13544
1978-01-14T19:04:38,0.03504,3.504e-05,246953622337.37515
1978-01-14T19:15:10,0.00688,6.88e-06,48488610778.57138
1978-01-14T19:28:38,0.00744,7.440000000000001e-06,52435358167.524864
1978-01-14T19:42:35,0.00775,7.75e-06,54620164757.838394
1978-01-14T19:55:34,0.00772,7.72e-06,54408731862.00161
1978-01-14T20:06:35,0.00699,6.99e-06,49263864729.97295
1978-01-14T20:12:06,0.04336,4.3360000000000005e-05,305591012116.1127
1978-01-14T20:12:56,0.0301,3.01e-05,212137672156.24976
1978-01-14T20:24:05,0.02964,2.964e-05,208895701086.7523
1978-01-14T20:28:37,0.00681,6.81e-06,47995267354.95219
1978-01-14T20:42:06,0.00701,7.01e-06,49404819993.86414
1978-01-14T20:55:34,0.00692,6.92e-06,48770521306.35377
1978-01-14T21:09:02,0.0064,6.4000000000000006e-06,45105684445.18268
1978-01-14T21:22:30,0.00575,5.75e-06,40524638368.71881
1978-01-14T21:34:08,0.02592,2.592e-05,182678022002.98984
1978-01-14T21:34:32,0.00504,5.04e-06,35520726500.58135
1978-01-14T21:35:30,0.0152,1.52e-05,107126000557.30885
1978-01-14T21:35:43,0.02008,2.008e-05,141519084946.76065
1978-01-14T21:41:09,0.01059,1.059e-05,74635812230.3882
1978-01-14T21:46:59,0.00497,4.97e-06,35027383076.962166
1978-01-14T22:06:35,0.00452,4.52e-06,31855889639.410263
1978-01-14T22:15:09,0.00445,4.45e-06,31362546215.791077
1978-01-14T22:46:43,0.04097,4.097e-05,288746858081.11475
1978-01-14T22:47:28,0.0293,2.93e-05,206499461600.60193
1978-01-14T22:48:12,0.02371,2.3709999999999998e-05,167102465343.01266
1978-01-14T22:48:49,0.01979,1.979e-05,139475233620.3383
1978-01-14T22:53:06,0.00408,4.080000000000001e-06,28754873833.80396
1978-01-14T23:01:04,0.00401,4.01e-06,28261530410.18477
1978-01-15T12:34:14,0.00504,5.04e-06,35520726500.58135
1978-01-15T12:57:59,0.00531,5.31e-06,37423622563.112495
1978-01-15T13:21:17,0.0243,2.4299999999999998e-05,171260645627.80295
1978-01-15T13:21:32,0.01289,1.289e-05,90845667577.87573
1978-01-15T13:21:39,0.02137,2.137e-05,150610699467.7428
1978-01-15T13:21:54,0.01675,1.675e-05,118050033508.87654
1978-01-15T13:21:57,0.00592,5.92e-06,41722758111.79397
1978-01-15T13:22:31,0.00784,7.84e-06,55254463445.34877
1978-01-15T14:34:56,0.00689,6.89e-06,48559088410.516975
1978-01-15T15:03:16,0.00574,5.74e-06,40454160736.77322
1978-01-15T15:22:59,0.00511,5.11e-06,36014069924.20054
1978-01-15T15:38:17,0.00487,4.87e-06,34322606757.50619
1978-01-15T15:50:04,0.0048,4.8e-06,33829263333.887005
1978-01-15T15:58:42,0.00485,4.85e-06,34181651493.614994
1978-01-15T16:33:03,0.00494,4.94e-06,34815950181.125374
1978-01-15T16:46:44,0.00486,4.86e-06,34252129125.560593
1978-01-15T16:59:40,0.00449,4.49e-06,31644456743.57347
1978-01-15T17:21:50,0.00488,4.88e-06,34393084389.45179
1978-01-15T17:37:14,0.00474,4.74e-06,33406397542.213417
1978-01-15T18:02:26,0.00412,4.12e-06,29036784361.586346
1978-01-15T18:48:40,0.00387,3.87e-06,27274843562.9464
1978-01-15T19:41:38,0.00391,3.910000000000001e-06,27556754090.728798
1978-01-15T20:08:44,0.00396,3.96e-06,27909142250.456783
1978-01-15T20:22:16,0.0041,4.1000000000000006e-06,28895829097.695152
1978-01-15T20:34:35,0.00416,4.16e-06,29318694889.36874
1978-01-15T20:47:44,0.02914,2.914e-05,205371819489.47235
1978-01-15T20:48:08,0.02548,2.548e-05,179577006197.38354
1978-01-15T20:48:19,0.03675,3.675e-05,259005297400.0724
1978-01-15T20:48:58,0.05037,5.037e-05,354995832109.97675
1978-01-15T20:49:05,0.01903,1.903e-05,134118933592.47285
1978-01-15T20:51:13,0.01493,1.4930000000000001e-05,105223104494.77773
1978-01-15T20:51:25,0.01213,1.213e-05,85489367550.0103
1978-01-15T20:52:27,0.01034,1.0340000000000001e-05,72873871431.74826
1978-01-15T20:52:39,0.00796,7.96e-06,56100195028.69595
1978-01-15T20:52:55,0.00586,5.86e-06,41299892320.12039
1978-01-15T20:53:57,0.00423,4.23e-06,29812038312.987923
1978-01-15T21:12:09,0.0036,3.6e-06,25371947500.415257
1978-01-15T21:58:00,0.01008,1.008e-05,71041453001.1627
1978-01-15T21:58:58,0.01478,1.478e-05,104165940015.59375
1978-01-15T21:58:58,0.01291,1.291e-05,90986622841.76692
1978-01-15T22:00:12,0.00563,5.6299999999999995e-06,39678906785.37163
1978-01-15T22:00:17,0.00454,4.54e-06,31996844903.301456
1978-01-15T22:00:36,0.00702,7.0200000000000006e-06,49475297625.809746
1978-01-15T22:06:47,0.00408,4.080000000000001e-06,28754873833.80396
1978-01-15T22:32:50,0.00393,3.9300000000000005e-06,27697709354.61999
1978-01-15T23:01:54,0.00365,3.65e-06,25724335660.143246
1978-01-15T23:15:56,0.00363,3.63e-06,25583380396.252045
1978-01-15T23:29:29,0.00362,3.62e-06,25512902764.30645
1978-01-15T23:39:21,0.00407,4.07e-06,28684396201.858356
1978-01-15T23:43:02,0.00456,4.5599999999999995e-06,32137800167.19265
1978-01-16T00:03:12,0.00426,4.26e-06,30023471208.824715
1978-01-16T00:13:26,0.00426,4.26e-06,30023471208.824715
1978-01-16T00:25:45,0.00412,4.12e-06,29036784361.586346
1978-01-16T00:28:13,0.00267,2.6700000000000003e-06,18817527729.47465
1978-01-16T01:39:39,0.00401,4.01e-06,28261530410.18477
1978-01-16T01:56:53,0.00389,3.89e-06,27415798826.837593
1978-01-16T02:07:21,0.0038,3.8e-06,26781500139.327213
1978-01-16T03:09:01,0.00724,7.24e-06,51025805528.6129
1978-01-16T03:20:37,0.00678,6.7799999999999995e-06,47783834459.115395
1978-01-16T03:31:05,0.00536,5.36e-06,37776010722.84049
1978-01-16T03:45:15,0.00442,4.42e-06,31151113319.954285
1978-01-16T03:58:48,0.00401,4.01e-06,28261530410.18477
1978-01-16T04:06:11,0.00383,3.83e-06,26992933035.164005
1978-01-16T05:36:05,0.00354,3.5400000000000004e-06,24949081708.74167
1978-01-16T05:45:56,0.00354,3.5400000000000004e-06,24949081708.74167
1978-01-16T13:54:49,0.00314,3.14e-06,22129976430.917747
1978-01-16T14:13:17,0.0033,3.3e-06,23257618542.047318
1978-01-16T14:21:55,0.00335,3.35e-06,23610006701.775307
1978-01-16T14:41:00,0.00322,3.22e-06,22693797486.482533
1978-01-16T16:49:41,0.00447,4.47e-06,31503501479.682278
1978-01-16T19:05:46,0.00395,3.95e-06,27838664618.511185
1978-01-16T19:19:18,0.00383,3.83e-06,26992933035.164005
1978-01-16T19:37:10,0.00383,3.83e-06,26992933035.164005
1978-01-16T19:48:39,0.00381,3.81e-06,26851977771.272808
1978-01-16T20:04:15,0.00348,3.48e-06,24526215917.06808
1978-01-16T20:18:39,0.00343,3.4299999999999998e-06,24173827757.340088
1978-01-16T20:27:07,0.00373,3.73e-06,26288156715.708027
1978-01-16T20:53:31,0.00481,4.8100000000000005e-06,33899740965.832607
1978-01-16T21:08:05,0.00394,3.94e-06,27768186986.565586
1978-01-16T21:17:32,0.00367,3.67e-06,25865290924.03444
1978-01-16T21:37:51,0.00402,4.0200000000000005e-06,28332008042.13037
1978-01-16T21:46:28,0.00381,3.81e-06,26851977771.272808
1978-01-16T22:22:11,0.0032,3.2000000000000003e-06,22552842222.59134
1978-01-16T22:35:43,0.00315,3.15e-06,22200454062.863346
1978-01-16T22:49:16,0.00318,3.18e-06,22411886958.70014
1978-01-16T23:02:49,0.00315,3.15e-06,22200454062.863346
1978-01-16T23:16:22,0.00322,3.22e-06,22693797486.482533
1978-01-16T23:26:13,0.00341,3.41e-06,24032872493.448895
1978-01-17T01:54:47,0.00528,5.28e-06,37212189667.27571
1978-01-17T03:13:03,0.00278,2.78e-06,19592781680.876225
1978-01-17T03:40:15,0.00301,3.01e-06,21213767215.624973
1978-01-17T03:53:45,0.00305,3.0500000000000004e-06,21495677743.40737
1978-01-17T04:07:14,0.00332,3.32e-06,23398573805.93851
1978-01-17T04:21:05,0.00339,3.3899999999999997e-06,23891917229.557697
1978-01-17T04:34:13,0.00339,3.3899999999999997e-06,23891917229.557697
1978-01-17T04:46:29,0.00322,3.22e-06,22693797486.482533
1978-01-17T05:17:09,0.00325,3.25e-06,22905230382.319324
1978-01-17T05:24:30,0.00316,3.1600000000000002e-06,22270931694.80895
1978-01-17T05:45:21,0.003,3e-06,21143289583.67938
1978-01-17T05:56:24,0.00298,2.9800000000000003e-06,21002334319.788185
1978-01-17T08:25:40,0.00485,4.85e-06,34181651493.614994
1978-01-17T08:27:15,0.00627,6.27e-06,44189475229.88991
1978-01-17T08:41:58,0.00511,5.11e-06,36014069924.20054
1978-01-17T08:53:37,0.00538,5.38e-06,37916965986.73169
1978-01-17T10:30:30,0.00497,4.97e-06,35027383076.962166
1978-01-17T10:42:46,0.00694,6.9400000000000005e-06,48911476570.24497
1978-01-17T10:57:29,0.00493,4.93e-06,34745472549.17978
1978-01-17T11:05:21,0.00393,3.9300000000000005e-06,27697709354.61999
1978-01-17T11:14:24,0.06648,6.648e-05,468535297174.335
1978-01-17T11:15:53,0.04024,4.024e-05,283601990949.08606
1978-01-17T11:16:06,0.03243,3.243e-05,228558960399.57407
1978-01-17T11:16:18,0.05057,5.057e-05,356405384748.88873
1978-01-17T11:16:30,0.0037,3.7e-06,26076723819.871235
1978-01-17T11:17:07,0.02706,2.7060000000000002e-05,190712472044.788
1978-01-17T11:17:07,0.02361,2.361e-05,166397689023.5567
1978-01-17T20:51:06,0.00695,6.9499999999999995e-06,48981954202.19055
1978-01-17T21:19:19,0.00514,5.14e-06,36225502820.03733
1978-01-17T22:06:32,0.00347,3.4700000000000002e-06,24455738285.122486
1978-01-17T22:21:03,0.00348,3.48e-06,24526215917.06808
1978-01-17T22:28:07,0.00803,8.030000000000001e-06,56593538452.31515
1978-01-17T22:28:51,0.00558,5.58e-06,39326518625.64365
1978-01-17T22:29:06,0.00648,6.48e-06,45669505500.74746
1978-01-17T22:29:13,0.01158,1.1580000000000001e-05,81613097793.00241
1978-01-17T22:29:30,0.00433,4.33e-06,30516814632.4439
1978-01-17T22:33:31,0.00341,3.41e-06,24032872493.448895
1978-01-17T22:55:35,0.00331,3.31e-06,23328096173.992916
1978-01-17T23:03:34,0.00335,3.35e-06,23610006701.775307
1978-01-17T23:18:54,0.00411,4.11e-06,28966306729.640747
1978-01-17T23:29:07,0.00432,4.32e-06,30446337000.498306
1978-01-18T00:05:52,0.00479,4.79e-06,33758785701.94141
1978-01-18T00:26:40,0.00445,4.45e-06,31362546215.791077
1978-01-18T00:40:08,0.00434,4.34e-06,30587292264.3895
1978-01-18T00:53:36,0.00425,4.250000000000001e-06,29952993576.879128
1978-01-18T01:07:05,0.00426,4.26e-06,30023471208.824715
1978-01-18T01:20:33,0.00426,4.26e-06,30023471208.824715
1978-01-18T01:34:01,0.00442,4.42e-06,31151113319.954285
1978-01-18T01:46:52,0.00466,4.66e-06,32842576486.64864
1978-01-18T02:02:10,0.00481,4.8100000000000005e-06,33899740965.832607
1978-01-18T02:15:38,0.00475,4.75e-06,33476875174.15902
1978-01-18T02:29:06,0.0052,5.2e-06,36648368611.71092
1978-01-18T02:42:06,0.00641,6.41e-06,45176162077.12827
1978-01-18T02:49:58,0.00698,6.98e-06,49193387098.02736
1978-01-18T02:54:49,0.00642,6.42e-06,45246639709.073875
1978-01-18T03:05:50,0.00538,5.38e-06,37916965986.73169
1978-01-18T03:18:05,0.00454,4.54e-06,31996844903.301456
1978-01-18T03:31:33,0.00448,4.4799999999999995e-06,31573979111.627865
1978-01-18T03:45:01,0.00458,4.58e-06,32278755431.083855
1978-01-18T03:58:29,0.00499,4.99e-06,35168338340.85336
1978-01-18T04:11:57,0.00495,4.950000000000001e-06,34886427813.070984
1978-01-18T04:22:49,0.00538,5.38e-06,37916965986.73169
1978-01-18T04:26:01,0.0067,6.7e-06,47220013403.55061
1978-01-18T04:37:48,0.00934,9.34e-06,65826108237.18847
1978-01-18T04:42:44,0.00744,7.440000000000001e-06,52435358167.524864
1978-01-18T04:51:07,0.00601,6.01e-06,42357056799.30436
1978-01-18T04:59:05,0.00554,5.54e-06,39044608097.86126
1978-01-18T05:09:11,0.0287,2.87e-05,202270803683.86606
1978-01-18T05:09:29,0.02168,2.1680000000000002e-05,152795506058.05634
1978-01-18T05:09:51,0.01804,1.804e-05,127141648029.85866
1978-01-18T05:09:54,0.01505,1.505e-05,106068836078.12488
1978-01-18T05:10:53,0.03601,3.601e-05,253789952636.09818
1978-01-18T05:11:19,0.05109,5.109000000000001e-05,360070221610.0598
1978-01-18T05:11:19,0.04478,4.478e-05,315598835852.3876
1978-01-18T05:11:19,0.02384,2.3840000000000002e-05,168018674558.30548
1978-01-18T05:32:45,0.00607,6.07e-06,42779922590.97795
1978-01-18T05:45:36,0.00529,5.29e-06,37282667299.221306
1978-01-18T05:53:48,0.00452,4.52e-06,31855889639.410263
1978-01-18T06:07:02,0.00435,4.35e-06,30657769896.3351
1978-01-18T06:20:30,0.0046,4.6e-06,32419710694.975048
1978-01-18T06:31:31,0.00531,5.31e-06,37423622563.112495
1978-01-18T06:42:32,0.0059,5.9e-06,41581802847.90278
1978-01-18T06:56:00,0.00568,5.680000000000001e-06,40031294945.099625
1978-01-18T07:09:28,0.00558,5.58e-06,39326518625.64365
1978-01-18T07:22:56,0.00539,5.39e-06,37987443618.677284
1978-01-18T07:36:24,0.00508,5.0800000000000005e-06,35802637028.363754
1978-01-18T07:49:52,0.00548,5.48e-06,38621742306.18767
1978-01-18T08:04:34,0.00471,4.71e-06,33194964646.376625
1978-01-18T08:18:02,0.00455,4.5500000000000005e-06,32067322535.247063
1978-01-18T08:31:30,0.00502,5.02e-06,35379771236.69016
1978-01-18T08:44:58,0.00515,5.15e-06,36295980451.98293
1978-01-18T08:58:26,0.00479,4.79e-06,33758785701.94141
1978-01-18T09:10:40,0.00453,4.530000000000001e-06,31926367271.35587
1978-01-18T09:31:29,0.0049,4.9e-06,34534039653.34299
1978-01-18T09:44:57,0.00528,5.28e-06,37212189667.27571
1978-01-18T09:58:25,0.00526,5.26e-06,37071234403.38451
1978-01-18T10:11:53,0.00542,5.420000000000001e-06,38198876514.514084
1978-01-18T10:25:21,0.00519,5.19e-06,36577890979.76533
1978-01-18T10:38:49,0.0056,5.6e-06,39467473889.53484
1978-01-18T10:52:17,0.00516,5.16e-06,36366458083.92853
1978-01-18T11:05:45,0.00469,4.69e-06,33054009382.485428
1978-01-18T11:19:13,0.00464,4.6400000000000005e-06,32701621222.757442
1978-01-18T11:29:38,0.00449,4.49e-06,31644456743.57347
1978-01-18T12:19:13,0.00483,4.83e-06,34040696229.7238
1978-01-18T12:30:51,0.00463,4.63e-06,32631143590.81184
1978-01-18T19:28:20,0.00527,5.27e-06,37141712035.33011
1978-01-19T03:07:54,0.00574,5.74e-06,40454160736.77322
1978-01-19T03:21:28,0.00611,6.11e-06,43061833118.76034
1978-01-19T03:50:48,0.00637,6.37e-06,44894251549.34589
1978-01-19T03:51:41,0.02226,2.226e-05,156883208710.90097
1978-01-19T03:52:10,0.02529,2.529e-05,178237931190.41718
1978-01-19T03:52:18,0.00786,7.860000000000001e-06,55395418709.23998
1978-01-19T03:52:18,0.01338,1.338e-05,94299071543.21002
1978-01-19T03:52:35,0.01727,1.7270000000000002e-05,121714870370.04764
1978-01-19T03:55:23,0.00936,9.36e-06,65967063501.079666
1978-01-19T03:55:47,0.01078,1.078e-05,75974887237.35457
1978-01-19T04:12:28,0.00662,6.62e-06,46656192347.98583
1978-01-19T04:24:59,0.00559,5.590000000000001e-06,39396996257.58925
1978-01-19T04:36:05,0.00555,5.55e-06,39115085729.806854
1978-01-19T04:54:20,0.00573,5.73e-06,40383683104.827614
1978-01-19T05:03:50,0.00571,5.7099999999999995e-06,40242727840.93641
1978-01-19T05:10:32,0.00998,9.98e-06,70336676681.70673
1978-01-19T05:14:56,0.01826,1.8259999999999998e-05,128692155932.6618
1978-01-19T05:15:12,0.01321,1.321e-05,93100951800.13487
1978-01-19T05:15:58,0.00764,7.64e-06,53844910806.43681
1978-01-19T05:18:01,0.00613,6.13e-06,43202788382.65153
1978-01-19T05:31:35,0.00597,5.97e-06,42075146271.52196
1978-01-19T05:33:49,0.00489,4.890000000000001e-06,34463562021.39739
1978-01-19T05:35:17,0.00407,4.07e-06,28684396201.858356
1978-01-19T06:03:39,0.00334,3.34e-06,23539529069.829712
1978-01-19T06:04:17,0.00408,4.080000000000001e-06,28754873833.80396
1978-01-19T06:05:31,0.00558,5.58e-06,39326518625.64365
1978-01-19T06:10:34,0.00681,6.81e-06,47995267354.95219
1978-01-19T06:24:38,0.00704,7.04e-06,49616252889.70094
1978-01-19T06:35:12,0.00621,6.210000000000001e-06,43766609438.216324
1978-01-19T06:49:18,0.00613,6.13e-06,43202788382.65153
1978-01-19T07:02:15,0.00637,6.37e-06,44894251549.34589
1978-01-19T07:12:59,0.01611,1.611e-05,113539465064.35826
1978-01-19T07:13:14,0.01972,1.972e-05,138981890196.71912
1978-01-19T07:13:58,0.0103,1.03e-05,72591960903.96587
1978-01-19T07:14:35,0.01358,1.358e-05,95708624182.122
1978-01-19T07:15:27,0.00792,7.92e-06,55818284500.91357
1978-01-19T07:21:01,0.007,7e-06,49334342361.91855
1978-01-19T07:39:52,0.0068,6.8e-06,47924789723.00659
1978-01-19T07:53:26,0.00686,6.8599999999999995e-06,48347655514.680176
1978-01-19T08:07:00,0.00695,6.9499999999999995e-06,48981954202.19055
1978-01-19T08:20:34,0.00676,6.7600000000000005e-06,47642879195.224205
1978-01-19T08:34:08,0.00668,6.68e-06,47079058139.659424
1978-01-19T08:47:42,0.00661,6.61e-06,46585714716.04023
1978-01-19T09:01:17,0.00692,6.92e-06,48770521306.35377
1978-01-19T09:14:51,0.00734,7.34e-06,51730581848.06888
1978-01-19T09:28:25,0.00781,7.81e-06,55043030549.511986
1978-01-19T09:41:59,0.00761,7.61e-06,53633477910.60003
1978-01-19T09:55:33,0.00809,8.09e-06,57016404243.98872
1978-01-19T10:09:07,0.00787,7.870000000000001e-06,55465896341.18558
1978-01-19T10:19:31,0.00837,8.370000000000001e-06,58989777938.46548
1978-01-19T10:21:27,0.01677,1.677e-05,118190988772.76773
1978-01-19T10:23:55,0.01067,1.0670000000000001e-05,75199633285.953
1978-01-19T10:24:53,0.01296,1.296e-05,91339011001.49492
1978-01-19T10:25:09,0.01162,1.162e-05,81895008320.7848
1978-01-19T10:38:43,0.00977,9.77e-06,68856646410.84917
1978-01-19T10:52:17,0.0092,9.2e-06,64839421389.950096
1978-01-19T11:06:23,0.00951,9.509999999999999e-06,67024227980.263626
1978-01-19T11:20:23,0.00917,9.17e-06,64627988494.1133
1978-01-19T11:32:59,0.00894,8.94e-06,63007002959.364555
1978-01-19T11:46:55,0.00916,9.16e-06,64557510862.16771
1978-01-19T12:00:08,0.00806,8.059999999999999e-06,56804971348.151924
1978-01-19T12:13:42,0.0071,7.100000000000001e-06,50039118681.374535
1978-01-19T12:15:49,0.00487,4.87e-06,34322606757.50619
1978-01-19T12:17:07,0.00607,6.07e-06,42779922590.97795
1978-01-19T12:18:01,0.00408,4.080000000000001e-06,28754873833.80396
1978-01-19T12:29:44,0.00731,7.3099999999999995e-06,51519148952.23208
1978-01-19T12:43:18,0.00734,7.34e-06,51730581848.06888
1978-01-19T12:56:52,0.00765,7.65e-06,53915388438.382416
1978-01-19T13:10:41,0.00779,7.79e-06,54902075285.62078
1978-01-19T13:24:00,0.00718,7.18e-06,50602939736.93931
1978-01-19T13:37:34,0.00717,7.17e-06,50532462104.99371
1978-01-19T13:58:32,0.00678,6.7799999999999995e-06,47783834459.115395
1978-01-19T14:10:21,0.00791,7.91e-06,55747806868.967964
1978-01-19T14:22:35,0.00761,7.61e-06,53633477910.60003
1978-01-19T14:40:28,0.00763,7.63e-06,53774433174.49122
1978-01-19T14:54:03,0.00814,8.14e-06,57368792403.71671
1978-01-19T15:05:24,0.01011,1.011e-05,71252885896.99951
1978-01-19T15:05:38,0.02392,2.392e-05,168582495613.87024
1978-01-19T15:05:38,0.01642,1.6420000000000002e-05,115724271654.67181
1978-01-19T15:05:46,0.01334,1.334e-05,94017161015.42763
1978-01-19T15:05:46,0.03692,3.692e-05,260203417143.14752
1978-01-19T15:05:46,0.02841,2.841e-05,200226952357.4437
1978-01-19T15:05:46,0.05792,5.792e-05,408206444228.9032
1978-01-19T15:05:46,0.04839,4.839e-05,341041260984.7484
1978-01-19T15:05:51,0.01984,1.984e-05,139827621780.06628
1978-01-19T15:08:51,0.00807,8.07e-06,56875448980.097534
1978-01-19T15:22:25,0.00743,7.43e-06,52364880535.57926
1978-01-19T15:35:59,0.00743,7.43e-06,52364880535.57926
1978-01-19T15:49:33,0.00741,7.41e-06,52223925271.68807
1978-01-19T15:58:11,0.00741,7.41e-06,52223925271.68807
1978-01-19T16:17:55,0.00737,7.37e-06,51942014743.90567
1978-01-19T16:35:36,0.0076,7.6e-06,53563000278.65443
1978-01-19T16:41:21,0.01996,1.996e-05,140673353363.41345
1978-01-19T16:41:53,0.01244,1.244e-05,87674174140.32382
1978-01-19T16:41:58,0.01605,1.6049999999999997e-05,113116599272.68466
1978-01-19T16:42:35,0.01061,1.061e-05,74776767494.2794
1978-01-19T16:43:09,0.00833,8.330000000000002e-06,58707867410.68309
1978-01-19T16:51:45,0.00769,7.69e-06,54197298966.1648
1978-01-19T17:10:29,0.00876,8.76e-06,61738405584.34379
1978-01-19T18:16:20,0.00714,7.139999999999999e-06,50321029209.15692
1978-01-19T18:29:54,0.0075,7.5e-06,52858223959.19845
1978-01-19T18:43:28,0.00784,7.84e-06,55254463445.34877
1978-01-19T18:58:05,0.00812,8.12e-06,57227837139.82552
1978-01-19T19:10:03,0.00839,8.39e-06,59130733202.35666
1978-01-19T19:24:43,0.00895,8.949999999999999e-06,63077480591.31014
1978-01-19T19:32:04,0.01621,1.621e-05,114244241383.81424
1978-01-19T19:32:04,0.01357,1.357e-05,95638146550.17639
1978-01-19T19:32:11,0.02091,2.091e-05,147368728398.24527
1978-01-19T19:32:11,0.0111,1.11e-05,78230171459.61371
1978-01-19T19:32:11,0.02742,2.7420000000000002e-05,193249666794.82953
1978-01-19T19:37:44,0.0088,8.8e-06,62020316112.12618
1978-01-19T19:51:45,0.0077,7.7e-06,54267776598.11041
1978-01-19T19:59:32,0.00717,7.17e-06,50532462104.99371
1978-01-19T20:04:34,0.00818,8.18e-06,57650702931.49911
1978-01-19T20:18:26,0.00794,7.939999999999999e-06,55959239764.80474
1978-01-19T20:32:00,0.00769,7.69e-06,54197298966.1648
1978-01-19T20:35:53,0.00613,6.13e-06,43202788382.65153
1978-01-19T20:36:44,0.005,5e-06,35238815972.798965
1978-01-19T20:41:16,0.00777,7.77e-06,54761120021.72959
1978-01-19T22:02:03,0.00776,7.76e-06,54690642389.784
1978-01-19T22:16:18,0.00804,8.040000000000001e-06,56664016084.26074
1978-01-19T22:29:11,0.00794,7.939999999999999e-06,55959239764.80474
1978-01-19T22:42:45,0.00793,7.93e-06,55888762132.85915
1978-01-19T22:56:19,0.00802,8.02e-06,56523060820.36954
1978-01-19T23:09:53,0.00801,8.01e-06,56452583188.423935
1978-01-19T23:24:19,0.00778,7.78e-06,54831597653.675186
1978-01-19T23:30:40,0.00944,9.440000000000001e-06,66530884556.64445
1978-01-19T23:31:16,0.00771,7.71e-06,54338254230.05601
1978-01-19T23:33:56,0.01122,1.1220000000000001e-05,79075903042.96088
1978-01-20T03:37:30,0.0045,4.5e-06,31714934375.51907
1978-01-20T11:01:49,0.01019,1.0189999999999999e-05,71816706952.56427
1978-01-20T11:03:50,0.00813,8.13e-06,57298314771.77112
1978-01-20T11:53:26,0.01761,1.7610000000000002e-05,124111109856.19798
1978-01-20T11:53:41,0.01388,1.3880000000000001e-05,97822953140.48994
1978-01-20T11:54:19,0.01002,1.0019999999999999e-05,70618587209.48912
1978-01-20T12:10:14,0.00865,8.65e-06,60963151632.942215
1978-01-20T12:11:52,0.02861,2.8610000000000002e-05,201636504996.3557
1978-01-20T12:12:05,0.01602,1.602e-05,112905166376.84787
1978-01-20T12:12:29,0.01051,1.0510000000000001e-05,74071991174.82343
1978-01-20T12:12:29,0.02311,2.311e-05,162873807426.27682
1978-01-20T12:12:29,0.01934,1.934e-05,136303740182.7864
1978-01-20T12:13:14,0.01299,1.299e-05,91550443897.3317
1978-01-20T12:23:33,0.00825,8.25e-06,58144046355.11829
1978-01-20T13:14:48,0.01106,1.106e-05,77948260931.83131
1978-01-20T13:15:31,0.03068,3.068e-05,216225374809.09445
1978-01-20T13:16:39,0.01824,1.8239999999999998e-05,128551200668.7706
1978-01-20T13:17:25,0.02327,2.327e-05,164001449537.40637
1978-01-20T13:19:28,0.01312,1.312e-05,92466653112.62448
1978-01-20T13:20:05,0.01531,1.531e-05,107901254508.71043
1978-01-20T13:22:33,0.01081,1.081e-05,76186320133.19136
1978-01-20T13:50:24,0.01201,1.201e-05,84643635966.66312
1978-01-20T13:58:11,0.01246,1.2460000000000001e-05,87815129404.21503
1978-01-20T15:03:20,0.01072,1.072e-05,75552021445.68098
1978-01-20T15:16:51,0.01068,1.0680000000000001e-05,75270110917.8986
1978-01-20T15:29:35,0.01022,1.022e-05,72028139848.40108
1978-01-20T15:43:53,0.0109,1.09e-05,76820618820.70174
1978-01-20T15:55:34,0.0108,1.0800000000000002e-05,76115842501.24579
1978-01-20T16:12:09,0.01138,1.138e-05,80203545154.09044
1978-01-20T16:25:41,0.01067,1.0670000000000001e-05,75199633285.953
1978-01-20T16:39:12,0.0105,1.0500000000000001e-05,74001513542.87782
1978-01-20T16:52:43,0.01078,1.078e-05,75974887237.35457
1978-01-20T17:05:25,0.01022,1.022e-05,72028139848.40108
1978-01-20T17:19:45,0.01084,1.0840000000000001e-05,76397753029.02817
1978-01-20T17:33:17,0.01084,1.0840000000000001e-05,76397753029.02817
1978-01-20T17:46:48,0.01078,1.078e-05,75974887237.35457
1978-01-20T18:00:19,0.01009,1.009e-05,71111930633.1083
1978-01-20T18:11:23,0.0104,1.04e-05,73296737223.42184
1978-01-20T18:45:11,0.01042,1.042e-05,73437692487.31303
1978-01-20T19:03:00,0.01108,1.108e-05,78089216195.72252
1978-01-20T19:16:31,0.01035,1.0350000000000001e-05,72944349063.69386
1978-01-20T19:17:08,0.00792,7.92e-06,55818284500.91357
1978-01-20T19:30:02,0.01082,1.082e-05,76256797765.13695
1978-01-20T19:43:58,0.01046,1.0460000000000001e-05,73719603015.09544
1978-01-20T19:57:05,0.01088,1.0880000000000001e-05,76679663556.81056
1978-01-20T20:10:36,0.01102,1.1020000000000001e-05,77666350404.04892
1978-01-20T20:24:07,0.00972,9.72e-06,68504258251.121185
1978-01-20T20:37:38,0.00875,8.750000000000001e-06,61667927952.39819
1978-01-20T20:51:09,0.0083,8.3e-06,58496434514.84628
1978-01-20T21:04:34,0.00892,8.920000000000001e-06,62866047695.47336
1978-01-20T21:11:58,0.01004,1.004e-05,70759542473.38033
1978-01-20T21:20:39,0.04619,4.619e-05,325536181956.71686
1978-01-20T21:22:42,0.02974,2.974e-05,209600477406.20825
1978-01-20T21:23:07,0.06127,6.127e-05,431816450930.6785
1978-01-20T21:23:07,0.04836,4.8360000000000005e-05,340829828088.9116
1978-01-20T21:23:31,0.01792,1.7919999999999998e-05,126295916446.51146
1978-01-20T21:23:34,0.03888,3.888e-05,274017033004.48474
1978-01-20T21:23:47,0.01026,1.026e-05,72310050376.18349
1978-01-20T21:23:49,0.01424,1.424e-05,100360147890.53145
1978-01-20T21:24:00,0.02178,2.178e-05,153500282377.5123
1978-01-20T21:26:18,0.00794,7.939999999999999e-06,55959239764.80474
1978-01-20T21:31:43,0.01102,1.1020000000000001e-05,77666350404.04892
1978-01-20T21:56:07,0.0107,1.07e-05,75411066181.78976
1978-01-20T21:59:59,0.0358,3.5799999999999996e-05,252309922365.24057
1978-01-20T22:01:13,0.03181,3.1809999999999995e-05,224189347218.947
1978-01-20T22:02:51,0.01315,1.3150000000000001e-05,92678086008.46129
1978-01-20T22:03:40,0.0086,8.6e-06,60610763473.214226
1978-01-20T22:03:47,0.02107,2.107e-05,148496370509.37485
1978-01-20T22:05:49,0.01476,1.4760000000000001e-05,104024984751.70255
1978-01-20T22:06:26,0.01148,1.148e-05,80908321473.54643
1978-01-20T22:06:41,0.01753,1.753e-05,123547288800.63316
1978-01-20T22:14:26,0.01425,1.425e-05,100430625522.47705
1978-01-21T00:04:36,0.01822,1.8220000000000002e-05,128410245404.87944
1978-01-21T00:19:50,0.01196,1.196e-05,84291247806.93512
1978-01-21T00:24:13,0.00969,9.69e-06,68292825355.28439
1978-01-21T00:33:44,0.01038,1.038e-05,73155781959.53065
1978-01-21T00:37:31,0.00907,9.07e-06,63923212174.65732
1978-01-21T00:49:37,0.00944,9.440000000000001e-06,66530884556.64445
1978-01-21T00:54:31,0.00872,8.720000000000001e-06,61456495056.5614
1978-01-21T01:03:42,0.00979,9.790000000000001e-06,68997601674.74039
1978-01-21T02:35:32,0.00746,7.46e-06,52576313431.41605
1978-01-21T02:48:34,0.00766,7.66e-06,53985866070.32801
1978-01-21T03:02:31,0.00763,7.63e-06,53774433174.49122
1978-01-21T03:15:09,0.008,8e-06,56382105556.47834
1978-01-21T03:59:44,0.00889,8.890000000000001e-06,62654614799.636566
1978-01-21T04:14:35,0.00874,8.74e-06,61597450320.45258
1978-01-21T04:25:47,0.009,9e-06,63429868751.03814
1978-01-21T04:31:34,0.00808,8.08e-06,56945926612.04314
1978-01-21T04:44:09,0.00802,8.02e-06,56523060820.36954
1978-01-21T04:57:14,0.00761,7.61e-06,53633477910.60003
1978-01-21T05:04:12,0.00667,6.67e-06,47008580507.71381
1978-01-21T05:08:51,0.00795,7.95e-06,56029717396.75035
1978-01-21T05:58:44,0.00814,8.14e-06,57368792403.71671
1978-01-21T06:12:09,0.00791,7.91e-06,55747806868.967964
1978-01-21T06:24:33,0.00777,7.77e-06,54761120021.72959
1978-01-21T06:39:10,0.00788,7.88e-06,55536373973.13117
1978-01-21T06:52:31,0.00822,8.22e-06,57932613459.281494
1978-01-21T07:04:12,0.00779,7.79e-06,54902075285.62078
1978-01-21T07:07:05,0.00922,9.220000000000002e-06,64980376653.8413
1978-01-21T07:19:00,0.00839,8.39e-06,59130733202.35666
1978-01-21T07:19:50,0.00954,9.54e-06,67235660876.100426
1978-01-21T07:32:29,0.00969,9.69e-06,68292825355.28439
1978-01-21T07:34:10,0.0085,8.500000000000002e-06,59905987153.758255
1978-01-21T07:46:34,0.00831,8.31e-06,58566912146.79188
1978-01-21T08:00:34,0.00811,8.109999999999999e-06,57157359507.87991
1978-01-21T08:13:32,0.00799,7.990000000000001e-06,56311627924.53275
1978-01-21T08:25:22,0.01114,1.114e-05,78512081987.39609
1978-01-21T08:27:00,0.00809,8.09e-06,57016404243.98872
1978-01-21T08:28:14,0.0074,7.4e-06,52153447639.74247
1978-01-21T08:30:12,0.01484,1.4840000000000002e-05,104588805807.26733
1978-01-21T08:36:57,0.01009,1.009e-05,71111930633.1083
1978-01-21T08:37:53,0.00841,8.41e-06,59271688466.24786
1978-01-21T08:39:07,0.01256,1.256e-05,88519905723.67099
1978-01-21T08:44:10,0.01706,1.706e-05,120234840099.19006
1978-01-21T08:51:23,0.01382,1.3820000000000002e-05,97400087348.81635
1978-01-21T09:23:48,0.00936,9.36e-06,65967063501.079666
1978-01-21T09:33:11,0.01086,1.086e-05,76538708292.91934
1978-01-21T09:37:43,0.00889,8.890000000000001e-06,62654614799.636566
1978-01-21T09:44:49,0.00832,8.32e-06,58637389778.73748
1978-01-21T14:54:50,0.00784,7.84e-06,55254463445.34877
1978-01-21T16:54:43,0.00912,9.119999999999999e-06,64275600334.3853
1978-01-21T17:05:29,0.00792,7.92e-06,55818284500.91357
1978-01-21T17:05:57,0.00955,9.55e-06,67306138508.04602
1978-01-21T18:27:26,0.00852,8.52e-06,60046942417.64943
1978-01-21T18:41:46,0.00862,8.619999999999999e-06,60751718737.10541
1978-01-21T18:56:50,0.00614,6.14e-06,43273266014.59712
1978-01-21T18:56:50,0.00767,7.67e-06,54056343702.27361
1978-01-21T20:19:13,0.00515,5.15e-06,36295980451.98293
1978-01-21T20:20:11,0.00953,9.53e-06,67165183244.15483
1978-01-21T20:27:07,0.00788,7.88e-06,55536373973.13117
1978-01-21T20:27:51,0.00615,6.15e-06,43343743646.54273
1978-01-21T20:32:50,0.01111,1.111e-05,78300649091.5593
1978-01-21T20:57:40,0.01019,1.0189999999999999e-05,71816706952.56427
1978-01-21T21:26:10,0.01025,1.025e-05,72239572744.23788
1978-01-21T21:39:39,0.01127,1.127e-05,79428291202.68887
1978-01-21T21:52:05,0.01101,1.1010000000000001e-05,77595872772.10332
1978-01-21T22:06:24,0.01229,1.2290000000000001e-05,86617009661.13986
1978-01-21T22:20:16,0.0107,1.07e-05,75411066181.78976
1978-01-21T22:32:31,0.01276,1.2760000000000001e-05,89929458362.58298
1978-01-21T22:33:44,0.01068,1.0680000000000001e-05,75270110917.8986
1978-01-21T22:47:13,0.01068,1.0680000000000001e-05,75270110917.8986
1978-01-21T22:58:33,0.01129,1.129e-05,79569246466.58006
1978-01-21T23:01:21,0.00956,9.560000000000002e-06,67376616139.99163
1978-01-21T23:14:41,0.00979,9.790000000000001e-06,68997601674.74039
1978-01-21T23:16:38,0.00787,7.870000000000001e-06,55465896341.18558
1978-01-21T23:24:21,0.00621,6.210000000000001e-06,43766609438.216324
1978-01-21T23:27:11,0.00931,9.31e-06,65614675341.35168
1978-01-21T23:33:58,0.00786,7.860000000000001e-06,55395418709.23998
1978-01-21T23:37:28,0.00506,5.060000000000001e-06,35661681764.47256
1978-01-21T23:38:11,0.00609,6.09e-06,42920877854.86914
1978-01-21T23:46:27,0.00831,8.31e-06,58566912146.79188
1978-01-21T23:59:31,0.00893,8.930000000000001e-06,62936525327.41895
1978-01-22T00:06:33,0.00822,8.22e-06,57932613459.281494
1978-01-22T00:20:02,0.00838,8.380000000000001e-06,59060255570.41107
1978-01-22T00:33:31,0.00836,8.36e-06,58919300306.51987
1978-01-22T00:45:55,0.00815,8.15e-06,57439270035.66231
1978-01-22T00:55:45,0.0093,9.299999999999999e-06,65544197709.40607
1978-01-22T00:59:02,0.01015,1.015e-05,71534796424.78189
1978-01-22T01:08:59,0.00943,9.43e-06,66460406924.69884
1978-01-22T01:21:20,0.0092,9.2e-06,64839421389.950096
1978-01-22T01:34:49,0.00912,9.119999999999999e-06,64275600334.3853
1978-01-22T01:47:09,0.00946,9.46e-06,66671839820.53564
1978-01-22T02:00:51,0.00924,9.24e-06,65121331917.73248
1978-01-22T02:15:16,0.00852,8.52e-06,60046942417.64943
1978-01-22T02:20:10,0.0058,5.7999999999999995e-06,40877026528.4468
1978-01-22T02:22:37,0.0075,7.5e-06,52858223959.19845
1978-01-22T02:36:06,0.00892,8.920000000000001e-06,62866047695.47336
1978-01-22T02:49:35,0.00994,9.94e-06,70054766153.92433
1978-01-22T03:03:04,0.01018,1.018e-05,71746229320.61868
1978-01-22T03:16:33,0.01005,1.005e-05,70830020105.32593
1978-01-22T03:30:02,0.01026,1.026e-05,72310050376.18349
1978-01-22T03:43:31,0.00994,9.94e-06,70054766153.92433
1978-01-22T03:57:00,0.00997,9.97e-06,70266199049.76112
1978-01-22T04:10:29,0.01096,1.096e-05,77243484612.37534
1978-01-22T04:23:58,0.01082,1.082e-05,76256797765.13695
1978-01-22T04:37:27,0.01037,1.037e-05,73085304327.58507
1978-01-22T04:50:48,0.01013,1.013e-05,71393841160.8907
1978-01-22T05:04:25,0.01027,1.027e-05,72380528008.12907
1978-01-22T05:17:54,0.01028,1.028e-05,72451005640.07466
1978-01-22T05:31:23,0.00833,8.330000000000002e-06,58707867410.68309
1978-01-22T05:31:53,0.0102,1.02e-05,71887184584.50989
1978-01-22T05:41:08,0.01263,1.2630000000000001e-05,89013249147.29019
1978-01-22T05:43:16,0.0111,1.11e-05,78230171459.61371
1978-01-22T05:43:59,0.00923,9.23e-06,65050854285.78688
1978-01-22T05:55:54,0.00836,8.36e-06,58919300306.51987
1978-01-22T06:06:55,0.0085,8.500000000000002e-06,59905987153.758255
1978-01-22T08:52:24,0.00855,8.550000000000001e-06,60258375313.486244
1978-01-22T09:06:43,0.00901,9.01e-06,63500346382.98374
1978-01-22T09:14:21,0.0089,8.9e-06,62725092431.58215
1978-01-22T09:27:20,0.00849,8.49e-06,59835509521.812645
1978-01-22T10:29:38,0.01159,1.1589999999999999e-05,81683575424.948
1978-01-22T10:33:46,0.01037,1.037e-05,73085304327.58507
1978-01-22T10:49:49,0.01054,1.054e-05,74283424070.66022
1978-01-22T11:01:06,0.01042,1.042e-05,73437692487.31303
1978-01-22T11:14:35,0.01021,1.021e-05,71957662216.45549
1978-01-22T11:23:10,0.01028,1.028e-05,72451005640.07466
1978-01-22T12:45:17,0.01641,1.641e-05,115653794022.7262
1978-01-22T12:46:19,0.01334,1.334e-05,94017161015.42763
1978-01-22T12:48:37,0.01092,1.0919999999999999e-05,76961574084.59293
1978-01-22T16:05:42,0.00996,9.96e-06,70195721417.81554
1978-01-22T16:18:49,0.02901,2.9010000000000002e-05,204455610274.17963
1978-01-22T16:19:48,0.01867,1.867e-05,131581738842.43132
1978-01-22T16:20:24,0.02464,2.4639999999999998e-05,173656885113.95328
1978-01-22T16:20:37,0.01374,1.374e-05,96836266293.25156
1978-01-22T16:21:13,0.00962,9.620000000000001e-06,67799481931.665215
1978-01-22T16:21:38,0.01153,1.153e-05,81260709633.2744
1978-01-22T16:38:11,0.01286,1.286e-05,90634234682.03894
1978-01-22T16:58:24,0.01071,1.071e-05,75481543813.73538
1978-01-22T17:17:09,0.02208,2.208e-05,155614611335.88022
1978-01-22T17:17:32,0.01634,1.634e-05,115160450599.10701
1978-01-22T17:19:05,0.02834,2.834e-05,199733608933.82452
1978-01-22T17:25:10,0.01524,1.524e-05,107407911085.09123
1978-01-22T17:26:39,0.05045,5.045e-05,355559653165.54156
1978-01-22T17:27:13,0.04006,4.006e-05,282333393574.0653
1978-01-22T17:27:31,0.03437,3.437e-05,242231620997.02008
1978-01-22T17:32:36,0.07834,7.834000000000001e-05,552121768661.8142
1978-01-22T17:33:12,0.02613,2.6130000000000002e-05,184158052273.8474
1978-01-22T17:33:39,0.06514,6.514e-05,459091294493.6249
1978-01-22T17:35:11,0.02012,2.012e-05,141800995474.54303
1978-01-22T17:35:11,0.05224,5.224e-05,368175149283.8036
1978-01-22T17:35:11,0.04365,4.3650000000000004e-05,307634863442.535
1978-01-22T17:35:11,0.03647,3.647e-05,257031923705.59567
1978-01-22T17:36:02,0.01251,1.251e-05,88167517563.94301
1978-01-22T17:38:59,0.01537,1.537e-05,108324120300.38402
1978-01-22T17:46:12,0.02389,2.3890000000000003e-05,168371062718.03348
1978-01-22T17:47:26,0.01964,1.9640000000000002e-05,138418069141.15433
1978-01-22T17:47:52,0.01508,1.508e-05,106280268973.96167
1978-01-22T17:48:03,0.0786,7.86e-05,553954187092.3997
1978-01-22T17:49:37,0.04176,4.176e-05,294314591004.81696
1978-01-22T17:49:53,0.06253,6.253e-05,440696632555.82385
1978-01-22T17:49:53,0.05224,5.224e-05,368175149283.8036
1978-01-22T18:52:44,0.00923,9.23e-06,65050854285.78688
1978-01-22T19:04:19,0.0092,9.2e-06,64839421389.950096
1978-01-22T19:14:32,0.00918,9.18e-06,64698466126.0589
1978-01-22T19:24:16,0.00982,9.820000000000001e-06,69209034570.57716
1978-01-22T19:40:49,0.01012,1.0120000000000001e-05,71323363528.94511
1978-01-22T19:52:28,0.00987,9.87e-06,69561422730.30516
1978-01-22T20:12:41,0.01072,1.072e-05,75552021445.68098
1978-01-22T20:24:47,0.00993,9.93e-06,69984288521.97874
1978-01-22T20:39:39,0.00956,9.560000000000002e-06,67376616139.99163
1978-01-22T20:53:08,0.00986,9.86e-06,69490945098.35956
1978-01-22T21:06:37,0.01023,1.023e-05,72098617480.34668
1978-01-22T21:19:33,0.01097,1.097e-05,77313962244.32094
1978-01-22T21:28:04,0.00776,7.76e-06,54690642389.784
1978-01-22T21:30:08,0.00932,9.32e-06,65685152973.29728
1978-01-22T21:35:28,0.01151,1.151e-05,81119754369.38322
1978-01-22T21:46:07,0.06759,6.759e-05,476358314320.2963
1978-01-22T21:46:13,0.01998,1.9980000000000002e-05,140814308627.3047
1978-01-22T21:46:27,0.0166,1.66e-05,116992869029.69257
1978-01-22T21:46:39,0.03771,3.771e-05,265771150066.84982
1978-01-22T21:47:04,0.04709,4.709e-05,331879168831.8206
1978-01-22T21:47:04,0.02573,2.573e-05,181338946996.02344
1978-01-22T21:47:19,0.01344,1.344e-05,94721937334.88362
1978-01-22T21:47:22,0.03152,3.152e-05,222145495892.5247
1978-01-22T22:01:02,0.01162,1.162e-05,81895008320.7848
1978-01-22T22:15:15,0.01047,1.047e-05,73790080647.04103
1978-01-22T22:30:35,0.00981,9.81e-06,69138556938.63156
1978-01-22T22:49:24,0.00903,9.03e-06,63641301646.87493
1978-01-22T23:00:41,0.00987,9.87e-06,69561422730.30516
1978-01-22T23:15:19,0.01069,1.069e-05,75340588549.8442
1978-01-22T23:28:48,0.01077,1.077e-05,75904409605.40898
1978-01-22T23:42:17,0.01032,1.032e-05,72732916167.85706
1978-01-22T23:51:29,0.01054,1.054e-05,74283424070.66022
1978-01-23T00:06:53,0.01413,1.413e-05,99584893939.12987
1978-01-23T00:08:07,0.01159,1.1589999999999999e-05,81683575424.948
1978-01-23T00:19:08,0.00923,9.23e-06,65050854285.78688
1978-01-23T00:32:37,0.0091,9.100000000000001e-06,64134645070.494125
1978-01-23T00:46:05,0.00913,9.129999999999999e-06,64346077966.3309
1978-01-23T01:00:25,0.00923,9.23e-06,65050854285.78688
1978-01-23T01:13:03,0.00823,8.229999999999999e-06,58003091091.22709
1978-01-23T01:24:53,0.0084,8.4e-06,59201210834.30225
1978-01-23T01:25:22,0.00903,9.03e-06,63641301646.87493
1978-01-23T01:31:25,0.00917,9.17e-06,64627988494.1133
1978-01-23T01:37:57,0.0084,8.4e-06,59201210834.30225
1978-01-23T01:53:04,0.00925,9.25e-06,65191809549.67808
1978-01-23T01:55:15,0.00827,8.27e-06,58285001619.00949
1978-01-23T02:09:24,0.00839,8.39e-06,59130733202.35666
1978-01-23T02:20:40,0.00848,8.48e-06,59765031889.86704
1978-01-23T02:36:21,0.00921,9.21e-06,64909899021.89569
1978-01-23T02:47:31,0.00997,9.97e-06,70266199049.76112
1978-01-23T02:53:03,0.01355,1.3549999999999999e-05,95497191286.28519
1978-01-23T02:59:35,0.01243,1.243e-05,87603696508.37823
1978-01-23T03:03:35,0.01,1e-05,70477631945.59793
1978-01-23T03:08:37,0.0104,1.04e-05,73296737223.42184
1978-01-23T03:19:14,0.0097,9.7e-06,68363302987.22999
1978-01-23T03:32:43,0.01006,1.006e-05,70900497737.27151
1978-01-23T03:46:11,0.00964,9.64e-06,67940437195.5564
1978-01-23T03:59:40,0.00947,9.469999999999999e-06,66742317452.48123
1978-01-23T04:11:39,0.01046,1.0460000000000001e-05,73719603015.09544
1978-01-23T04:14:41,0.01243,1.243e-05,87603696508.37823
1978-01-23T04:20:37,0.01084,1.0840000000000001e-05,76397753029.02817
1978-01-23T04:35:12,0.01028,1.028e-05,72451005640.07466
1978-01-23T04:40:48,0.01091,1.091e-05,76891096452.64734
1978-01-23T04:48:40,0.01023,1.023e-05,72098617480.34668
1978-01-23T05:02:09,0.00973,9.730000000000002e-06,68574735883.066795
1978-01-23T05:15:37,0.00981,9.81e-06,69138556938.63156
1978-01-23T05:19:59,0.01044,1.044e-05,73578647751.20424
1978-01-23T05:29:06,0.01015,1.015e-05,71534796424.78189
1978-01-23T05:42:35,0.00985,9.849999999999999e-06,69420467466.41396
1978-01-23T05:56:03,0.00991,9.91e-06,69843333258.08755
1978-01-23T06:09:50,0.00989,9.89e-06,69702377994.19635
1978-01-23T06:23:00,0.00922,9.220000000000002e-06,64980376653.8413
1978-01-23T06:36:29,0.00917,9.17e-06,64627988494.1133
1978-01-23T06:49:14,0.00969,9.69e-06,68292825355.28439
1978-01-23T06:55:41,0.01101,1.1010000000000001e-05,77595872772.10332
1978-01-23T07:10:47,0.01553,1.5530000000000002e-05,109451762411.5136
1978-01-23T07:24:16,0.01555,1.555e-05,109592717675.40475
1978-01-23T07:37:45,0.01401,1.401e-05,98739162355.78268
1978-01-23T07:51:13,0.0124,1.24e-05,87392263612.54143
1978-01-23T08:04:42,0.01088,1.0880000000000001e-05,76679663556.81056
1978-01-23T08:18:10,0.00969,9.69e-06,68292825355.28439
1978-01-23T08:31:39,0.00928,9.280000000000001e-06,65403242445.514885
1978-01-23T08:44:38,0.00924,9.24e-06,65121331917.73248
1978-01-23T08:58:36,0.00954,9.54e-06,67235660876.100426
1978-01-23T09:12:05,0.00962,9.620000000000001e-06,67799481931.665215
1978-01-23T09:25:33,0.00964,9.64e-06,67940437195.5564
1978-01-23T09:39:02,0.00961,9.610000000000001e-06,67729004299.71962
1978-01-23T09:52:31,0.00964,9.64e-06,67940437195.5564
1978-01-23T10:05:59,0.00917,9.17e-06,64627988494.1133
1978-01-23T10:19:28,0.00913,9.129999999999999e-06,64346077966.3309
1978-01-23T10:32:56,0.0088,8.8e-06,62020316112.12618
1978-01-23T10:46:25,0.00917,9.17e-06,64627988494.1133
1978-01-23T10:57:12,0.00939,9.390000000000002e-06,66178496396.916466
1978-01-23T11:18:16,0.00919,9.19e-06,64768943758.00449
1978-01-23T11:31:45,0.00926,9.26e-06,65262287181.62368
1978-01-23T11:41:42,0.00786,7.860000000000001e-06,55395418709.23998
1978-01-23T11:42:10,0.00641,6.41e-06,45176162077.12827
1978-01-23T11:48:54,0.0092,9.2e-06,64839421389.950096
1978-01-23T12:19:32,0.00901,9.01e-06,63500346382.98374
1978-01-23T12:33:00,0.00897,8.97e-06,63218435855.20134
1978-01-23T12:46:29,0.00908,9.08e-06,63993689806.60291
1978-01-23T13:01:11,0.00963,9.63e-06,67869959563.6108
1978-01-23T13:14:40,0.00963,9.63e-06,67869959563.6108
1978-01-23T13:28:08,0.00963,9.63e-06,67869959563.6108
1978-01-23T13:36:06,0.00963,9.63e-06,67869959563.6108
1978-01-23T16:00:40,0.01297,1.2970000000000001e-05,91409488633.44052
1978-01-23T16:20:32,0.01216,1.216e-05,85700800445.84708
1978-01-23T16:34:22,0.01059,1.059e-05,74635812230.3882
1978-01-23T16:47:50,0.00994,9.94e-06,70054766153.92433
1978-01-23T17:01:19,0.0096,9.6e-06,67658526667.77401
1978-01-23T17:14:47,0.00958,9.58e-06,67517571403.88282
1978-01-23T17:28:16,0.00961,9.610000000000001e-06,67729004299.71962
1978-01-23T17:41:45,0.00963,9.63e-06,67869959563.6108
1978-01-23T17:55:32,0.00944,9.440000000000001e-06,66530884556.64445
1978-01-23T18:08:42,0.00976,9.76e-06,68786168778.90358
1978-01-23T18:22:10,0.00979,9.790000000000001e-06,68997601674.74039
1978-01-23T18:35:39,0.01004,1.004e-05,70759542473.38033
1978-01-23T18:48:31,0.01122,1.1220000000000001e-05,79075903042.96088
1978-01-23T18:57:42,0.01298,1.2980000000000001e-05,91479966265.38611
1978-01-24T02:08:46,0.06499,6.499000000000001e-05,458034130014.44104
1978-01-24T02:09:03,0.05221,5.221e-05,367963716387.96686
1978-01-24T02:09:36,0.0353,3.53e-05,248786040767.96066
1978-01-24T02:09:52,0.02405,2.405e-05,169498704829.16302
1978-01-24T02:11:06,0.01879,1.879e-05,132427470425.77852
1978-01-24T02:11:06,0.04498,4.498e-05,317008388491.2995
1978-01-24T02:11:18,0.01459,1.4590000000000001e-05,102826865008.62738
1978-01-24T02:11:42,0.0306,3.06e-05,215661553753.52966
1978-01-24T02:16:37,0.01169,1.1690000000000002e-05,82388351744.40399
1978-01-24T02:30:08,0.01138,1.138e-05,80203545154.09044
1978-01-24T02:43:38,0.0115,1.15e-05,81049276737.43762
1978-01-24T02:57:09,0.01214,1.214e-05,85559845181.9559
1978-01-24T03:10:39,0.01176,1.176e-05,82881695168.02316
1978-01-24T03:29:04,0.01153,1.153e-05,81260709633.2744
1978-01-24T03:43:44,0.01098,1.098e-05,77384439876.26653
1978-01-24T03:55:29,0.01218,1.218e-05,85841755709.73828
1978-01-24T04:12:40,0.01926,1.926e-05,135739919127.2216
1978-01-24T04:13:33,0.02433,2.4330000000000003e-05,171472078523.63977
1978-01-24T04:13:36,0.01602,1.602e-05,112905166376.84787
1978-01-24T04:13:54,0.03208,3.208e-05,226092243281.47815
1978-01-24T04:14:12,0.0124,1.24e-05,87392263612.54143
1978-01-24T04:24:57,0.01152,1.1520000000000002e-05,81190232001.32883
1978-01-24T04:44:36,0.01152,1.1520000000000002e-05,81190232001.32883
1978-01-24T05:04:52,0.01294,1.294e-05,91198055737.60373
1978-01-24T05:09:10,0.04007,4.007e-05,282403871206.0109
1978-01-24T05:10:01,0.01796,1.796e-05,126577826974.29388
1978-01-24T05:10:23,0.02729,2.7289999999999998e-05,192333457579.53674
1978-01-24T05:10:45,0.02227,2.2270000000000002e-05,156953686342.8466
1978-01-24T05:11:00,0.03111,3.111e-05,219255912982.75513
1978-01-24T05:12:14,0.01507,1.507e-05,106209791342.01607
1978-01-24T05:13:28,0.01263,1.2630000000000001e-05,89013249147.29019
1978-01-24T05:18:59,0.01002,1.0019999999999999e-05,70618587209.48912
1978-01-24T05:49:04,0.01228,1.228e-05,86546532029.19424
1978-01-24T06:02:35,0.01182,1.182e-05,83304560959.69676
1978-01-24T06:14:52,0.01218,1.218e-05,85841755709.73828
1978-01-24T06:23:27,0.01432,1.432e-05,100923968946.09622
1978-01-24T06:36:58,0.01302,1.302e-05,91761876793.1685
1978-01-24T06:49:52,0.01266,1.2659999999999999e-05,89224682043.12697
1978-01-24T07:03:59,0.01207,1.2070000000000001e-05,85066501758.3367
1978-01-24T07:11:58,0.01207,1.2070000000000001e-05,85066501758.3367
1978-01-24T07:28:33,0.01231,1.231e-05,86757964925.03105
1978-01-24T07:50:39,0.01314,1.3140000000000001e-05,92607608376.51569
1978-01-24T08:04:09,0.01309,1.309e-05,92255220216.78769
1978-01-24T08:15:13,0.01388,1.3880000000000001e-05,97822953140.48994
1978-01-24T08:38:33,0.01583,1.583e-05,111566091369.88152
1978-01-24T08:51:26,0.01413,1.413e-05,99584893939.12987
1978-01-24T08:59:25,0.01212,1.2120000000000001e-05,85418889918.0647
1978-01-24T09:01:39,0.01024,1.024e-05,72169095112.29228
1978-01-24T09:02:07,0.00789,7.889999999999999e-06,55606851605.07676
1978-01-24T09:14:09,0.01069,1.069e-05,75340588549.8442
1978-01-24T09:27:40,0.01135,1.1350000000000001e-05,79992112258.25366
1978-01-24T09:42:01,0.01141,1.1410000000000001e-05,80414978049.92725
1978-01-24T09:48:33,0.02112,2.112e-05,148848758669.10284
1978-01-24T09:48:33,0.01759,1.7590000000000003e-05,123970154592.30678
1978-01-24T09:48:49,0.02714,2.714e-05,191276293100.35278
1978-01-24T09:49:09,0.03561,3.5610000000000006e-05,250970847358.2743
1978-01-24T09:49:34,0.01356,1.3559999999999999e-05,95567668918.23079
1978-01-24T09:53:27,0.01064,1.064e-05,74988200390.1162
1978-01-24T10:13:06,0.01113,1.113e-05,78441604355.45049
1978-01-24T10:27:50,0.04318,4.318e-05,304322414741.0919
1978-01-24T10:28:04,0.01317,1.317e-05,92819041272.35248
1978-01-24T10:28:40,0.02088,2.088e-05,147157295502.40848
1978-01-24T10:29:32,0.01716,1.7160000000000002e-05,120939616418.64606
1978-01-24T10:29:34,0.02847,2.847e-05,200649818149.1173
1978-01-24T10:29:34,0.02378,2.378e-05,167595808766.63187
1978-01-24T10:29:41,0.04909,4.9090000000000006e-05,345974695220.94025
1978-01-24T10:29:50,0.03583,3.583e-05,252521355261.0774
1978-01-24T10:33:59,0.01326,1.326e-05,93453339959.86285
1978-01-24T10:41:21,0.01135,1.1350000000000001e-05,79992112258.25366
1978-01-24T10:48:43,0.01135,1.1350000000000001e-05,79992112258.25366
1978-01-24T11:05:18,0.01158,1.1580000000000001e-05,81613097793.00241
1978-01-24T11:22:48,0.01127,1.127e-05,79428291202.68887
1978-01-24T11:38:19,0.01023,1.023e-05,72098617480.34668
1978-01-24T11:43:27,0.00742,7.420000000000001e-06,52294402903.63367
1978-01-24T11:50:47,0.01024,1.024e-05,72169095112.29228
1978-01-24T11:57:29,0.01359,1.359e-05,95779101814.06758
1978-01-24T12:00:00,0.01772,1.772e-05,124886363807.59952
1978-01-24T12:05:47,0.02128,2.128e-05,149976400780.2324
1978-01-24T12:07:33,0.02557,2.557e-05,180211304884.8939
1978-01-24T12:07:35,0.0321,3.2099999999999994e-05,226233198545.36932
1978-01-24T12:09:38,0.01626,1.626e-05,114596629543.54224
1978-01-24T12:19:17,0.0143,1.43e-05,100783013682.20505
1978-01-24T12:31:52,0.014,1.4e-05,98668684723.8371
1978-01-24T12:45:23,0.01341,1.341e-05,94510504439.04683
1978-01-24T12:58:53,0.01374,1.374e-05,96836266293.25156
1978-01-24T13:06:15,0.01337,1.337e-05,94228593911.26443
1978-01-24T13:23:34,0.01312,1.312e-05,92466653112.62448
1978-01-24T17:09:57,0.01286,1.286e-05,90634234682.03894
1978-01-24T17:13:43,0.01615,1.6150000000000003e-05,113821375592.14069
1978-01-24T17:19:06,0.01976,1.976e-05,139263800724.5015
1978-01-24T17:21:25,0.02196,2.196e-05,154768879752.53305
1978-01-24T17:26:18,0.01796,1.796e-05,126577826974.29388
1978-01-24T17:33:14,0.01474,1.474e-05,103884029487.81134
1978-01-24T17:46:15,0.01316,1.316e-05,92748563640.40688
1978-01-24T17:59:46,0.01244,1.244e-05,87674174140.32382
1978-01-24T18:13:16,0.0124,1.24e-05,87392263612.54143
1978-01-24T18:26:47,0.01198,1.1979999999999999e-05,84432203070.82631
1978-01-24T18:40:17,0.01259,1.2590000000000001e-05,88731338619.5078
1978-01-24T18:54:29,0.01254,1.254e-05,88378950459.77982
1978-01-24T19:03:59,0.0161,1.6100000000000002e-05,113468987432.41267
1978-01-24T19:04:07,0.01941,1.9410000000000002e-05,136797083606.4056
1978-01-24T19:04:14,0.02785,2.785e-05,196280204968.49023
1978-01-24T19:04:14,0.02326,2.326e-05,163930971905.4608
1978-01-24T19:04:14,0.04535,4.5350000000000005e-05,319616060873.2866
1978-01-24T19:04:18,0.03447,3.447e-05,242936397316.47604
1978-01-24T19:08:32,0.01355,1.3549999999999999e-05,95497191286.28519
1978-01-24T19:22:02,0.01328,1.328e-05,93594295223.75404
1978-01-24T19:35:33,0.01294,1.294e-05,91198055737.60373
1978-01-24T19:48:27,0.01336,1.336e-05,94158116279.31885
1978-01-24T20:05:01,0.01404,1.4040000000000001e-05,98950595251.61949
1978-01-24T20:18:32,0.01282,1.282e-05,90352324154.25655
1978-01-24T20:32:02,0.0121,1.21e-05,85277934654.1735
1978-01-24T20:43:42,0.0116,1.1599999999999999e-05,81754053056.8936
1978-01-24T21:09:38,0.01154,1.154e-05,81331187265.22
1978-01-24T21:22:30,0.01312,1.312e-05,92466653112.62448
1978-01-24T21:35:21,0.01257,1.257e-05,88590383355.6166
1978-01-24T21:45:00,0.01154,1.154e-05,81331187265.22
1978-01-25T08:10:37,0.02965,2.965e-05,208966178718.69788
1978-01-25T08:11:59,0.01488,1.4880000000000002e-05,104870716335.04973
1978-01-25T08:12:07,0.01891,1.891e-05,133273202009.12569
1978-01-25T08:12:19,0.02042,2.042e-05,143915324432.91098
1978-01-25T08:13:00,0.02602,2.602e-05,183382798322.44583
1978-01-25T08:24:56,0.01394,1.394e-05,98245818932.16351
1978-01-25T08:37:30,0.01378,1.378e-05,97118176821.03395
1978-01-25T08:38:21,0.01604,1.604e-05,113046121640.73907
1978-01-25T09:59:45,0.01226,1.226e-05,86405576765.30305
1978-01-25T10:13:32,0.01209,1.2090000000000001e-05,85207457022.2279
1978-01-25T10:26:57,0.01258,1.258e-05,88660860987.5622
1978-01-25T10:42:07,0.01267,1.267e-05,89295159675.07257
1978-01-25T10:50:45,0.0122,1.2200000000000002e-05,85982710973.62949
1978-01-25T11:07:13,0.01222,1.222e-05,86123666237.52068
1978-01-25T11:18:54,0.01191,1.1910000000000001e-05,83938859647.20714
1978-01-25T11:26:35,0.00768,7.680000000000001e-06,54126821334.219215
1978-01-25T11:28:34,0.00948,9.48e-06,66812795084.426834
1978-01-25T11:32:02,0.01142,1.1419999999999999e-05,80485455681.87282
1978-01-25T11:58:04,0.0548,5.4800000000000004e-05,386217423061.87665
1978-01-25T11:58:28,0.0803,8.03e-05,565935384523.1514
1978-01-25T11:58:28,0.06702,6.701999999999999e-05,472341089299.3973
1978-01-25T11:58:28,0.02714,2.714e-05,191276293100.35278
1978-01-25T11:58:44,0.03544,3.544e-05,249772727615.19904
1978-01-25T11:58:44,0.02071,2.071e-05,145959175759.3333
1978-01-25T11:59:05,0.01626,1.626e-05,114596629543.54224
1978-01-25T11:59:05,0.04669,4.669e-05,329060063553.99677
1978-01-25T11:59:05,0.01138,1.138e-05,80203545154.09044
1978-01-25T12:00:03,0.01311,1.311e-05,92396175480.67888
1978-01-25T12:47:47,0.00972,9.72e-06,68504258251.121185
1978-01-25T12:50:56,0.01147,1.147e-05,80837843841.60083
1978-01-25T13:01:18,0.01393,1.393e-05,98175341300.21791
1978-01-25T14:03:40,0.04615,4.615e-05,325254271428.9344
1978-01-25T14:04:09,0.02053,2.053e-05,144690578384.31256
1978-01-25T14:05:22,0.07465,7.465e-05,526115522473.8885
1978-01-25T14:05:22,0.09674,9.674000000000001e-05,681800611441.7145
1978-01-25T14:05:40,0.06023,6.023e-05,424486777208.3363
1978-01-25T14:05:59,0.03907,3.9070000000000004e-05,275356108011.4511
1978-01-25T14:06:54,0.01823,1.823e-05,128480723036.82503
1978-01-25T14:07:05,0.02311,2.311e-05,162873807426.27682
1978-01-25T14:07:06,0.01476,1.4760000000000001e-05,104024984751.70255
1978-01-25T14:07:15,0.02991,2.991e-05,210798597149.2834
1978-01-25T14:19:53,0.01317,1.317e-05,92819041272.35248
1978-01-25T14:31:00,0.01658,1.658e-05,116851913765.80138
1978-01-25T14:48:50,0.03372,3.372e-05,237650574920.55624
1978-01-25T14:48:50,0.02498,2.4979999999999998e-05,176053124600.1036
1978-01-25T14:52:02,0.01913,1.913e-05,134823709911.92885
1978-01-25T14:59:12,0.33533,0.00033533,2363326432031.7354
1978-01-25T15:00:17,0.15187,0.00015187000000000002,1070343796357.7959
1978-01-25T15:00:17,0.08718,8.718e-05,614423995301.7228
1978-01-25T15:00:17,0.07118,7.117999999999999e-05,501659784188.76605
1978-01-25T15:00:17,0.05907,5.907e-05,416311371902.647
1978-01-25T15:00:17,0.27428,0.00027428,1933060489003.86
1978-01-25T15:00:17,0.23755,0.00023755000000000003,1674196146867.679
1978-01-25T15:00:26,0.12215,0.00012215,860884274215.4786
1978-01-25T15:00:27,0.1984,0.0001984,1398276217800.6628
1978-01-25T15:00:53,0.04961,4.961e-05,349639532082.1113
1978-01-25T15:00:53,0.04134,4.134e-05,291354530463.10187
1978-01-25T15:01:46,0.10329,0.00010329000000000001,727963460366.0812
1978-01-25T15:02:12,0.0353,3.53e-05,248786040767.96066
1978-01-25T15:03:56,0.02677,2.677e-05,188668620718.36563
1978-01-25T15:04:46,0.0137,1.3700000000000001e-05,96554355765.46916
1978-01-25T15:04:46,0.01931,1.931e-05,136092307286.9496
1978-01-25T15:11:09,0.01772,1.772e-05,124886363807.59952
1978-01-25T15:33:26,0.02741,2.741e-05,193179189162.8839
1978-01-25T15:43:11,0.02955,2.955e-05,208261402399.24188
1978-01-25T16:06:10,0.02644,2.644e-05,186342858864.16092
1978-01-25T16:22:02,0.0282,2.82e-05,198746922086.58618
1978-01-25T16:32:24,0.02341,2.341e-05,164988136384.64478
1978-01-25T16:33:01,0.01513,1.5129999999999999e-05,106632657133.68967
1978-01-25T16:33:13,0.01865,1.865e-05,131440783578.54013
1978-01-25T16:38:30,0.03105,3.105e-05,218833047191.0816
1978-01-25T16:43:23,0.03361,3.361e-05,236875320969.15463
1978-01-25T17:06:34,0.02219,2.2190000000000003e-05,156389865287.28183
1978-01-25T17:16:57,0.0638,6.379999999999999e-05,449647291812.91473
1978-01-25T17:16:57,0.01254,1.254e-05,88378950459.77982
1978-01-25T17:18:10,0.01108,1.108e-05,78089216195.72252
1978-01-25T17:18:33,0.01977,1.977e-05,139334278356.44708
1978-01-25T17:18:40,0.0143,1.43e-05,100783013682.20505
1978-01-25T17:19:10,0.04927,4.927e-05,347243292595.961
1978-01-25T17:19:23,0.07224,7.224e-05,509130413174.99945
1978-01-25T17:19:41,0.03766,3.766e-05,265418761907.12183
1978-01-25T17:21:28,0.02616,2.616e-05,184369485169.68417
1978-01-25T17:21:50,0.03148,3.1480000000000004e-05,221863585364.7423
1978-01-25T17:26:42,0.09933,9.933e-05,700054318115.6241
1978-01-25T17:30:10,0.02043,2.043e-05,143985802064.85657
1978-01-25T17:37:41,0.01679,1.679e-05,118331944036.65892
1978-01-25T17:43:03,0.01257,1.257e-05,88590383355.6166
1978-01-25T17:48:40,0.01644,1.644e-05,115865226918.56299
1978-01-25T17:50:48,0.01492,1.492e-05,105152626862.8321
1978-01-25T18:03:11,0.02965,2.965e-05,208966178718.69788
1978-01-25T18:03:55,0.02101,2.101e-05,148073504717.70123
1978-01-25T18:04:32,0.0268,2.68e-05,188880053614.20245
1978-01-25T18:04:59,0.01697,1.697e-05,119600541411.67967
1978-01-25T18:14:10,0.01357,1.357e-05,95638146550.17639
1978-01-25T18:17:21,0.01198,1.1979999999999999e-05,84432203070.82631
1978-01-25T18:35:22,0.01897,1.897e-05,133696067800.79926
1978-01-25T18:36:16,0.0227,2.2700000000000003e-05,159984224516.50732
1978-01-25T18:36:16,0.03975,3.9750000000000004e-05,280148586983.7518
1978-01-25T18:36:16,0.03291,3.291e-05,231941886732.9628
1978-01-25T18:36:16,0.02746,2.7459999999999998e-05,193531577322.6119
1978-01-25T18:36:16,0.07581,7.581000000000001e-05,534290927779.578
1978-01-25T18:36:16,0.06709,6.709e-05,472834432723.0165
1978-01-25T18:36:32,0.05139,5.139e-05,362184550568.4278
1978-01-25T19:36:03,0.01484,1.4840000000000002e-05,104588805807.26733
1978-01-25T19:45:36,0.01805,1.805e-05,127212125661.80428
1978-01-25T19:57:29,0.01792,1.7919999999999998e-05,126295916446.51146
1978-01-25T20:07:47,0.01907,1.9070000000000002e-05,134400844120.25526
1978-01-25T20:18:09,0.03937,3.9370000000000004e-05,277470436969.8191
1978-01-25T20:19:00,0.03189,3.189e-05,224753168274.5118
1978-01-25T20:23:49,0.0257,2.57e-05,181127514100.1867
1978-01-25T20:54:23,0.01768,1.768e-05,124604453279.81714
1978-01-25T21:03:44,0.01934,1.934e-05,136303740182.7864
1978-01-25T21:03:50,0.10205,0.00010205,719224234004.8269
1978-01-25T21:04:31,0.02817,2.817e-05,198535489190.74936
1978-01-25T21:04:31,0.02348,2.3480000000000002e-05,165481479808.26395
1978-01-25T21:05:08,0.05901,5.901e-05,415888506110.9734
1978-01-25T21:06:37,0.15238,0.00015238,1073938155587.0212
1978-01-25T21:06:43,0.0366,3.66e-05,257948132920.88843
1978-01-25T21:07:14,0.07227,7.227e-05,509341846070.8362
1978-01-25T21:07:16,0.04938,4.938e-05,348018546547.3626
1978-01-25T21:10:00,0.08718,8.718e-05,614423995301.7228
1978-01-26T03:53:52,0.03929,3.929e-05,276906615914.2542
1978-01-26T04:07:23,0.03567,3.567e-05,251393713149.9478
1978-01-26T04:20:54,0.03252,3.252e-05,229193259087.08447
1978-01-26T04:34:25,0.03238,3.238e-05,228206572239.84607
1978-01-26T04:47:56,0.03235,3.235e-05,227995139344.00928
1978-01-26T05:01:28,0.02859,2.8590000000000002e-05,201495549732.4645
1978-01-26T05:14:59,0.02776,2.7760000000000002e-05,195645906280.9799
1978-01-26T05:28:30,0.02833,2.833e-05,199663131301.87894
1978-01-26T05:38:57,0.02974,2.974e-05,209600477406.20825
1978-01-26T05:45:42,0.03545,3.545e-05,249843205247.14465
1978-01-26T06:10:17,0.03149,3.149e-05,221934062996.68787
1978-01-26T06:23:49,0.03387,3.387e-05,238707739399.74017
1978-01-26T06:31:48,0.03403,3.403e-05,239835381510.86972
1978-01-26T07:00:41,0.03944,3.944e-05,277963780393.43823
1978-01-26T07:14:12,0.04287,4.287e-05,302137608150.7783
1978-01-26T07:27:43,0.04604,4.604e-05,324479017477.5329
1978-01-26T07:40:45,0.04274,4.274e-05,301221398935.4856
1978-01-26T07:54:46,0.03695,3.695e-05,260414850038.9843
1978-01-26T08:07:40,0.03108,3.108e-05,219044480086.91837
1978-01-26T08:14:55,0.02469,2.469e-05,174009273273.6813
1978-01-26T08:15:02,0.01998,1.9980000000000002e-05,140814308627.3047
1978-01-26T14:42:49,0.02121,2.121e-05,149483057356.6132
1978-01-26T15:12:51,0.02337,2.3369999999999998e-05,164706225856.86234
1978-01-26T15:19:17,0.02239,2.239e-05,157799417926.1938
1978-01-26T16:19:54,0.02518,2.5180000000000003e-05,177462677239.0156
1978-01-26T16:33:26,0.02622,2.622e-05,184792350961.35776
1978-01-26T16:46:20,0.02479,2.479e-05,174714049593.13727
1978-01-26T17:05:55,0.10154,0.00010154000000000001,715629874775.6014
1978-01-26T17:06:37,0.03283,3.2829999999999996e-05,231378065677.39798
1978-01-26T17:06:37,0.19144,0.00019144,1349223785966.5266
1978-01-26T17:06:37,0.1525,0.0001525,1074783887170.3683
1978-01-26T17:06:37,0.12718,0.00012717999999999999,896334523084.1144
1978-01-26T17:07:01,0.07702,7.702e-05,542818721244.9953
1978-01-26T17:07:14,0.06175,6.175e-05,435199377264.0672
1978-01-26T17:07:14,0.05161,5.161e-05,363735058471.2309
1978-01-26T17:07:24,0.04055,4.055e-05,285786797539.3996
1978-01-26T17:07:35,0.02535,2.5350000000000003e-05,178660796982.09076
1978-01-26T17:16:39,0.02413,2.4129999999999998e-05,170062525884.72778
1978-01-26T17:28:29,0.02681,2.6810000000000003e-05,188950531246.14807
1978-01-26T17:31:12,0.03147,3.147e-05,221793107732.7967
1978-01-26T17:41:02,0.02366,2.366e-05,166750077183.28473
1978-01-26T17:54:33,0.02334,2.334e-05,164494792961.02557
1978-01-26T18:08:04,0.02298,2.298e-05,161957598210.98404
1978-01-26T18:21:35,0.02293,2.293e-05,161605210051.25604
1978-01-26T18:35:06,0.02174,2.174e-05,153218371849.7299
1978-01-26T18:46:10,0.02117,2.1170000000000002e-05,149201146828.83084
1978-01-26T19:45:10,0.0214,2.14e-05,150822132363.57953
1978-01-26T19:58:04,0.02214,2.214e-05,156037477127.55383
1978-01-26T20:02:08,0.02441,2.4410000000000002e-05,172035899579.20456
1978-01-26T20:15:00,0.02239,2.239e-05,157799417926.1938
1978-01-26T20:18:13,0.01897,1.897e-05,133696067800.79926
1978-01-26T20:18:58,0.01426,1.426e-05,100501103154.42265
1978-01-26T20:19:03,0.01103,1.103e-05,77736828035.9945
1978-01-26T20:34:17,0.02548,2.548e-05,179577006197.38354
1978-01-26T20:37:30,0.02337,2.3369999999999998e-05,164706225856.86234
1978-01-26T20:43:55,0.02337,2.3369999999999998e-05,164706225856.86234
1978-01-26T20:43:55,0.02661,2.661e-05,187540978607.23608
1978-01-26T20:47:08,0.02901,2.9010000000000002e-05,204455610274.17963
1978-01-26T20:47:08,0.04467,4.4670000000000004e-05,314823581900.98596
1978-01-26T20:50:55,0.04098,4.0980000000000004e-05,288817335713.06036
1978-01-26T20:52:11,0.03495,3.495e-05,246319323649.86478
1978-01-26T20:56:27,0.03063,3.063e-05,215872986649.3665
1978-01-26T21:07:38,0.02769,2.769e-05,195152562857.36066
1978-01-26T21:20:25,0.04306,4.3060000000000004e-05,303476683157.74475
1978-01-26T21:20:57,0.02725,2.725e-05,192051547051.75436
1978-01-26T21:21:09,0.03742,3.7420000000000004e-05,263727298740.4275
1978-01-26T21:32:42,0.02469,2.469e-05,174009273273.6813
1978-01-26T21:58:31,0.03998,3.998e-05,281769572518.50055
1978-01-26T21:58:31,0.06808,6.808e-05,479811718285.6307
1978-01-26T21:58:54,0.05133,5.1330000000000005e-05,361761684776.7542
1978-01-26T21:58:57,0.02424,2.4240000000000002e-05,170837779836.1294
1978-01-26T22:00:01,0.03237,3.2370000000000003e-05,228136094607.9005
1978-01-26T22:05:31,0.01829,1.8290000000000003e-05,128903588828.49863
1978-01-26T22:07:44,0.0115,1.15e-05,81049276737.43762
1978-01-26T22:08:30,0.01425,1.425e-05,100430625522.47705
1978-01-26T22:14:30,0.02044,2.044e-05,144056279696.80215
1978-01-26T22:35:05,0.01986,1.986e-05,139968577043.9575
1978-01-26T22:39:05,0.26036,0.00026036,1834955625335.588
1978-01-26T22:39:17,0.17303,0.00017303,1219474465554.681
1978-01-26T22:39:41,0.21123,0.00021123,1488699019586.865
1978-01-26T22:40:31,0.04318,4.318e-05,304322414741.0919
1978-01-26T22:40:55,0.1089,0.0001089,767501411887.5614
1978-01-26T22:40:55,0.09081,9.081e-05,640007375697.9749
1978-01-26T22:40:55,0.07573,7.573000000000001e-05,533727106724.0132
1978-01-26T22:40:55,0.06316,6.316e-05,445136723368.3965
1978-01-26T22:40:55,0.05267,5.267e-05,371205687457.46436
1978-01-26T22:41:06,0.13708,0.00013708,966107378710.2565
1978-01-26T22:42:09,0.03567,3.567e-05,251393713149.9478
1978-01-26T22:42:09,0.02975,2.9749999999999998e-05,209670955038.15384
1978-01-26T22:45:23,0.02433,2.4330000000000003e-05,171472078523.63977
1978-01-26T22:47:17,0.02077,2.077e-05,146382041551.00687
1978-01-26T22:55:03,0.02581,2.581e-05,181902768051.58826
1978-01-26T23:09:01,0.03318,3.3180000000000004e-05,233844782795.49396
1978-01-26T23:15:48,0.02654,2.654e-05,187047635183.6169
1978-01-26T23:16:34,0.03474,3.474e-05,244839293379.00723
1978-01-26T23:17:11,0.04158,4.158e-05,293045993629.79614
1978-01-26T23:28:14,0.06593,6.593e-05,464659027417.32715
1978-01-26T23:53:34,0.06879,6.879000000000001e-05,484815630153.76825
1978-01-27T00:03:14,0.07182,7.182e-05,506170352633.2843
1978-01-27T00:13:19,0.06168,6.168e-05,434706033840.44806
1978-01-27T00:23:46,0.05135,5.135e-05,361902640040.6454
1978-01-27T00:31:45,0.0429,4.29e-05,302349041046.6151
1978-01-27T00:42:54,0.03802,3.802e-05,267955956657.16333
1978-01-27T00:53:51,0.04432,4.432e-05,312356864782.8901
1978-01-27T00:53:51,0.03523,3.523e-05,248292697344.34152
1978-01-27T00:53:51,0.12598,0.00012598,887877207250.6428
1978-01-27T00:53:51,0.07855,7.855e-05,553601798932.6718
1978-01-27T00:53:51,0.06562,6.562e-05,462474220827.0136
1978-01-27T00:53:51,0.05802,5.8020000000000004e-05,408911220548.35925
1978-01-27T00:55:41,0.09834,9.834e-05,693077032553.01
1978-01-27T08:29:11,0.02543,2.5430000000000002e-05,179224618037.65555
1978-01-27T08:41:16,0.03049,3.049e-05,214886299802.12808
1978-01-27T08:47:12,0.03799,3.799e-05,267744523761.32654
1978-01-27T08:54:46,0.04707,4.707e-05,331738213567.92944
1978-01-27T08:57:01,0.0497,4.97e-05,350273830769.62177
1978-01-27T09:06:06,0.03771,3.771e-05,265771150066.84982
1978-01-27T09:17:17,0.03053,3.053e-05,215168210329.91046
1978-01-27T09:31:56,0.02899,2.899e-05,204314655010.2884
1978-01-27T09:37:17,0.02548,2.548e-05,179577006197.38354
1978-01-27T09:43:47,0.03353,3.353e-05,236311499913.58984
1978-01-27T09:57:48,0.03377,3.3770000000000004e-05,238002963080.28424
1978-01-27T10:11:19,0.03092,3.092e-05,217916837975.7888
1978-01-27T10:21:17,0.03296,3.296e-05,232294274892.69077
1978-01-27T10:24:49,0.04152,4.152e-05,292623127838.1226
1978-01-27T10:28:41,0.05011,5.011e-05,353163413679.39124
1978-01-27T10:35:15,0.08006,8.006e-05,564243921356.457
1978-01-27T10:35:52,0.0636,6.36e-05,448237739174.0028
1978-01-27T10:46:33,0.04744,4.7440000000000007e-05,334345885949.9166
1978-01-27T10:57:58,0.03954,3.954e-05,278668556712.89417
1978-01-27T11:10:15,0.03395,3.395e-05,239271560455.30496
1978-01-27T11:22:44,0.03031,3.031e-05,213617702427.1073
1978-01-27T11:37:16,0.02849,2.8490000000000003e-05,200790773413.0085
1978-01-27T11:51:43,0.02533,2.533e-05,178519841718.19955
1978-01-27T12:03:09,0.02424,2.4240000000000002e-05,170837779836.1294
1978-01-27T12:11:39,0.02382,2.3820000000000002e-05,167877719294.41428
1978-01-27T14:32:25,0.036,3.6e-05,253719475004.15256
1978-01-27T14:36:32,0.03323,3.3230000000000005e-05,234197170955.22195
1978-01-27T14:48:49,0.02867,2.867e-05,202059370788.02927
1978-01-27T14:55:08,0.02548,2.548e-05,179577006197.38354
1978-01-27T17:35:12,0.05499,5.499e-05,387556498068.843
1978-01-27T17:35:12,0.04454,4.4540000000000004e-05,313907372685.6932
1978-01-27T17:35:24,0.03663,3.663000000000001e-05,258159565816.72528
1978-01-27T17:36:05,0.02782,2.782e-05,196068772072.65344
1978-01-27T17:36:53,0.02116,2.116e-05,149130669196.88522
1978-01-27T18:00:37,0.02903,2.903e-05,204596565538.07077
1978-01-27T18:06:06,0.02454,2.454e-05,172952108794.4973
1978-01-27T18:20:28,0.02184,2.1839999999999998e-05,153923148169.18585
1978-01-27T18:46:08,0.03154,3.154e-05,222286451156.41586
1978-01-27T18:55:23,0.03609,3.6089999999999995e-05,254353773691.66287
1978-01-27T19:00:02,0.03042,3.042e-05,214392956378.5089
1978-01-27T19:14:21,0.02886,2.886e-05,203398445794.99564
1978-01-27T19:23:27,0.02363,2.3630000000000002e-05,166538644287.44794
1978-01-27T19:34:55,0.02419,2.419e-05,170485391676.4014
1978-01-27T19:48:25,0.02261,2.2610000000000002e-05,159349925828.99695
1978-01-27T20:01:03,0.02083,2.0830000000000002e-05,146804907342.68048
1978-01-27T20:16:03,0.02133,2.1329999999999997e-05,150328788939.96036
1978-01-27T21:03:56,0.01226,1.226e-05,86405576765.30305
1978-01-27T21:04:08,0.02056,2.056e-05,144902011280.14932
1978-01-27T21:05:39,0.01434,1.434e-05,101064924209.98743
1978-01-27T21:07:53,0.01726,1.726e-05,121644392738.10204
1978-01-27T21:18:40,0.02191,2.191e-05,154416491592.80505
1978-01-27T21:18:45,0.01689,1.689e-05,119036720356.11488
1978-01-27T21:18:52,0.01385,1.385e-05,97611520244.65312
1978-01-27T21:19:54,0.04694,4.694e-05,330822004352.63666
1978-01-27T21:21:34,0.03161,3.161e-05,222779794580.03503
1978-01-27T21:21:44,0.1,0.0001,704776319455.9794
1978-01-27T21:21:44,0.01269,1.269e-05,89436114938.96378
1978-01-27T21:22:09,0.03781,3.7810000000000006e-05,266475926386.30582
1978-01-27T21:28:02,0.02546,2.546e-05,179436050933.49234
1978-01-27T21:30:57,0.0157,1.57e-05,110649882154.58875
1978-01-27T21:31:01,0.01843,1.8429999999999998e-05,129890275675.73697
1978-01-27T21:33:28,0.09493,9.493e-05,669044160059.5612
1978-01-27T21:33:41,0.06557,6.557000000000001e-05,462121832667.28564
1978-01-27T21:34:01,0.05011,5.011e-05,353163413679.39124
1978-01-27T21:34:01,0.04186,4.186e-05,295019367324.27295
1978-01-27T21:34:38,0.0346,3.46e-05,243852606531.76886
1978-01-27T21:36:07,0.02683,2.683e-05,189091486510.03925
1978-01-27T21:41:32,0.0228,2.2800000000000002e-05,160689000835.9633
1978-01-27T21:52:26,0.02356,2.356e-05,166045300863.82874
1978-01-27T22:12:05,0.01867,1.867e-05,131581738842.43132
1978-01-27T22:19:27,0.02375,2.375e-05,167384375870.79507
1978-01-27T22:33:19,0.02268,2.268e-05,159843269252.6161
1978-01-27T22:40:20,0.02249,2.249e-05,158504194245.64975
1978-01-27T23:21:05,0.03561,3.5610000000000006e-05,250970847358.2743
1978-01-27T23:22:41,0.03031,3.031e-05,213617702427.1073
1978-01-27T23:23:02,0.02373,2.373e-05,167243420606.9039
1978-01-27T23:39:16,0.0444,4.44e-05,312920685838.45483
1978-01-27T23:39:16,0.03709,3.709e-05,261401536886.2227
1978-01-27T23:39:32,0.05742,5.742e-05,404682562631.6233
1978-01-27T23:39:33,0.02849,2.8490000000000003e-05,200790773413.0085
1978-01-27T23:39:53,0.07571,7.571e-05,533586151460.12195
1978-01-27T23:44:11,0.02087,2.0870000000000002e-05,147086817870.4629
1978-01-28T00:22:26,0.03032,3.032e-05,213688180059.05292
1978-01-28T00:27:07,0.01528,1.528e-05,107689821612.87363
1978-01-28T00:27:23,0.01927,1.927e-05,135810396759.1672
1978-01-28T00:27:52,0.02478,2.478e-05,174643571961.19165
1978-01-28T01:14:06,0.02281,2.281e-05,160759478467.90887
1978-01-28T01:29:55,0.04035,4.035e-05,284377244900.4876
1978-01-28T01:31:37,0.02402,2.402e-05,169287271933.32623
1978-01-28T01:31:49,0.03064,3.064e-05,215943464281.31204
1978-01-28T01:32:39,0.02026,2.026e-05,142787682321.7814
1978-01-28T01:32:39,0.01729,1.729e-05,121855825633.93881
1978-01-28T02:10:08,0.02056,2.056e-05,144902011280.14932
1978-01-28T02:43:08,0.01961,1.961e-05,138206636245.31754
1978-01-28T02:58:36,0.02655,2.655e-05,187118112815.56253
1978-01-28T03:06:01,0.02178,2.178e-05,153500282377.5123
1978-01-28T03:19:49,0.02013,2.013e-05,141871473106.48862
1978-01-28T03:25:15,0.02258,2.258e-05,159138492933.16013
1978-01-28T03:33:13,0.02093,2.093e-05,147509683662.13647
1978-01-28T03:46:49,0.0203,2.03e-05,143069592849.56378
1978-01-28T04:00:25,0.0203,2.03e-05,143069592849.56378
1978-01-28T04:14:02,0.02119,2.1190000000000002e-05,149342102092.72202
1978-01-28T04:25:20,0.02419,2.419e-05,170485391676.4014
1978-01-28T04:29:23,0.02787,2.787e-05,196421160232.3814
1978-01-28T04:33:49,0.0262,2.6200000000000003e-05,184651395697.46658
1978-01-28T04:46:48,0.02383,2.383e-05,167948196926.35986
1978-01-28T05:08:26,0.02102,2.1020000000000002e-05,148143982349.64685
1978-01-28T05:23:12,0.02182,2.182e-05,153782192905.29468
1978-01-28T05:27:07,0.0344,3.44e-05,242443053892.8569
1978-01-28T05:28:51,0.03095,3.095e-05,218128270871.62558
1978-01-28T05:32:11,0.02564,2.564e-05,180704648308.5131
1978-01-28T05:35:11,0.02385,2.385e-05,168089152190.25107
1978-01-28T05:36:44,0.03162,3.1620000000000006e-05,222850272211.98068
1978-01-28T05:45:32,0.02826,2.826e-05,199169787878.25974
1978-01-28T05:46:22,0.03743,3.743e-05,263797776372.37305
1978-01-28T05:56:29,0.02977,2.977e-05,209811910302.04504
1978-01-28T06:07:48,0.02506,2.506e-05,176616945655.66843
1978-01-28T06:21:24,0.02352,2.352e-05,165763390336.04633
1978-01-28T06:33:09,0.02345,2.345e-05,165270046912.42715
1978-01-28T06:47:22,0.02257,2.257e-05,159068015301.21454
1978-01-28T07:07:09,0.02136,2.1360000000000002e-05,150540221835.7972
1978-01-28T07:20:01,0.01987,1.9869999999999998e-05,140039054675.90308
1978-01-28T07:36:03,0.01993,1.993e-05,140461920467.5767
1978-01-28T07:36:50,0.02452,2.452e-05,172811153530.6061
1978-01-28T07:37:08,0.0316,3.16e-05,222709316948.08948
1978-01-28T07:43:26,0.02024,2.0240000000000003e-05,142646727057.89023
1978-01-28T07:49:20,0.02018,2.018e-05,142223861266.2166
1978-01-28T07:52:17,0.03545,3.545e-05,249843205247.14465
1978-01-28T07:52:44,0.0258,2.58e-05,181832290419.64264
1978-01-28T08:01:34,0.02063,2.063e-05,145395354703.76852
1978-01-28T08:12:00,0.02564,2.564e-05,180704648308.5131
1978-01-28T08:13:53,0.03162,3.1620000000000006e-05,222850272211.98068
1978-01-28T08:19:17,0.02885,2.885e-05,203327968163.05002
1978-01-28T08:23:31,0.02562,2.5620000000000002e-05,180563693044.62192
1978-01-28T08:32:29,0.02286,2.2859999999999998e-05,161111866627.63684
1978-01-28T08:46:05,0.02285,2.285e-05,161041388995.69125
1978-01-28T09:00:26,0.02215,2.215e-05,156107954759.49942
1978-01-28T09:13:17,0.02103,2.103e-05,148214459981.59244
1978-01-28T09:27:08,0.02206,2.206e-05,155473656071.989
1978-01-28T09:40:30,0.02151,2.1510000000000002e-05,151597386314.98117
1978-01-28T09:54:06,0.02297,2.2970000000000002e-05,161887120579.03845
1978-01-28T10:05:13,0.02364,2.364e-05,166609121919.39352
1978-01-28T11:10:17,0.02355,2.3550000000000003e-05,165974823231.88315
1978-01-28T11:30:33,0.18483,0.00018483,1302638071250.4866
1978-01-28T11:31:10,0.31649,0.00031649,2230546573446.229
1978-01-28T11:31:16,0.23467,0.00023467,1653898588867.3467
1978-01-28T11:31:27,0.13165,0.00013165,927838024563.7968
1978-01-28T13:18:20,0.02072,2.0719999999999998e-05,146029653391.2789
1978-01-28T13:31:39,0.01883,1.883e-05,132709380953.56091
1978-01-28T13:43:35,0.01995,1.995e-05,140602875731.46786
1978-01-28T13:59:21,0.01964,1.9640000000000002e-05,138418069141.15433
1978-01-28T14:00:27,0.06917,6.917e-05,487493780167.7009
1978-01-28T14:00:53,0.05688,5.6880000000000004e-05,400876770506.56104
1978-01-28T14:01:05,0.03145,3.145e-05,221652152468.9055
1978-01-28T14:01:25,0.04035,4.035e-05,284377244900.4876
1978-01-28T14:02:02,0.04886,4.886e-05,344353709686.1915
1978-01-28T14:04:41,0.02456,2.456e-05,173093064058.3885
1978-01-28T14:07:51,0.02062,2.062e-05,145324877071.8229
1978-01-28T14:11:19,0.0267,2.6700000000000002e-05,188175277294.7465
1978-01-28T14:29:25,0.06484,6.484e-05,456976965535.25696
1978-01-28T14:30:00,0.03862,3.862e-05,272184614573.8992
1978-01-28T14:30:29,0.08089,8.089e-05,570093564807.9417
1978-01-28T14:31:00,0.04968,4.9680000000000005e-05,350132875505.7306
1978-01-28T14:31:06,0.03252,3.252e-05,229193259087.08447
1978-01-28T14:31:06,0.09684,9.684e-05,682505387761.1704
1978-01-28T14:32:05,0.02633,2.633e-05,185567604912.75937
1978-01-28T14:40:18,0.02448,2.448e-05,172529243002.82373
1978-01-28T14:53:03,0.0237,2.37e-05,167031987711.06708
1978-01-28T15:02:01,0.02383,2.383e-05,167948196926.35986
1978-01-28T16:14:58,0.02035,2.035e-05,143421981009.2918
1978-01-28T16:28:34,0.02039,2.039e-05,143703891537.07416
1978-01-28T16:42:11,0.02003,2.003e-05,141166696787.03265
1978-01-28T16:55:47,0.02027,2.027e-05,142858159953.727
1978-01-28T17:09:23,0.02326,2.326e-05,163930971905.4608
1978-01-28T17:22:22,0.02141,2.141e-05,150892609995.52515
1978-01-28T17:38:27,0.01966,1.966e-05,138559024405.04553
1978-01-28T17:48:20,0.05682,5.682e-05,400453904714.8874
1978-01-28T17:48:29,0.04549,4.549000000000001e-05,320602747720.525
1978-01-28T17:55:08,0.01961,1.961e-05,138206636245.31754
1978-01-28T22:09:53,0.0212,2.12e-05,149412579724.6676
1978-01-28T22:27:12,0.02005,2.005e-05,141307652050.92383
1978-01-28T22:36:36,0.0199,1.9900000000000003e-05,140250487571.7399
1978-01-28T22:49:27,0.01961,1.961e-05,138206636245.31754
1978-01-29T00:51:32,0.14065,0.00014065,991267893314.8348
1978-01-29T01:00:45,0.13013,0.00013013,917125424508.0659
1978-01-29T01:03:20,0.02731,2.731e-05,192474412843.42795
1978-01-29T01:04:28,0.03522,3.5220000000000005e-05,248222219712.39597
1978-01-29T01:04:46,0.06418,6.418e-05,452325441826.84753
1978-01-29T01:04:46,0.05368,5.368e-05,378323928283.96967
1978-01-29T01:04:46,0.04489,4.489e-05,316374089803.78906
1978-01-29T01:05:11,0.07896,7.896e-05,556491381842.4413
1978-01-29T01:06:23,0.10225,0.00010224999999999999,720633786643.7388
1978-01-29T01:08:27,0.1372,0.0001372,966953110293.6036
1978-01-29T01:16:26,0.01876,1.876e-05,132216037529.94171
1978-01-29T01:29:56,0.01912,1.9120000000000003e-05,134753232279.98326
1978-01-29T01:42:50,0.02003,2.003e-05,141166696787.03265
1978-01-29T02:08:15,0.0223,2.23e-05,157165119238.68338
1978-01-29T02:23:58,0.02128,2.128e-05,149976400780.2324
1978-01-29T02:37:28,0.01977,1.977e-05,139334278356.44708
1978-01-29T02:46:04,0.01889,1.889e-05,133132246745.23448
1978-01-29T03:13:17,0.02555,2.555e-05,180070349621.00272
1978-01-29T03:16:26,0.02199,2.199e-05,154980312648.36987
1978-01-29T03:25:58,0.03217,3.217e-05,226726541968.98853
1978-01-29T03:25:58,0.02691,2.691e-05,189655307565.60403
1978-01-29T03:26:34,0.04181,4.181e-05,294666979164.545
1978-01-29T03:26:49,0.13303,0.00013303000000000002,937563937772.2894
1978-01-29T03:27:11,0.1704,0.0001704,1200938848352.9888
1978-01-29T03:27:24,0.02232,2.232e-05,157306074502.5746
1978-01-29T03:27:24,0.05375,5.375e-05,378817271707.58887
1978-01-29T03:27:27,0.06634,6.633999999999999e-05,467548610327.09656
1978-01-29T03:28:25,0.36082,0.00036082,2542973915861.0645
1978-01-29T03:28:25,0.30176,0.00030176,2126733021590.3628
1978-01-29T03:28:25,0.25236,0.00025236,1778573519779.1091
1978-01-29T03:28:37,0.21626,0.00021626000000000002,1524149268455.501
1978-01-29T03:29:02,0.11388,0.00011388,802599272596.4692
1978-01-29T03:29:11,0.45892,0.00045892000000000003,3234359485247.3804
1978-01-29T03:31:29,0.53293,0.00053293,3755964439276.7505
1978-01-29T03:31:54,0.09514,9.514e-05,670524190330.4187
1978-01-29T03:42:44,0.02149,2.149e-05,151456431051.08994
1978-01-29T03:57:08,0.02251,2.251e-05,158645149509.54092
1978-01-29T04:10:46,0.0239,2.39e-05,168441540349.97906
1978-01-29T04:24:17,0.02407,2.407e-05,169639660093.05423
1978-01-29T04:34:06,0.02622,2.622e-05,184792350961.35776
1978-01-29T04:39:56,0.03159,3.159e-05,222638839316.14386
1978-01-29T04:48:01,0.03834,3.834e-05,270211240879.42245
1978-01-29T05:02:20,0.03514,3.514e-05,247658398656.83112
1978-01-29T05:15:51,0.03223,3.223e-05,227149407760.66214
1978-01-29T05:30:24,0.03145,3.145e-05,221652152468.9055
1978-01-29T05:42:43,0.0331,3.31e-05,233280961739.92914
1978-01-29T05:52:27,0.047,4.7000000000000004e-05,331244870144.3103
1978-01-29T05:53:54,0.05819,5.819e-05,410109340291.4343
1978-01-29T06:05:46,0.06625,6.625000000000001e-05,466914311639.58636
1978-01-29T06:12:19,0.09645,9.645e-05,679756760115.292
1978-01-29T06:14:10,0.07864,7.864e-05,554236097620.1821
1978-01-29T06:14:46,0.0632,6.32e-05,445418633896.17896
1978-01-29T06:16:00,0.05728,5.728e-05,403695875784.3849
1978-01-29T06:42:19,0.02231,2.231e-05,157235596870.629
1978-01-29T06:42:41,0.07419,7.419e-05,522873551404.3911
1978-01-29T06:42:41,0.21544,0.00021543999999999998,1518370102635.9617
1978-01-29T06:43:01,0.02768,2.768e-05,195082085225.41507
1978-01-29T06:43:22,0.03407,3.4070000000000004e-05,240117292038.65216
1978-01-29T06:44:28,0.18565,0.00018565,1308417237070.0256
1978-01-29T06:45:45,0.04668,4.668e-05,328989585922.05115
1978-01-29T06:46:14,0.10882,0.00010882,766937590831.9967
1978-01-29T06:47:46,0.06051,6.051e-05,426460150902.8131
1978-01-29T06:49:16,0.09169,9.169e-05,646209407309.1875
1978-01-29T06:51:18,0.07181,7.181e-05,506099875001.33875
1978-01-29T06:52:20,0.0375,3.75e-05,264291119795.9922
1978-01-29T06:55:34,0.18957,0.00018957,1336044468792.7
1978-01-29T06:58:53,0.04412,4.412e-05,310947312143.978
1978-01-29T06:59:51,0.16987,0.00016987,1197203533859.872
1978-01-29T07:02:21,0.13864,0.00013864000000000001,977101889293.7698
1978-01-29T07:02:29,0.11652,0.00011652,821205367430.107
1978-01-29T07:03:33,0.05889,5.889e-05,415042774527.62616
1978-01-29T07:03:41,0.07664,7.664e-05,540140571231.06256
1978-01-29T07:04:06,0.09419,9.419e-05,663828815295.587
1978-01-29T07:13:42,0.03859,3.859e-05,271973181678.0624
1978-01-29T07:40:06,0.06418,6.418e-05,452325441826.84753
1978-01-29T07:40:34,0.07559,7.559e-05,532740419876.7747
1978-01-29T07:41:12,0.16089,0.00016089,1133914620372.725
1978-01-29T07:41:27,0.12614,0.00012614,889004849361.7723
1978-01-29T07:41:32,0.09139,9.139e-05,644095078350.8195
1978-01-29T07:41:57,0.10451,0.00010451000000000001,736561731463.4441
1978-01-29T07:42:11,0.20731,0.00020731,1461071787864.1904
1978-01-29T08:10:31,0.0429,4.29e-05,302349041046.6151
1978-01-29T08:14:02,0.05326,5.326e-05,375363867742.2546
1978-01-29T08:22:28,0.07472,7.472e-05,526608865897.50775
1978-01-29T08:22:41,0.06123,6.123e-05,431534540402.8961
1978-01-29T08:33:37,0.0502,5.02e-05,353797712366.9016
1978-01-29T08:35:26,0.04084,4.084e-05,287830648865.82196
1978-01-29T08:40:34,0.0505,5.05e-05,355912041325.26953
1978-01-29T08:42:06,0.0649,6.49e-05,457399831326.9306
1978-01-29T08:44:34,0.08594,8.594000000000001e-05,605684768940.4686
1978-01-29T08:46:46,0.10473,0.00010473000000000001,738112239366.2472
1978-01-29T08:48:57,0.12905,0.00012905,909513840257.9412
1978-01-29T09:03:04,0.09873,9.873e-05,695825660198.8883
1978-01-29T09:04:45,0.07409,7.409e-05,522168775084.9351
1978-01-29T09:04:49,0.06139,6.139000000000001e-05,432662182514.0257
1978-01-29T09:05:18,0.04656,4.656e-05,328143854338.7039
1978-01-29T09:06:15,0.02986,2.9860000000000002e-05,210446208989.55545
1978-01-29T09:06:52,0.03615,3.6150000000000005e-05,254776639483.33655
1978-01-29T09:12:33,0.02427,2.427e-05,171049212731.9662
1978-01-29T09:21:53,0.04104,4.104e-05,289240201504.73395
1978-01-29T09:23:14,0.06617,6.617000000000001e-05,466350490584.0216
1978-01-29T09:23:45,0.1089,0.0001089,767501411887.5614
1978-01-29T09:24:03,0.08302,8.302e-05,585105300412.3541
1978-01-29T09:25:37,0.05119,5.119e-05,360774997929.5158
1978-01-29T09:30:14,0.0383,3.83e-05,269929330351.6401
1978-01-29T09:36:17,0.02721,2.7210000000000002e-05,191769636523.97195
1978-01-29T09:36:20,0.03182,3.1820000000000004e-05,224259824850.89264
1978-01-29T09:53:50,0.03392,3.392e-05,239060127559.46817
1978-01-29T10:01:05,0.03135,3.135e-05,220947376149.44952
1978-01-29T10:02:31,0.0874,8.740000000000001e-05,615974503204.5259
1978-01-29T10:02:39,0.05259,5.2589999999999996e-05,370641866401.8995
1978-01-29T10:04:08,0.03879,3.879e-05,273382734316.97437
1978-01-29T10:10:30,0.04581,4.581e-05,322858031942.78406
1978-01-29T10:27:24,0.11944,0.00011944000000000001,841784835958.2218
1978-01-29T10:28:11,0.09596,9.596000000000001e-05,676303356149.9578
1978-01-29T10:34:37,0.18957,0.00018957,1336044468792.7
1978-01-29T10:35:11,0.16286,0.00016286,1147798713866.0078
1978-01-29T10:42:44,0.18382,0.00018382,1295519830423.9812
1978-01-29T10:45:29,0.15689,0.00015689,1105723567594.4858
1978-01-29T10:49:10,0.29282,0.00029282,2063726018630.9985
1978-01-29T10:49:47,0.22708,0.00022708,1600406066220.638
1978-01-29T10:49:47,0.37578,0.00037578000000000004,2648408453251.679
1978-01-29T10:50:24,0.20265,0.00020265,1428229211377.542
1978-01-29T10:59:23,0.14729,0.00014729,1038065040926.7119
1978-01-29T11:07:25,0.10684,0.00010684,752983019706.7683
1978-01-29T11:09:04,0.12468,0.00012468,878715115097.715
1978-01-29T11:18:14,0.14182,0.00014182,999513776252.4697
1978-01-29T11:20:29,0.12446,0.00012446,877164607194.9119
1978-01-29T11:22:52,0.10176,0.00010176,717180382678.4045
1978-01-29T11:34:40,0.09565,9.565000000000001e-05,674118549559.6443
1978-01-29T11:45:02,0.06657,6.657000000000001e-05,469169595861.84546
1978-01-29T11:45:16,0.04608,4.6080000000000006e-05,324760928005.3153
1978-01-29T11:45:39,0.03834,3.834e-05,270211240879.42245
1978-01-29T11:45:56,0.05631,5.631e-05,396859545485.662
1978-01-29T11:48:00,0.07896,7.896e-05,556491381842.4413
1978-01-29T11:49:49,0.09867,9.867e-05,695402794407.2147
1978-01-29T11:54:51,0.06958,6.958000000000001e-05,490383363077.47046
1978-01-29T11:54:51,0.05553,5.5530000000000005e-05,391362290193.90533
1978-01-29T11:55:28,0.046,4.6e-05,324197106949.7505
1978-01-29T11:59:58,0.03554,3.554e-05,250477503934.65506
1978-01-29T12:11:05,0.0306,3.06e-05,215661553753.52966
1978-01-29T12:11:38,0.02746,2.7459999999999998e-05,193531577322.6119
1978-01-29T12:22:29,0.34834,0.00034834,2455017831192.958
1978-01-29T12:22:29,0.28162,0.00028162,1984791070851.929
1978-01-29T12:22:29,0.23552,0.00023552000000000002,1659889187582.7227
1978-01-29T12:23:06,0.1949,0.0001949,1373609046619.7036
1978-01-29T12:23:06,0.12941,0.00012941,912051035007.9828
1978-01-29T12:23:06,0.10822,0.00010822,762708932915.2609
1978-01-29T12:23:06,0.09093,9.093e-05,640853107281.3219
1978-01-29T12:23:06,0.07643,7.643e-05,538660540960.20496
1978-01-29T12:23:06,0.06228,6.228000000000001e-05,438934691757.1839
1978-01-29T12:23:18,0.159,0.00015900000000000002,1120594347935.007
1978-01-29T12:25:33,0.04998,4.998e-05,352247204464.09845
1978-01-29T12:25:33,0.04228,4.228e-05,297979427865.9881
1978-01-29T12:26:15,0.0354,3.54e-05,249490817087.4167
1978-01-29T12:38:24,0.03016,3.016e-05,212560537947.92334
1978-01-29T12:46:09,0.02748,2.748e-05,193672532586.5031
1978-01-29T12:47:18,0.04629,4.629e-05,326240958276.1728
1978-01-29T12:47:39,0.03739,3.739e-05,263515865844.59064
1978-01-29T12:48:28,0.03319,3.319e-05,233915260427.4395
1978-01-29T13:14:54,0.0331,3.31e-05,233280961739.92914
1978-01-29T13:25:30,0.06088,6.088e-05,429067823284.80023
1978-01-29T13:27:33,0.05346,5.346e-05,376773420381.16656
1978-01-29T13:28:52,0.03337,3.337e-05,235183857802.46027
1978-01-29T13:44:08,0.03182,3.1820000000000004e-05,224259824850.89264
1978-01-29T13:58:59,0.03254,3.254e-05,229334214350.97562
1978-01-29T14:00:42,0.04172,4.172e-05,294032680477.03455
1978-01-29T14:01:19,0.05951,5.9510000000000005e-05,419412387708.2533
1978-01-29T14:01:19,0.04992,4.992e-05,351824338672.42487
1978-01-29T14:01:28,0.09776,9.776e-05,688989329900.1654
1978-01-29T14:01:28,0.07566,7.566e-05,533233763300.394
1978-01-29T14:21:34,0.03942,3.942e-05,277822825129.54706
1978-01-29T14:22:11,0.1372,0.0001372,966953110293.6036
1978-01-29T14:23:49,0.05194,5.194e-05,366060820325.4356
1978-01-29T14:24:02,0.08574,8.574e-05,604275216301.5566
1978-01-29T14:24:02,0.07155,7.155e-05,504267456570.75323
1978-01-29T14:24:17,0.15409,0.00015409,1085989830649.7185
1978-01-29T14:24:24,0.10858,0.00010858,765246127665.3024
1978-01-29T14:24:57,0.06264,6.264e-05,441471886507.2254
1978-01-29T14:34:28,0.04049,4.049e-05,285363931747.726
1978-01-29T15:24:33,0.02783,2.783e-05,196139249704.59903
1978-01-29T15:48:18,0.0291,2.9100000000000003e-05,205089908961.68997
1978-01-29T15:58:08,0.04863,4.863e-05,342732724151.4427
1978-01-29T15:58:49,0.06358,6.358e-05,448096783910.11163
1978-01-29T15:59:11,0.08168,8.168e-05,575661297731.6439
1978-01-29T15:59:11,0.03337,3.337e-05,235183857802.46027
1978-01-29T15:59:38,0.02915,2.915e-05,205442297121.41797
1978-01-29T15:59:47,0.09596,9.596000000000001e-05,676303356149.9578
1978-01-29T16:00:37,0.03839,3.8390000000000003e-05,270563629039.15045
1978-01-29T16:18:25,0.0934,9.34e-05,658261082371.8846
1978-01-29T16:18:59,0.03825,3.825e-05,269576942191.91208
1978-01-29T16:19:26,0.05775,5.775e-05,407008324485.828
1978-01-29T16:19:42,0.04895,4.8950000000000004e-05,344988008373.7019
1978-01-29T16:19:43,0.07472,7.472e-05,526608865897.50775
1978-01-29T16:20:03,0.10554,0.00010554,743820927553.8405
1978-01-29T16:20:03,0.21003,0.00021003,1480241703753.3933
1978-01-29T16:20:15,0.13406,0.00013406000000000003,944823133862.686
1978-01-29T16:20:36,0.03043,3.043e-05,214463434010.4545
1978-01-29T16:20:40,0.27328,0.00027328000000000004,1926012725809.3005
1978-01-29T16:20:40,0.17541,0.00017541,1236248141957.7332
1978-01-29T16:20:40,0.355,0.000355,2501955934068.7266
1978-01-29T16:23:07,0.02604,2.604e-05,183523753586.337
1978-01-29T17:32:29,0.02432,2.432e-05,171401600891.69415
1978-01-29T17:41:42,0.02516,2.516e-05,177321721975.1244
1978-01-29T18:11:46,0.02344,2.344e-05,165199569280.48157
1978-01-29T18:19:45,0.02241,2.241e-05,157940373190.085
1978-01-29T18:32:39,0.04023,4.023e-05,283531513317.14044
1978-01-29T18:32:53,0.03262,3.262e-05,229898035406.54047
1978-01-29T18:34:05,0.02651,2.651e-05,186836202287.78012
1978-01-29T18:37:33,0.02431,2.431e-05,171331123259.74854
1978-01-29T18:58:26,0.02626,2.626e-05,185074261489.14017
1978-01-29T19:09:14,0.02515,2.5149999999999998e-05,177251244343.17877
1978-01-29T19:26:10,0.02448,2.448e-05,172529243002.82373
1978-01-29T19:35:50,0.02346,2.3460000000000002e-05,165340524544.37274
1978-01-29T19:46:55,0.02253,2.2530000000000003e-05,158786104773.43216
1978-01-29T20:03:37,0.02173,2.173e-05,153147894217.7843
1978-01-29T20:17:00,0.02135,2.135e-05,150469744203.8516
1978-01-29T20:27:22,0.02555,2.555e-05,180070349621.00272
1978-01-29T20:29:41,0.02247,2.247e-05,158363238981.75854
1978-01-29T20:43:40,0.02286,2.2859999999999998e-05,161111866627.63684
1978-01-29T20:59:34,0.02471,2.471e-05,174150228537.57245
1978-01-29T21:14:42,0.03,3e-05,211432895836.7938
1978-01-29T21:23:18,0.02954,2.9540000000000002e-05,208190924767.2963
1978-01-30T09:41:13,0.02601,2.601e-05,183312320690.5002
1978-01-30T09:50:30,0.02586,2.5860000000000003e-05,182255156211.31628
1978-01-30T09:59:24,0.01733,1.7330000000000002e-05,122137736161.72122
1978-01-30T10:01:51,0.02171,2.171e-05,153006938953.8931
1978-01-30T10:07:10,0.10192,0.00010192,718308024789.5342
1978-01-30T10:09:01,0.13259,0.00013259,934462921966.683
1978-01-30T10:23:11,0.0288,2.88e-05,202975580003.32205
1978-01-30T10:23:20,0.04118,4.118e-05,290226888351.9723
1978-01-30T10:24:33,0.03555,3.555e-05,250547981566.60062
1978-01-30T10:36:50,0.02895,2.895e-05,204032744482.506
1978-01-30T10:50:20,0.03255,3.2550000000000005e-05,229404691982.92126
1978-01-30T11:03:50,0.03299,3.299e-05,232505707788.52756
1978-01-30T11:17:19,0.03304,3.304e-05,232858095948.25555
1978-01-30T11:30:49,0.03029,3.0290000000000003e-05,213476747163.21613
1978-01-30T11:38:11,0.02806,2.8060000000000002e-05,197760235239.3478
1978-01-30T12:07:56,0.0274,2.7400000000000002e-05,193108711530.93832
1978-01-30T12:13:10,0.05826,5.826e-05,410602683715.0535
1978-01-30T12:13:17,0.04602,4.6019999999999996e-05,324338062213.64166
1978-01-30T12:13:46,0.03593,3.5929999999999997e-05,253226131580.53333
1978-01-30T12:14:35,0.02496,2.496e-05,175912169336.21243
1978-01-30T12:15:55,0.02959,2.9590000000000003e-05,208543312927.0243
1978-01-30T12:31:22,0.0647,6.47e-05,455990278688.01855
1978-01-30T12:31:46,0.02586,2.5860000000000003e-05,182255156211.31628
1978-01-30T12:31:50,0.08745,8.745e-05,616326891364.2539
1978-01-30T12:32:26,0.13652,0.00013652,962160631321.303
1978-01-30T12:32:41,0.03824,3.8240000000000007e-05,269506464559.96652
1978-01-30T12:32:48,0.04929,4.9290000000000004e-05,347384247859.85223
1978-01-30T12:36:19,0.02989,2.989e-05,210657641885.3922
1978-01-30T12:45:14,0.0251,2.51e-05,176898856183.4508
1978-01-30T12:50:35,0.02806,2.8060000000000002e-05,197760235239.3478
1978-01-30T12:54:06,0.02246,2.2460000000000002e-05,158292761349.81296
1978-01-30T13:18:09,0.0474,4.74e-05,334063975422.13416
1978-01-30T13:18:32,0.03614,3.6139999999999996e-05,254706161851.3909
1978-01-30T13:18:35,0.0278,2.7799999999999998e-05,195927816808.7622
1978-01-30T13:21:32,0.02265,2.265e-05,159631836356.7793
1978-01-30T13:23:29,0.07317,7.317e-05,515684832945.94006
1978-01-30T13:27:24,0.04152,4.152e-05,292623127838.1226
1978-01-30T13:27:43,0.04699,4.6989999999999996e-05,331174392512.3646
1978-01-30T13:28:31,0.06167,6.167e-05,434635556208.50244
1978-01-30T13:30:16,0.02551,2.551e-05,179788439093.22034
1978-01-30T13:32:00,0.02219,2.2190000000000003e-05,156389865287.28183
1978-01-30T13:59:55,0.07164,7.164e-05,504901755258.26355
1978-01-30T14:00:22,0.05545,5.545e-05,390798469138.3405
1978-01-30T14:01:37,0.0411,4.1099999999999996e-05,289663067296.4075
1978-01-30T14:02:23,0.03351,3.3509999999999996e-05,236170544649.69864
1978-01-30T18:53:50,0.21077,0.00021077000000000002,1485457048517.3677
1978-01-30T18:56:54,0.14099,0.00014099000000000002,993664132800.9854
1978-01-30T18:58:07,0.56522,0.00056522,3983536712829.086
1978-01-30T19:47:25,0.02723,2.7230000000000002e-05,191910591787.86316
1978-01-30T19:49:27,0.02167,2.1669999999999998e-05,152725028426.1107
1978-01-30T19:49:36,0.03292,3.2919999999999997e-05,232012364364.90836
1978-01-30T19:50:17,0.0164,1.6400000000000002e-05,115583316390.78061
1978-01-30T19:54:22,0.01387,1.3870000000000001e-05,97752475508.54434
1978-01-30T19:57:14,0.25396,0.00025396,1789849940890.405
1978-01-30T19:57:28,0.32792,0.00032792,2311102506760.0474
1978-01-30T19:58:52,0.11671,0.00011671,822544442437.0734
1978-01-30T19:58:52,0.09824,9.824e-05,692372256233.554
1978-01-30T20:00:55,0.05995,5.995000000000001e-05,422513403513.8596
1978-01-30T20:02:14,0.04918,4.918e-05,346608993908.4506
1978-01-30T20:02:33,0.0307,3.07e-05,216366330072.98563
1978-01-30T20:02:41,0.03751,3.7510000000000005e-05,264361597427.9379
1978-01-30T20:02:42,0.02518,2.5180000000000003e-05,177462677239.0156
1978-01-30T20:02:48,0.01132,1.132e-05,79780679362.41685
1978-01-30T20:03:46,0.01835,1.8350000000000002e-05,129326454620.17221
1978-01-30T20:04:45,0.01406,1.406e-05,99091550515.51068
1978-01-30T20:20:33,0.01452,1.452e-05,102333521585.00818
1978-01-30T20:20:57,0.01261,1.261e-05,88872293883.39899
1978-01-30T20:21:14,0.01924,1.9240000000000002e-05,135598963863.33043
1978-01-30T20:22:11,0.02499,2.499e-05,176123602232.04922
1978-01-30T22:34:32,0.16081,0.00016081,1133350799317.1602
1978-01-30T22:34:43,0.20197,0.00020197000000000002,1423436732405.2415
1978-01-30T22:35:20,0.56353,0.00056353,3971625993030.2803
1978-01-30T22:36:33,0.13646,0.00013646,961737765529.6294
1978-01-30T22:37:10,0.46074,0.00046074,3247186414261.479
1978-01-30T22:37:47,0.38171,0.00038171,2690201688995.4185
1978-01-30T23:04:10,0.04693,4.693e-05,330751526720.69104
1978-01-30T23:05:07,0.03717,3.7170000000000005e-05,261965357941.78754
1978-01-30T23:06:37,0.05426,5.4260000000000006e-05,382411630936.8144
1978-01-30T23:25:02,0.03391,3.3910000000000006e-05,238989649927.5226
1978-01-30T23:40:22,0.02899,2.899e-05,204314655010.2884
1978-01-31T02:08:42,0.03507,3.5069999999999995e-05,247165055233.21188
1978-01-31T02:10:04,0.06679,6.679e-05,470720103764.64856
1978-01-31T02:10:33,0.04434,4.434e-05,312497820046.78125
1978-01-31T02:11:54,0.21117,0.00021117,1488276153795.1917
1978-01-31T02:11:54,0.10937,0.00010936999999999999,770813860589.0045
1978-01-31T02:11:54,0.27316,0.00027316,1925166994225.9531
1978-01-31T02:12:10,0.08999,8.999e-05,634228209878.4358
1978-01-31T02:12:21,0.16115,0.00016115,1135747038803.3105
1978-01-31T02:12:27,0.05446,5.4460000000000004e-05,383821183575.7263
1978-01-31T09:24:14,0.09624,9.624000000000001e-05,678276729844.4346
1978-01-31T09:24:39,0.548,0.0005480000000000001,3862174230618.767
1978-01-31T09:25:41,0.3251,0.0003251,2291227814551.388
1978-01-31T09:25:53,0.15437,0.00015437,1087963204344.1953
1978-01-31T09:27:07,0.07784,7.784000000000001e-05,548597887064.53436
1978-01-31T09:27:27,0.0345,3.4500000000000005e-05,243147830212.3129
1978-01-31T09:27:44,0.05393,5.393e-05,380085869082.6097
1978-01-31T09:30:11,0.04364,4.364e-05,307564385810.58936
1978-01-31T09:32:23,0.02678,2.678e-05,188739098350.31125
1978-01-31T09:36:39,0.02965,2.965e-05,208966178718.69788
1978-01-31T09:46:32,0.02811,2.811e-05,198112623399.07578
1978-01-31T09:59:32,0.02863,2.863e-05,201777460260.24686
1978-01-31T10:18:08,0.03639,3.639e-05,256468102650.03088
1978-01-31T10:18:27,0.0276,2.76e-05,194518264169.85028
1978-01-31T10:33:46,0.02524,2.524e-05,177885543030.68918
1978-01-31T10:38:25,0.03917,3.9170000000000006e-05,276060884330.9071
1978-01-31T10:38:25,0.02997,2.997e-05,211221462940.957
1978-01-31T10:44:14,0.02323,2.323e-05,163719539009.624
1978-01-31T12:31:50,0.02292,2.292e-05,161534732419.31046
1978-01-31T12:33:22,0.02813,2.813e-05,198253578662.96698
1978-01-31T12:37:46,0.03609,3.6089999999999995e-05,254353773691.66287
1978-01-31T12:50:35,0.02999,2.999e-05,211362418204.84818
1978-01-31T13:02:53,0.02591,2.591e-05,182607544371.04425
1978-01-31T13:13:56,0.03671,3.671e-05,258723386872.28998
1978-01-31T13:15:25,0.02709,2.709e-05,190923904940.6248
1978-01-31T13:17:38,0.03045,3.045e-05,214604389274.3457
1978-01-31T13:30:48,0.03049,3.049e-05,214886299802.12808
1978-01-31T13:31:46,0.48534,0.00048534,3420561388847.65
1978-01-31T13:31:46,0.40616,0.00040616000000000003,2862519499102.406
1978-01-31T13:32:38,0.04587,4.587e-05,323280897734.4577
1978-01-31T13:32:39,0.21426,0.00021426,1510053742066.3813
1978-01-31T13:33:00,0.08045,8.044999999999999e-05,566992549002.3353
1978-01-31T13:33:37,0.05595,5.595e-05,394322350735.6204
1978-01-31T13:34:38,0.03714,3.714e-05,261753925045.9507
1978-01-31T13:34:50,0.09802,9.802e-05,690821748330.7509
1978-01-31T13:41:10,0.0299,2.9900000000000002e-05,210728119517.3378
1978-01-31T14:19:06,0.03171,3.171e-05,223484570899.49106
1978-01-31T14:30:59,0.02862,2.862e-05,201706982628.3013
1978-01-31T14:45:48,0.02617,2.617e-05,184439962801.62976
1978-01-31T15:00:24,0.02381,2.381e-05,167807241662.4687
1978-01-31T15:09:08,0.01972,1.972e-05,138981890196.71912
1978-01-31T15:10:44,0.01594,1.594e-05,112341345321.2831
1978-01-31T15:15:02,0.02502,2.502e-05,176335035127.88602
1978-01-31T15:34:42,0.02978,2.9780000000000003e-05,209882387933.99066
1978-01-31T15:35:03,0.02448,2.448e-05,172529243002.82373
1978-01-31T15:36:05,0.01937,1.937e-05,136515173078.62317
1978-01-31T15:52:20,0.0749,7.489999999999999e-05,527877463272.52844
1978-01-31T15:54:23,0.05072,5.072e-05,357462549228.0727
1978-01-31T15:54:23,0.04244,4.244e-05,299107069977.1176
1978-01-31T15:54:23,0.02878,2.8780000000000002e-05,202834624739.43088
1978-01-31T15:54:35,0.03453,3.4529999999999996e-05,243359263108.14963
1978-01-31T15:54:45,0.06129,6.129e-05,431957406194.56976
1978-01-31T16:13:11,0.02594,2.5940000000000002e-05,182818977266.88104
1978-01-31T16:22:17,0.02628,2.6280000000000002e-05,185215216753.03137
1978-01-31T16:22:30,0.0337,3.37e-05,237509619656.665
1978-01-31T16:22:32,0.16114,0.00016114000000000002,1135676561171.3652
1978-01-31T16:22:39,0.0401,4.01e-05,282615304101.84766
1978-01-31T16:24:30,0.12542,0.00012542,883930459861.6892
1978-01-31T16:25:07,0.10382,0.00010381999999999999,731698774859.1976
1978-01-31T17:00:34,0.10229,0.00010229000000000001,720915697171.5214
1978-01-31T17:00:46,0.07695,7.695e-05,542325377821.3761
1978-01-31T17:00:58,0.1266,0.0001266,892246820431.2697
1978-01-31T17:01:23,0.1614,0.0001614,1137508979601.9504
1978-01-31T17:04:05,0.03001,3.001e-05,211503373468.73938
1978-01-31T17:19:49,0.02596,2.5960000000000002e-05,182959932530.77222
1978-01-31T17:35:33,0.02366,2.366e-05,166750077183.28473
1978-01-31T17:41:57,0.0237,2.37e-05,167031987711.06708
1978-01-31T18:26:30,0.09297,9.297e-05,655230544198.2239
1978-01-31T18:26:49,0.14646,0.00014646,1032215397475.2273
1978-01-31T18:28:03,0.07125,7.125e-05,502153127612.38525
1978-01-31T18:29:01,0.03896,3.896e-05,274580854060.04953
1978-01-31T18:29:17,0.0487,4.87e-05,343226067575.0619
1978-01-31T18:37:16,0.02638,2.638e-05,185919993072.48734
1978-01-31T18:38:30,0.01635,1.635e-05,115230928231.05263
1978-01-31T18:39:07,0.01139,1.1390000000000001e-05,80274022786.03606
1978-01-31T18:40:21,0.00824,8.24e-06,58073568723.17269
1978-01-31T18:58:10,0.0259,2.59e-05,182537066739.09863
1978-01-31T19:40:54,0.22334,0.00022334,1574047431872.9841
1978-01-31T19:43:40,0.12316,0.00012316,868002515041.9841
1978-01-31T19:44:04,0.02395,2.395e-05,168793928509.70703
1978-01-31T19:44:17,0.05522,5.5219999999999996e-05,389177483603.59174
1978-01-31T19:45:08,0.03651,3.651e-05,257313834233.37802
1978-01-31T19:48:44,0.02823,2.8230000000000002e-05,198958354982.42294
1978-01-31T19:50:44,0.02294,2.294e-05,161675687683.20166
1978-01-31T20:08:15,0.02465,2.465e-05,173727362745.8989
1978-01-31T20:34:45,0.02196,2.196e-05,154768879752.53305
1978-01-31T22:07:30,0.02428,2.428e-05,171119690363.9118
1978-01-31T22:28:24,0.02261,2.2610000000000002e-05,159349925828.99695
1978-01-31T22:41:55,0.02333,2.3330000000000002e-05,164424315329.08
1978-01-31T22:55:27,0.02478,2.478e-05,174643571961.19165
1978-01-31T23:04:28,0.03129,3.129e-05,220524510357.77594
1978-01-31T23:05:54,0.03639,3.639e-05,256468102650.03088
1978-01-31T23:28:02,0.02741,2.741e-05,193179189162.8839
1978-01-31T23:51:23,0.02391,2.391e-05,168512017981.92465
