time,i082_ergs_per_cm2_per_s,i082_W_per_m2,i082_ph_flux
1978-03-01T01:33:27,0.01489,1.4890000000000001e-05,104941193966.99533
1978-03-01T01:34:25,0.0191,1.91e-05,134612277016.09204
1978-03-01T01:38:06,0.02556,2.556e-05,180140827252.9483
1978-03-01T01:50:21,0.02802,2.802e-05,197478324711.56537
1978-03-01T02:02:08,0.02926,2.926e-05,206217551072.81955
1978-03-01T02:13:18,0.03109,3.109e-05,219114957718.86398
1978-03-01T02:17:08,0.03633,3.633e-05,256045236858.35727
1978-03-01T02:41:09,0.03416,3.4160000000000005e-05,240751590726.16257
1978-03-01T02:44:38,0.02749,2.7490000000000003e-05,193743010218.44873
1978-03-01T02:48:45,0.02339,2.339e-05,164847181120.75357
1978-03-01T02:55:04,0.02713,2.7130000000000003e-05,191205815468.4072
1978-03-01T03:10:50,0.02442,2.442e-05,172106377211.15015
1978-03-01T03:51:51,0.02247,2.247e-05,158363238981.75854
1978-03-01T04:13:55,0.02296,2.296e-05,161816642947.09286
1978-03-01T04:43:54,0.0239,2.39e-05,168441540349.97906
1978-03-01T04:55:41,0.02302,2.302e-05,162239508738.76645
1978-03-01T05:07:53,0.02307,2.307e-05,162591896898.49442
1978-03-01T05:16:34,0.01886,1.886e-05,132920813849.39767
1978-03-01T05:35:51,0.02179,2.179e-05,153570760009.4579
1978-03-01T07:38:31,0.03112,3.112e-05,219326390614.70074
1978-03-01T08:23:49,0.02563,2.563e-05,180634170676.5675
1978-03-01T08:46:00,0.03337,3.337e-05,235183857802.46027
1978-03-01T08:52:08,0.04027,4.027e-05,283813423844.92285
1978-03-01T08:59:56,0.04278,4.278e-05,301503309463.2679
1978-03-01T10:02:04,0.05335,5.335e-05,375998166429.76495
1978-03-01T10:03:44,0.0433,4.33e-05,305168146324.439
1978-03-01T10:11:57,0.03616,3.616e-05,254847117115.2821
1978-03-01T10:16:56,0.04479,4.479e-05,315669313484.3332
1978-03-01T10:22:25,0.03785,3.7850000000000005e-05,266757836914.0882
1978-03-01T10:32:28,0.03606,3.6060000000000004e-05,254142340795.82617
1978-03-01T10:34:40,0.04643,4.643e-05,327227645123.4112
1978-03-01T10:40:21,0.1313,0.0001313,925371307445.7007
1978-03-01T10:57:41,0.22751,0.00022751,1603436604394.2983
1978-03-01T11:22:56,0.18432,0.00018432000000000002,1299043712021.2612
1978-03-01T11:27:40,0.15569,0.00015569,1097266251761.0142
1978-03-01T11:33:58,0.18438,0.00018438,1299466577812.9346
1978-03-01T11:37:07,0.09184,9.184e-05,647266571788.3715
1978-03-01T11:41:51,0.06979,6.979000000000001e-05,491863393348.328
1978-03-01T11:49:44,0.07758,7.758e-05,546765468633.9487
1978-03-01T11:52:54,0.05418,5.418e-05,381847809881.2496
1978-03-01T11:59:12,0.08625,8.625e-05,607869575530.7821
1978-03-01T12:08:16,0.0574,5.74e-05,404541607367.7321
1978-03-01T12:12:46,0.06318,6.318e-05,445277678632.2877
1978-03-01T12:29:03,0.05534,5.534e-05,390023215186.93896
1978-03-01T12:34:39,0.04722,4.722e-05,332795378047.1134
1978-03-01T12:38:23,0.03889,3.889e-05,274087510636.43036
1978-03-01T12:44:57,0.03557,3.557e-05,250688936830.49185
1978-03-01T12:49:40,0.03953,3.953e-05,278598079080.9486
1978-03-01T12:54:11,0.03405,3.405e-05,239976336774.76096
1978-03-01T13:07:01,0.04214,4.214e-05,296992741018.7497
1978-03-01T13:10:11,0.03136,3.136e-05,221017853781.39508
1978-03-01T13:14:55,0.04127,4.127e-05,290861187039.48267
1978-03-01T13:21:13,0.03486,3.486e-05,245685024962.35437
1978-03-01T13:39:32,0.02802,2.802e-05,197478324711.56537
1978-03-01T13:47:34,0.02693,2.6929999999999998e-05,189796262829.4952
1978-03-01T14:45:30,0.02612,2.612e-05,184087574641.9018
1978-03-01T14:51:07,0.01778,1.7780000000000003e-05,125309229599.27313
1978-03-01T14:54:16,0.0289,2.8899999999999998e-05,203680356322.77798
1978-03-01T14:57:26,0.02441,2.4410000000000002e-05,172035899579.20456
1978-03-01T15:26:07,0.03383,3.383e-05,238425828871.9578
1978-03-01T15:37:41,0.03424,3.424e-05,241315411781.7273
1978-03-01T15:43:48,0.03233,3.233e-05,227854184080.1181
1978-03-01T15:59:52,0.0277,2.77e-05,195223040489.30624
1978-03-01T17:26:06,0.03435,3.435e-05,242090665733.1289
1978-03-01T17:38:26,0.04502,4.502e-05,317290299019.08185
1978-03-01T17:39:53,0.03439,3.4389999999999994e-05,242372576260.91125
1978-03-01T17:47:32,0.034,3.4000000000000007e-05,239623948615.03302
1978-03-01T19:52:22,0.04449,4.449e-05,313554984525.9652
1978-03-01T19:59:29,0.03427,3.427e-05,241526844677.56412
1978-03-01T20:12:09,0.04462,4.462e-05,314471193741.258
1978-03-01T20:14:27,0.03455,3.455e-05,243500218372.04083
1978-03-01T20:17:36,0.04091,4.091e-05,288323992289.4411
1978-03-01T20:26:05,0.03801,3.8010000000000004e-05,267885479025.21774
1978-03-01T20:28:13,0.03322,3.322e-05,234126693323.2763
1978-03-01T20:45:31,0.03214,3.214e-05,226515109073.15173
1978-03-01T21:54:28,0.03237,3.2370000000000003e-05,228136094607.9005
1978-03-01T22:03:45,0.03635,3.635e-05,256186192122.24847
1978-03-01T22:09:13,0.0435,4.35e-05,306577698963.351
1978-03-01T22:16:58,0.06158,6.158e-05,434001257520.99207
1978-03-01T22:19:03,0.0476,4.7600000000000005e-05,335473528061.0462
1978-03-01T22:25:22,0.03774,3.774e-05,265982582962.68658
1978-03-01T22:42:40,0.03667,3.667e-05,258441476344.50763
1978-03-01T23:14:48,0.03646,3.646e-05,256961446073.65005
1978-03-01T23:25:18,0.04114,4.114e-05,289944977824.1899
1978-03-01T23:30:01,0.03475,3.4750000000000004e-05,244909771010.95285
1978-03-01T23:40:15,0.03625,3.625e-05,255481415802.7925
1978-03-01T23:50:10,0.03683,3.6830000000000005e-05,259569118455.6372
1978-03-01T23:57:39,0.03671,3.671e-05,258723386872.28998
1978-03-02T00:26:57,0.17422,0.00017422000000000002,1227861303756.2073
1978-03-02T00:29:19,0.0631,6.31e-05,444713857576.7229
1978-03-02T00:47:28,0.03497,3.497e-05,246460278913.75595
1978-03-02T00:58:41,0.03563,3.563e-05,251111802622.16547
1978-03-02T01:18:27,0.03503,3.503e-05,246883144705.42953
1978-03-02T01:28:03,0.0324,3.24e-05,228347527503.7373
1978-03-02T01:48:53,0.03024,3.024e-05,213124359003.48813
1978-03-02T01:52:05,0.02627,2.627e-05,185144739121.08575
1978-03-02T02:19:33,0.03314,3.3140000000000005e-05,233562872267.71158
1978-03-02T07:48:45,0.02868,2.868e-05,202129848419.97485
1978-03-02T09:45:42,0.03022,3.0220000000000002e-05,212983403739.59695
1978-03-02T10:03:51,0.0288,2.88e-05,202975580003.32205
1978-03-02T10:33:13,0.02872,2.872e-05,202411758947.75723
1978-03-02T10:47:06,0.02981,2.981e-05,210093820829.82745
1978-03-02T11:19:40,0.03378,3.378e-05,238073440712.22977
1978-03-02T11:31:25,0.03817,3.817e-05,269013121136.3473
1978-03-02T11:37:47,0.04351,4.351e-05,306648176595.29663
1978-03-02T11:48:53,0.03517,3.5170000000000004e-05,247869831552.66794
1978-03-02T11:56:49,0.03998,3.998e-05,281769572518.50055
1978-03-02T12:05:35,0.03763,3.763e-05,265207329011.285
1978-03-02T12:19:01,0.03673,3.673e-05,258864342136.1812
1978-03-02T12:36:33,0.03709,3.709e-05,261401536886.2227
1978-03-02T12:42:58,0.03614,3.6139999999999996e-05,254706161851.3909
1978-03-02T13:01:39,0.03722,3.7220000000000006e-05,262317746101.51553
1978-03-02T13:46:44,0.04148,4.148e-05,292341217310.3403
1978-03-02T13:55:19,0.03843,3.843e-05,270845539566.93286
1978-03-02T14:06:15,0.03712,3.7120000000000004e-05,261612969782.05954
1978-03-02T14:13:12,0.04189,4.189e-05,295230800220.10974
1978-03-02T14:18:00,0.03641,3.641e-05,256609057913.92206
1978-03-02T14:29:45,0.03528,3.528e-05,248645085504.0695
1978-03-02T14:39:54,0.03834,3.834e-05,270211240879.42245
1978-03-02T14:58:53,0.03674,3.6740000000000004e-05,258934819768.1268
1978-03-02T15:10:20,0.03649,3.6490000000000005e-05,257172878969.48685
1978-03-02T15:22:05,0.03801,3.8010000000000004e-05,267885479025.21774
1978-03-02T15:32:45,0.04813,4.813e-05,339208842554.16284
1978-03-02T15:37:02,0.03293,3.2930000000000005e-05,232082841996.85403
1978-03-02T15:53:03,0.0376,3.76e-05,264995896115.4482
1978-03-02T16:03:44,0.03748,3.748e-05,264150164532.10104
1978-03-02T16:28:17,0.04103,4.103e-05,289169723872.7883
1978-03-02T16:40:02,0.04273,4.273e-05,301150921303.54
1978-03-02T16:51:47,0.04317,4.317e-05,304251937109.1463
1978-03-02T17:03:32,0.03965,3.965e-05,279443810664.29584
1978-03-02T17:12:36,0.03604,3.604e-05,254001385531.93497
1978-03-02T17:41:58,0.04419,4.419e-05,311440655567.5972
1978-03-02T18:05:28,0.04273,4.273e-05,301150921303.54
1978-03-02T18:23:05,0.04291,4.291e-05,302419518678.5607
1978-03-02T19:35:09,0.06478,6.478e-05,456554099743.5834
1978-03-02T19:39:54,0.07207,7.206999999999999e-05,507932293431.92426
1978-03-02T19:43:05,0.05348,5.348e-05,376914375645.05774
1978-03-02T19:49:25,0.0621,6.21e-05,437666094382.1632
1978-03-02T20:05:17,0.05584,5.584e-05,393547096784.2189
1978-03-02T21:24:06,0.06932,6.932000000000001e-05,488550944646.8849
1978-03-02T21:28:16,0.05475,5.475e-05,385865034902.1487
1978-03-02T21:39:03,0.04609,4.609e-05,324831405637.2608
1978-03-02T21:45:11,0.04245,4.245e-05,299177547609.06323
1978-03-02T21:56:17,0.04826,4.8259999999999995e-05,340125051769.45557
1978-03-03T00:26:09,0.05072,5.072e-05,357462549228.0727
1978-03-03T00:37:55,0.04891,4.8910000000000004e-05,344706097845.9195
1978-03-03T00:49:47,0.05445,5.445e-05,383750705943.7807
1978-03-03T01:01:35,0.0537,5.37e-05,378464883547.86084
1978-03-03T01:13:21,0.05135,5.135e-05,361902640040.6454
1978-03-03T01:23:59,0.05883,5.8830000000000004e-05,414619908735.95264
1978-03-03T01:38:47,0.07323,7.323e-05,516107698737.61365
1978-03-03T02:11:09,0.04366,4.366e-05,307705341074.4805
1978-03-03T02:28:16,0.04184,4.1840000000000006e-05,294878412060.3818
1978-03-03T02:40:04,0.04194,4.194e-05,295583188379.83777
1978-03-03T02:51:51,0.04123,4.123e-05,290579276511.70026
1978-03-03T03:13:39,0.04007,4.007e-05,282403871206.0109
1978-03-03T13:13:57,0.04703,4.703e-05,331456303040.14703
1978-03-03T13:25:40,0.04146,4.146e-05,292200262046.44904
1978-03-03T13:37:24,0.03758,3.758e-05,264854940851.55704
1978-03-03T14:12:49,0.03976,3.976e-05,280219064615.6973
1978-03-03T14:24:35,0.03753,3.753e-05,264502552691.82904
1978-03-03T14:36:58,0.03469,3.469e-05,244486905219.27924
1978-03-03T14:48:08,0.03525,3.5249999999999996e-05,248433652608.23267
1978-03-03T14:57:48,0.03607,3.607e-05,254212818427.7717
1978-03-03T15:26:44,0.03548,3.548e-05,250054638142.98145
1978-03-03T16:18:40,0.03117,3.117e-05,219678778774.42874
1978-03-03T17:44:07,0.04119,4.119e-05,290297365983.91785
1978-03-03T18:07:30,0.03077,3.077e-05,216859673496.60483
1978-03-03T18:19:17,0.03007,3.0070000000000002e-05,211926239260.41296
1978-03-03T19:01:33,0.0577,5.77e-05,406655936326.10004
1978-03-03T19:12:32,0.05685,5.685e-05,400665337610.7242
1978-03-03T19:19:40,0.07064,7.064e-05,497853992063.7038
1978-03-03T19:24:28,0.08434,8.434e-05,594408347829.1729
1978-03-03T19:35:03,0.09255,9.255e-05,652270483656.5089
1978-03-03T19:46:48,0.07761,7.761e-05,546976901529.7855
1978-03-03T19:56:21,0.06702,6.701999999999999e-05,472341089299.3973
1978-03-03T00:07:21,0.04774,4.774e-05,336460214908.2845
1978-03-03T00:15:17,0.05305,5.305e-05,373883837471.39703
1978-03-03T00:54:39,0.05892,5.892e-05,415254207423.46295
1978-03-03T01:32:37,0.08257,8.257e-05,581933806974.8021
1978-03-03T01:51:09,0.05078,5.078e-05,357885415019.7463
1978-03-03T02:56:59,0.03855,3.855e-05,271691271150.28003
1978-03-03T03:23:43,0.03936,3.936e-05,277399959337.8735
1978-03-03T03:30:04,0.04282,4.282e-05,301785219991.0503
1978-03-03T03:34:40,0.03616,3.616e-05,254847117115.2821
1978-03-03T03:41:02,0.04019,4.019e-05,283249602789.3581
1978-03-03T03:47:15,0.03616,3.616e-05,254847117115.2821
1978-03-03T03:52:04,0.04192,4.192e-05,295442233115.94653
1978-03-03T04:01:24,0.03692,3.692e-05,260203417143.14752
1978-03-03T13:50:49,0.03157,3.1570000000000004e-05,222497884052.2527
1978-03-03T13:54:07,0.039,3.9e-05,274862764587.8319
1978-03-03T18:32:10,0.02951,2.9510000000000004e-05,207979491871.4595
1978-03-03T18:48:24,0.0618,6.18e-05,435551765423.79517
1978-03-03T18:40:17,0.04226,4.226e-05,297838472602.09686
1978-03-03T20:13:12,0.05437,5.437e-05,383186884888.21594
1978-03-03T22:37:30,0.03338,3.338e-05,235254335434.40588
1978-03-03T22:45:14,0.0276,2.76e-05,194518264169.85028
1978-03-03T22:49:44,0.02053,2.053e-05,144690578384.31256
1978-03-03T22:56:14,0.02759,2.7590000000000002e-05,194447786537.90472
1978-03-04T00:04:38,0.02912,2.912e-05,205230864225.58115
1978-03-04T00:16:59,0.02982,2.982e-05,210164298461.77304
1978-03-04T00:25:01,0.03198,3.198e-05,225387466962.0222
1978-03-04T00:37:52,0.05157,5.1569999999999996e-05,363453147943.4485
1978-03-04T00:43:38,0.06318,6.318e-05,445277678632.2877
1978-03-04T00:47:55,0.07792,7.792e-05,549161708120.09906
1978-03-04T00:51:33,0.09653,9.653000000000001e-05,680320581170.8569
1978-03-04T00:58:40,0.10796,0.00010796,760876514484.6752
1978-03-04T01:14:18,0.08982,8.982e-05,633030090135.3606
1978-03-04T01:19:04,0.07411,7.411e-05,522309730348.82623
1978-03-04T01:24:51,0.06092,6.0920000000000006e-05,429349733812.58264
1978-03-04T01:32:45,0.05148,5.148e-05,362818849255.9381
1978-03-04T01:43:41,0.04772,4.772e-05,336319259644.39325
1978-03-04T01:55:28,0.04279,4.279e-05,301573787095.2135
1978-03-04T02:07:14,0.04114,4.114e-05,289944977824.1899
1978-03-04T02:16:20,0.03866,3.866e-05,272466525101.68158
1978-03-04T02:34:24,0.04401,4.401e-05,310172058192.57654
1978-03-04T02:40:25,0.07065,7.065000000000001e-05,497924469695.6494
1978-03-04T02:49:57,0.09551,9.551e-05,673131862712.4058
1978-03-04T03:03:51,0.08439,8.439000000000001e-05,594760735988.901
1978-03-04T03:13:07,0.05949,5.949e-05,419271432444.36206
1978-03-04T03:20:51,0.07456,7.456e-05,525481223786.37823
1978-03-04T03:27:31,0.06619,6.619e-05,466491445847.9127
1978-03-04T03:39:17,0.05832,5.832e-05,411025549506.7271
1978-03-04T03:50:24,0.05333,5.3330000000000006e-05,375857211165.8738
1978-03-04T04:01:01,0.04738,4.738e-05,333923020158.2429
1978-03-04T04:08:45,0.04363,4.363e-05,307493908178.64374
1978-03-04T04:11:50,0.05249,5.249e-05,369937090082.44354
1978-03-04T04:18:53,0.04096,4.096e-05,288676380449.1691
1978-03-04T04:30:40,0.03856,3.856e-05,271761748782.2256
1978-03-04T04:42:26,0.03617,3.617e-05,254917594747.22772
1978-03-04T04:49:24,0.03601,3.601e-05,253789952636.09818
1978-03-04T06:14:29,0.03139,3.139e-05,221229286677.2319
1978-03-04T06:26:16,0.03104,3.104e-05,218762569559.136
1978-03-04T06:38:02,0.03115,3.115e-05,219537823510.53754
1978-03-04T06:47:40,0.03121,3.121e-05,219960689302.21115
1978-03-04T09:15:23,0.03397,3.397e-05,239412515719.1962
1978-03-04T09:27:09,0.03286,3.286e-05,231589498573.2348
1978-03-04T09:39:23,0.02807,2.807e-05,197830712871.2934
1978-03-04T09:40:56,0.03377,3.3770000000000004e-05,238002963080.28424
1978-03-04T09:50:10,0.03745,3.7449999999999995e-05,263938731636.26422
1978-03-04T16:53:30,0.02946,2.946e-05,207627103711.73148
1978-03-04T17:03:08,0.02838,2.838e-05,200015519461.60693
1978-03-04T17:19:11,0.02902,2.902e-05,204526087906.1252
1978-03-04T17:30:57,0.02847,2.847e-05,200649818149.1173
1978-03-04T17:41:50,0.02995,2.9950000000000003e-05,211080507677.06583
1978-03-04T17:48:05,0.03614,3.6139999999999996e-05,254706161851.3909
1978-03-04T17:53:50,0.04345,4.3450000000000006e-05,306225310803.62305
1978-03-04T18:00:45,0.05183,5.1830000000000004e-05,365285566374.0341
1978-03-04T18:12:42,0.04838,4.838e-05,340970783352.8028
1978-03-04T18:24:39,0.04199,4.199e-05,295935576539.5657
1978-03-04T18:35:11,0.03823,3.823e-05,269435986928.02087
1978-03-04T18:46:57,0.0352,3.52e-05,248081264448.50473
1978-03-04T18:58:44,0.03251,3.251e-05,229122781455.13885
1978-03-04T19:10:30,0.031,3.1e-05,218480659031.35358
1978-03-04T19:22:17,0.03046,3.0460000000000003e-05,214674866906.29132
1978-03-04T19:32:59,0.03044,3.044e-05,214533911642.40012
1978-03-04T19:49:02,0.03123,3.1230000000000004e-05,220101644566.10236
1978-03-04T19:58:40,0.03073,3.073e-05,216577762968.82242
1978-03-04T20:23:17,0.03187,3.1870000000000005e-05,224612213010.62064
1978-03-04T20:35:04,0.03205,3.205e-05,225880810385.64136
1978-03-04T20:46:50,0.03011,3.011e-05,212208149788.19537
1978-03-04T20:58:37,0.02918,2.9180000000000002e-05,205653730017.25476
1978-03-04T21:19:32,0.02844,2.8440000000000002e-05,200438385253.28052
1978-03-04T21:30:43,0.0273,2.7300000000000003e-05,192403935211.48236
1978-03-04T21:51:03,0.02936,2.936e-05,206922327392.2755
1978-03-04T22:10:19,0.02811,2.811e-05,198112623399.07578
1978-03-04T22:26:23,0.02829,2.829e-05,199381220774.09653
1978-03-04T22:40:05,0.02868,2.868e-05,202129848419.97485
1978-03-04T22:51:43,0.02844,2.8440000000000002e-05,200438385253.28052
1978-03-04T23:01:42,0.02894,2.894e-05,203962266850.56042
1978-03-04T23:10:16,0.02829,2.829e-05,199381220774.09653
1978-03-04T23:21:22,0.02474,2.4740000000000004e-05,174361661433.4093
1978-03-04T23:27:33,0.02856,2.8559999999999998e-05,201284116836.6277
1978-03-04T23:39:10,0.03039,3.0390000000000002e-05,214181523482.67212
1978-03-04T23:49:52,0.02923,2.923e-05,206006118176.98276
1978-03-05T00:04:39,0.03033,3.033e-05,213758657690.9985
1978-03-05T00:17:29,0.03051,3.051e-05,215027255066.0193
1978-03-05T00:28:54,0.032,3.2e-05,225528422225.91336
1978-03-05T00:39:19,0.0348,3.48e-05,245262159170.6808
1978-03-05T00:50:15,0.03464,3.464e-05,244134517059.5512
1978-03-05T01:02:00,0.03221,3.2210000000000005e-05,227008452496.77097
1978-03-05T01:10:00,0.03215,3.2149999999999995e-05,226585586705.0973
1978-03-05T01:39:21,0.03274,3.274e-05,230743766989.88763
1978-03-05T01:48:58,0.03242,3.242e-05,228488482767.62848
1978-03-05T02:12:27,0.03192,3.192e-05,224964601170.3486
1978-03-05T02:38:04,0.03205,3.205e-05,225880810385.64136
1978-03-05T02:59:25,0.03319,3.319e-05,233915260427.4395
1978-03-05T03:17:34,0.03505,3.505e-05,247024099969.3207
1978-03-05T03:30:15,0.03532,3.532e-05,248926996031.8519
1978-03-05T03:41:41,0.0344,3.44e-05,242443053892.8569
1978-03-05T03:53:26,0.03197,3.197e-05,225316989330.07657
1978-03-05T04:03:28,0.03047,3.047e-05,214745344538.2369
1978-03-05T04:55:46,0.04001,4.001e-05,281981005414.3373
1978-03-05T05:37:56,0.03975,3.9750000000000004e-05,280148586983.7518
1978-03-05T05:50:44,0.03839,3.8390000000000003e-05,270563629039.15045
1978-03-05T06:07:17,0.03778,3.778e-05,266264493490.46896
1978-03-05T06:17:26,0.03679,3.6790000000000005e-05,259287207927.85483
1978-03-05T06:40:23,0.03434,3.434e-05,242020188101.1833
1978-03-05T06:52:07,0.03475,3.4750000000000004e-05,244909771010.95285
1978-03-05T06:59:04,0.03345,3.345e-05,235747678858.02505
1978-03-05T07:22:33,0.03203,3.203e-05,225739855121.75018
1978-03-05T07:42:03,0.03444,3.444e-05,242724964420.63928
1978-03-05T07:56:38,0.03185,3.185e-05,224471257746.72943
1978-03-05T08:06:51,0.03264,3.2640000000000006e-05,230038990670.43167
1978-03-05T08:18:35,0.03285,3.285e-05,231519020941.28918
1978-03-05T08:26:35,0.03186,3.186e-05,224541735378.67502
1978-03-05T08:54:53,0.03059,3.059e-05,215591076121.58405
1978-03-05T09:02:53,0.02954,2.9540000000000002e-05,208190924767.2963
1978-03-05T09:14:06,0.0297,2.97e-05,209318566878.42584
1978-03-05T09:57:52,0.03065,3.065e-05,216013941913.25766
1978-03-05T10:08:00,0.03309,3.309e-05,233210484107.98358
1978-03-05T11:53:00,0.03661,3.661e-05,258018610552.834
1978-03-05T12:00:46,0.04151,4.151e-05,292552650206.17706
1978-03-05T12:08:05,0.03607,3.607e-05,254212818427.7717
1978-03-05T12:19:50,0.03289,3.2890000000000005e-05,231800931469.07162
1978-03-05T12:31:34,0.03262,3.262e-05,229898035406.54047
1978-03-05T12:42:43,0.05226,5.2260000000000004e-05,368316104547.6948
1978-03-05T12:47:22,0.04514,4.514e-05,318136030602.4291
1978-03-05T12:54:15,0.03911,3.9109999999999997e-05,275638018539.23346
1978-03-05T13:03:43,0.04871,4.8710000000000006e-05,343296545207.00757
1978-03-05T13:23:15,0.03851,3.851e-05,271409360622.49765
1978-03-05T13:34:03,0.04534,4.5339999999999996e-05,319545583241.34094
1978-03-05T13:44:33,0.04264,4.264e-05,300516622616.02954
1978-03-05T13:55:54,0.03796,3.796e-05,267533090865.48975
1978-03-05T14:07:39,0.03607,3.607e-05,254212818427.7717
1978-03-05T14:19:23,0.03475,3.4750000000000004e-05,244909771010.95285
1978-03-05T14:31:08,0.03383,3.383e-05,238425828871.9578
1978-03-05T14:42:52,0.03359,3.359e-05,236734365705.26343
1978-03-05T14:54:37,0.03215,3.2149999999999995e-05,226585586705.0973
1978-03-05T15:06:21,0.03213,3.213e-05,226444631441.20612
1978-03-05T15:18:06,0.03159,3.159e-05,222638839316.14386
1978-03-05T15:29:50,0.03161,3.161e-05,222779794580.03503
1978-03-05T15:41:35,0.03217,3.217e-05,226726541968.98853
1978-03-05T15:53:19,0.03612,3.612e-05,254565206587.49973
1978-03-05T16:05:04,0.03348,3.3480000000000005e-05,235959111753.8619
1978-03-05T16:13:04,0.03203,3.203e-05,225739855121.75018
1978-03-06T00:39:26,0.03459,3.4590000000000006e-05,243782128899.8233
1978-03-06T00:51:09,0.03405,3.405e-05,239976336774.76096
1978-03-06T01:02:52,0.03393,3.393e-05,239130605191.4138
1978-03-06T01:14:35,0.03393,3.393e-05,239130605191.4138
1978-03-06T01:26:18,0.03403,3.403e-05,239835381510.86972
1978-03-06T01:38:01,0.03441,3.4410000000000004e-05,242513531524.80252
1978-03-06T01:51:36,0.04246,4.246e-05,299248025241.0088
1978-03-06T01:58:15,0.06268,6.268e-05,441753797035.0078
1978-03-06T02:39:39,0.04524,4.524e-05,318840806921.8851
1978-03-06T02:47:40,0.03989,3.9890000000000006e-05,281135273830.9902
1978-03-06T02:58:58,0.03638,3.638e-05,256397625018.08527
1978-03-06T03:10:41,0.03478,3.478e-05,245121203906.7896
1978-03-06T03:22:24,0.03503,3.503e-05,246883144705.42953
1978-03-06T03:34:07,0.03387,3.387e-05,238707739399.74017
1978-03-06T03:45:50,0.03352,3.3520000000000004e-05,236241022281.6443
1978-03-06T03:57:33,0.03392,3.392e-05,239060127559.46817
1978-03-06T04:09:16,0.03658,3.6580000000000006e-05,257807177656.99725
1978-03-06T04:16:11,0.03604,3.604e-05,254001385531.93497
1978-03-06T05:04:39,0.0382,3.82e-05,269224554032.18408
1978-03-06T05:23:50,0.03419,3.4189999999999996e-05,240963023621.99927
1978-03-06T05:35:33,0.03393,3.393e-05,239130605191.4138
1978-03-06T05:47:16,0.03407,3.4070000000000004e-05,240117292038.65216
1978-03-06T05:58:59,0.03403,3.403e-05,239835381510.86972
1978-03-06T06:10:42,0.03322,3.322e-05,234126693323.2763
1978-03-06T06:22:25,0.03282,3.282e-05,231307588045.4524
1978-03-06T06:34:08,0.03332,3.3320000000000006e-05,234831469642.73236
1978-03-06T06:46:12,0.03387,3.387e-05,238707739399.74017
1978-03-06T06:57:46,0.03437,3.437e-05,242231620997.02008
1978-03-06T07:08:55,0.03809,3.809e-05,268449300080.78253
1978-03-06T07:15:08,0.03766,3.766e-05,265418761907.12183
1978-03-06T07:24:11,0.03574,3.574e-05,251887056573.567
1978-03-06T07:33:15,0.03693,3.693e-05,260273894775.09314
1978-03-06T07:50:49,0.04067,4.067e-05,286632529122.7468
1978-03-06T08:02:32,0.03807,3.807e-05,268308344816.89133
1978-03-06T08:14:15,0.03801,3.8010000000000004e-05,267885479025.21774
1978-03-06T08:25:58,0.03669,3.669e-05,258582431608.3988
1978-03-06T08:35:33,0.03566,3.566e-05,251323235518.0022
1978-03-06T08:35:33,0.02874,2.8740000000000003e-05,202552714211.64847
1978-03-06T08:52:36,0.03564,3.564e-05,251182280254.111
1978-03-06T09:04:19,0.03459,3.4590000000000006e-05,243782128899.8233
1978-03-06T09:16:02,0.03612,3.612e-05,254565206587.49973
1978-03-06T09:27:45,0.03668,3.668e-05,258511953976.4532
1978-03-06T09:39:28,0.0343,3.43e-05,241738277573.4009
1978-03-06T09:51:11,0.03626,3.626e-05,255551893434.73813
1978-03-06T10:07:10,0.03413,3.413e-05,240540157830.32574
1978-03-06T10:14:05,0.03311,3.311e-05,233351439371.87476
1978-03-06T10:33:58,0.03259,3.2590000000000005e-05,229686602510.70367
1978-03-06T10:50:39,0.03252,3.252e-05,229193259087.08447
1978-03-06T11:02:33,0.03497,3.497e-05,246460278913.75595
1978-03-06T11:27:24,0.04425,4.425e-05,311863521359.2708
1978-03-06T11:39:04,0.08544,8.544000000000001e-05,602160887343.1888
1978-03-06T17:03:38,0.06055,6.055e-05,426742061430.59546
1978-03-06T19:20:59,0.05205,5.205e-05,366836074276.8372
1978-03-06T19:34:22,0.04732,4.732e-05,333500154366.56946
1978-03-06T22:50:53,0.03936,3.936e-05,277399959337.8735
1978-03-06T23:09:31,0.0414,4.1400000000000003e-05,291777396254.77545
1978-03-06T23:19:41,0.03896,3.896e-05,274580854060.04953
1978-03-06T23:25:53,0.04511,4.511e-05,317924597706.5923
1978-03-06T23:45:12,0.04381,4.381e-05,308762505553.66455
1978-03-07T00:28:51,0.05704,5.704e-05,402004412617.6906
1978-03-07T00:34:59,0.04274,4.274e-05,301221398935.4856
1978-03-07T00:46:14,0.04813,4.813e-05,339208842554.16284
1978-03-07T00:47:14,0.04033,4.033e-05,284236289636.59644
1978-03-07T00:51:42,0.03596,3.596e-05,253437564476.37015
1978-03-07T01:05:00,0.03971,3.9710000000000004e-05,279866676455.9694
1978-03-07T01:13:02,0.03896,3.896e-05,274580854060.04953
1978-03-07T08:40:37,0.03318,3.3180000000000004e-05,233844782795.49396
1978-03-07T08:52:25,0.03195,3.195e-05,225176034066.18536
1978-03-07T09:00:59,0.03228,3.228e-05,227501795920.39014
1978-03-07T09:16:32,0.03192,3.192e-05,224964601170.3486
1978-03-07T09:35:17,0.03151,3.151e-05,222075018260.5791
1978-03-07T09:47:05,0.03197,3.197e-05,225316989330.07657
1978-03-07T09:58:20,0.03204,3.204e-05,225810332753.69574
1978-03-07T10:12:17,0.0326,3.26e-05,229757080142.64923
1978-03-07T10:41:13,0.03337,3.337e-05,235183857802.46027
1978-03-07T10:59:27,0.03492,3.492e-05,246107890754.02795
1978-03-07T11:16:04,0.03582,3.582e-05,252450877629.13177
1978-03-07T11:27:51,0.03594,3.594e-05,253296609212.47894
1978-03-07T11:39:39,0.03597,3.597e-05,253508042108.31577
1978-03-07T11:51:26,0.03601,3.601e-05,253789952636.09818
1978-03-07T12:02:42,0.03664,3.664e-05,258230043448.67084
1978-03-07T12:28:58,0.03602,3.6020000000000004e-05,253860430268.04376
1978-03-07T12:40:45,0.03584,3.5839999999999996e-05,252591832893.02292
1978-03-07T12:52:33,0.03581,3.5810000000000004e-05,252380399997.18622
1978-03-07T12:58:59,0.03562,3.562e-05,251041324990.21985
1978-03-07T14:03:18,0.03376,3.376e-05,237932485448.33862
1978-03-07T14:10:16,0.03353,3.353e-05,236311499913.58984
1978-03-07T14:35:28,0.03302,3.302e-05,232717140684.36435
1978-03-07T14:47:15,0.03278,3.2779999999999994e-05,231025677517.66995
1978-03-07T14:59:03,0.03215,3.2149999999999995e-05,226585586705.0973
1978-03-07T15:10:50,0.03337,3.337e-05,235183857802.46027
1978-03-07T15:17:49,0.03354,3.354e-05,236381977545.53546
1978-03-07T16:52:41,0.03133,3.133e-05,220806420885.5583
1978-03-07T17:00:11,0.03123,3.1230000000000004e-05,220101644566.10236
1978-03-07T17:15:12,0.03128,3.1280000000000005e-05,220454032725.83038
1978-03-07T17:35:34,0.03088,3.088e-05,217634927448.00644
1978-03-07T17:47:22,0.03038,3.038e-05,214111045850.7265
1978-03-07T17:55:24,0.03035,3.035e-05,213899612954.8897
1978-03-07T18:45:15,0.02888,2.888e-05,203539401058.8868
1978-03-07T18:57:03,0.02869,2.869e-05,202200326051.92047
1978-03-07T19:08:18,0.02875,2.875e-05,202623191843.59406
1978-03-07T19:36:42,0.02925,2.9250000000000003e-05,206147073440.87396
1978-03-07T19:48:30,0.03042,3.042e-05,214392956378.5089
1978-03-07T19:58:41,0.03054,3.054e-05,215238687961.85608
1978-03-07T20:01:49,0.02809,2.809e-05,197971668135.18457
1978-03-07T20:12:05,0.03171,3.171e-05,223484570899.49106
1978-03-07T20:23:53,0.03176,3.1759999999999994e-05,223836959059.21896
1978-03-07T20:35:40,0.034,3.4000000000000007e-05,239623948615.03302
1978-03-07T20:44:47,0.03582,3.582e-05,252450877629.13177
1978-03-07T20:54:30,0.02798,2.7980000000000003e-05,197196414183.78305
1978-03-07T21:08:54,0.0308,3.08e-05,217071106392.44165
1978-03-07T21:19:05,0.03235,3.235e-05,227995139344.00928
1978-03-07T22:41:06,0.03409,3.409e-05,240258247302.54333
1978-03-07T22:50:58,0.03552,3.5520000000000006e-05,250336548670.7639
1978-03-07T23:04:41,0.03353,3.353e-05,236311499913.58984
1978-03-07T23:17:03,0.03517,3.5170000000000004e-05,247869831552.66794
1978-03-07T23:28:16,0.03938,3.938e-05,277540914601.76465
1978-03-07T23:40:04,0.03707,3.707e-05,261260581622.33154
1978-03-07T23:50:15,0.03512,3.5119999999999996e-05,247517443392.9399
1978-03-08T00:09:31,0.03291,3.291e-05,231941886732.9628
1978-03-08T00:21:21,0.03328,3.328e-05,234549559114.94992
1978-03-08T00:33:10,0.03399,3.399e-05,239553470983.08734
1978-03-08T00:44:54,0.037,3.7e-05,260767238198.7123
1978-03-08T00:56:27,0.04002,4.002e-05,282051483046.2829
1978-03-08T01:00:48,0.05255,5.2550000000000003e-05,370359955874.1171
1978-03-08T01:12:50,0.03866,3.866e-05,272466525101.68158
1978-03-08T01:22:08,0.03478,3.478e-05,245121203906.7896
1978-03-08T01:36:43,0.03361,3.361e-05,236875320969.15463
1978-03-08T01:48:34,0.03312,3.3119999999999995e-05,233421917003.8203
1978-03-08T01:59:22,0.03232,3.232e-05,227783706448.17255
1978-03-08T02:17:10,0.03269,3.269e-05,230391378830.15964
1978-03-08T12:40:42,0.0435,4.35e-05,306577698963.351
1978-03-08T12:52:02,0.04239,4.239e-05,298754681817.3896
1978-03-08T13:11:59,0.04157,4.1570000000000003e-05,292975515997.8506
1978-03-08T13:23:50,0.04164,4.164e-05,293468859421.4698
1978-03-08T13:35:40,0.04171,4.171e-05,293962202845.0889
1978-03-08T13:45:46,0.04602,4.6019999999999996e-05,324338062213.64166
1978-03-08T13:55:46,0.05464,5.4640000000000005e-05,385089780950.74713
1978-03-08T14:07:24,0.06346,6.346e-05,447251052326.76447
1978-03-08T14:19:10,0.06693,6.693000000000001e-05,471706790611.887
1978-03-08T14:26:38,0.05757,5.7570000000000006e-05,405739727110.8073
1978-03-08T14:35:58,0.06398,6.398e-05,450915889187.9355
1978-03-08T14:47:27,0.05456,5.456e-05,384525959895.1823
1978-03-08T14:59:03,0.05165,5.165e-05,364016968999.0133
1978-03-08T15:16:47,0.04516,4.516e-05,318276985866.32025
1978-03-08T15:27:59,0.04877,4.877e-05,343719410998.6811
1978-03-08T15:49:08,0.04333,4.333e-05,305379579220.2758
1978-03-08T16:01:02,0.04169,4.1689999999999996e-05,293821247581.19775
1978-03-08T16:12:53,0.04147,4.147e-05,292270739678.39465
1978-03-08T16:24:47,0.03998,3.998e-05,281769572518.50055
1978-03-08T16:36:40,0.03869,3.8690000000000004e-05,272677957997.51843
1978-03-08T16:48:28,0.04003,4.003e-05,282121960678.2285
1978-03-08T17:00:18,0.04041,4.041e-05,284800110692.16125
1978-03-08T17:12:11,0.03932,3.932e-05,277118048810.09106
1978-03-08T17:21:54,0.03835,3.8350000000000004e-05,270281718511.36807
1978-03-08T17:35:02,0.04881,4.881e-05,344001321526.4635
1978-03-08T17:39:01,0.04138,4.138e-05,291636440990.8842
1978-03-08T17:50:49,0.04281,4.281e-05,301714742359.1047
1978-03-08T18:02:38,0.0437,4.3700000000000005e-05,307987251602.26294
1978-03-08T18:14:33,0.04137,4.137e-05,291565963358.9386
1978-03-08T18:26:24,0.04133,4.133e-05,291284052831.15625
1978-03-08T18:38:12,0.04277,4.2770000000000006e-05,301432831831.3224
1978-03-08T18:49:57,0.04568,4.5679999999999996e-05,321941822727.4913
1978-03-08T19:01:05,0.05167,5.1670000000000005e-05,364157924262.90454
1978-03-08T19:09:28,0.06145,6.145e-05,433085048305.6993
1978-03-08T19:19:38,0.06417,6.417e-05,452254964194.902
1978-03-08T19:27:51,0.05813,5.813e-05,409686474499.76074
1978-03-08T19:49:01,0.05128,5.128e-05,361409296617.0262
1978-03-08T20:00:58,0.04755,4.7550000000000004e-05,335121139901.3182
1978-03-08T20:12:55,0.04411,4.411e-05,310876834512.0325
1978-03-08T20:24:53,0.04006,4.006e-05,282333393574.0653
1978-03-08T20:36:48,0.0381,3.8100000000000005e-05,268519777712.72815
1978-03-08T20:48:39,0.03804,3.8039999999999995e-05,268096911921.0545
1978-03-08T21:00:33,0.03648,3.6479999999999996e-05,257102401337.5412
1978-03-08T21:12:27,0.03492,3.492e-05,246107890754.02795
1978-03-08T21:21:37,0.03437,3.437e-05,242231620997.02008
1978-03-08T21:35:44,0.03178,3.1780000000000004e-05,223977914323.11023
1978-03-08T22:11:34,0.03782,3.782e-05,266546404018.25137
1978-03-08T22:34:42,0.03814,3.8140000000000004e-05,268801688240.51053
1978-03-08T23:05:15,0.04224,4.224e-05,297697517338.2057
1978-03-08T23:16:56,0.04731,4.731e-05,333429676734.62384
1978-03-08T23:26:57,0.05546,5.546e-05,390868946770.28613
1978-03-08T23:43:06,0.07145,7.145e-05,503562680251.2972
1978-03-08T23:54:55,0.05663,5.663e-05,399114829707.9211
1978-03-09T00:08:19,0.05087,5.087e-05,358519713707.25665
1978-03-09T00:21:00,0.04481,4.4810000000000006e-05,315810268748.22437
1978-03-09T00:55:49,0.04824,4.824e-05,339984096505.5644
1978-03-09T01:06:31,0.05306,5.3060000000000004e-05,373954315103.34265
1978-03-09T01:14:31,0.04387,4.387e-05,309185371345.33813
1978-03-09T01:22:19,0.04876,4.876e-05,343648933366.73553
1978-03-09T01:32:16,0.04276,4.276e-05,301362354199.3768
1978-03-09T01:41:21,0.04328,4.328e-05,305027191060.5478
1978-03-09T04:22:47,0.06117,6.117e-05,431111674611.22253
1978-03-09T04:35:44,0.06152,6.152e-05,433578391729.3184
1978-03-09T05:11:53,0.05827,5.827e-05,410673161346.99915
1978-03-09T05:34:25,0.05273,5.273e-05,371628553249.1378
1978-03-09T05:49:14,0.05831,5.831e-05,410955071874.78156
1978-03-09T06:05:51,0.06227,6.227e-05,438864214125.2383
1978-03-09T06:15:13,0.05933,5.933e-05,418143790333.2325
1978-03-09T06:44:50,0.05653,5.6529999999999996e-05,398410053388.465
1978-03-09T10:11:03,0.05306,5.3060000000000004e-05,373954315103.34265
1978-03-09T10:15:22,0.04214,4.214e-05,296992741018.7497
1978-03-09T10:26:46,0.05419,5.419e-05,381918287513.1952
1978-03-09T10:33:20,0.04417,4.417e-05,311299700303.70605
1978-03-09T10:47:22,0.0474,4.74e-05,334063975422.13416
1978-03-09T10:51:57,0.0665,6.65e-05,468676252438.22626
1978-03-09T14:01:26,0.05154,5.1540000000000005e-05,363241715047.61176
1978-03-09T14:13:50,0.04657,4.657e-05,328214331970.64954
1978-03-09T14:25:36,0.04639,4.639e-05,326945734595.62885
1978-03-09T14:34:11,0.04553,4.553e-05,320884658248.3074
1978-03-09T15:57:35,0.04812,4.812000000000001e-05,339138364922.2173
1978-03-09T16:09:21,0.04802,4.8020000000000004e-05,338433588602.7613
1978-03-09T16:21:10,0.04444,4.444e-05,313202596366.2372
1978-03-09T16:28:42,0.04171,4.171e-05,293962202845.0889
1978-03-09T16:37:45,0.04417,4.417e-05,311299700303.70605
1978-03-09T16:52:21,0.04557,4.557e-05,321166568776.0898
1978-03-09T17:03:58,0.04318,4.318e-05,304322414741.0919
1978-03-09T17:15:45,0.04287,4.287e-05,302137608150.7783
1978-03-09T17:27:31,0.04273,4.273e-05,301150921303.54
1978-03-09T17:39:17,0.04267,4.267e-05,300728055511.8664
1978-03-09T17:46:46,0.04246,4.246e-05,299248025241.0088
1978-03-09T18:06:32,0.0442,4.4200000000000004e-05,311511133199.54285
1978-03-09T18:54:02,0.05197,5.1970000000000006e-05,366272253221.27246
1978-03-09T19:05:50,0.04875,4.8750000000000006e-05,343578455734.7899
1978-03-09T19:17:37,0.04843,4.843e-05,341323171512.5308
1978-03-09T19:29:22,0.0491,4.91e-05,346045172852.8858
1978-03-09T19:41:10,0.04685,4.685e-05,330187705665.12634
1978-03-09T19:52:57,0.04579,4.579e-05,322717076678.8929
1978-03-09T20:14:21,0.04573,4.573e-05,322294210887.2193
1978-03-09T20:26:06,0.0466,4.66e-05,328425764866.4863
1978-03-09T20:35:12,0.04639,4.639e-05,326945734595.62885
1978-03-09T21:01:22,0.04891,4.8910000000000004e-05,344706097845.9195
1978-03-09T21:13:09,0.04725,4.725e-05,333006810942.95026
1978-03-09T21:23:51,0.04714,4.714e-05,332231556991.54865
1978-03-09T21:47:28,0.04215,4.215e-05,297063218650.69525
1978-03-09T21:59:13,0.04276,4.276e-05,301362354199.3768
1978-03-09T22:11:01,0.04085,4.085e-05,287901126497.7675
1978-03-09T22:22:49,0.03941,3.9410000000000004e-05,277752347497.60144
1978-03-09T22:34:35,0.03885,3.885e-05,273805600108.64798
1978-03-09T22:46:21,0.03905,3.905e-05,275215152747.5599
1978-03-09T22:53:19,0.03863,3.863e-05,272255092205.84482
1978-03-09T23:09:54,0.03772,3.772e-05,265841627698.79535
1978-03-09T23:21:40,0.03787,3.787e-05,266898792177.97937
1978-03-09T23:33:27,0.03728,3.728e-05,262740611893.18912
1978-03-09T23:45:13,0.0375,3.75e-05,264291119795.9922
1978-03-09T23:53:12,0.03919,3.919e-05,276201839594.7983
1978-03-10T00:07:33,0.03872,3.8719999999999995e-05,272889390893.35516
1978-03-10T00:19:30,0.0393,3.93e-05,276977093546.1998
1978-03-10T00:31:15,0.03768,3.768e-05,265559717171.013
1978-03-10T00:43:01,0.03769,3.769e-05,265630194802.95862
1978-03-10T00:52:39,0.04225,4.2250000000000004e-05,297767994970.1513
1978-03-10T01:00:40,0.04549,4.549000000000001e-05,320602747720.525
1978-03-10T01:24:44,0.04642,4.6420000000000006e-05,327157167491.46564
1978-03-10T01:35:25,0.03985,3.985e-05,280853363303.20776
1978-03-10T01:47:11,0.03796,3.796e-05,267533090865.48975
1978-03-10T01:58:57,0.03815,3.8150000000000006e-05,268872165872.45612
1978-03-10T02:10:42,0.03834,3.834e-05,270211240879.42245
1978-03-10T02:21:29,0.04085,4.085e-05,287901126497.7675
1978-03-10T02:30:10,0.04276,4.276e-05,301362354199.3768
1978-03-10T02:41:11,0.04543,4.543e-05,320179881928.8514
1978-03-10T02:51:53,0.0515,5.15e-05,362959804519.8293
1978-03-10T03:02:34,0.0605,6.05e-05,426389673270.8675
1978-03-10T03:10:36,0.06867,6.866999999999999e-05,483969898570.42096
1978-03-10T03:24:09,0.08508,8.508e-05,599623692593.1472
1978-03-10T03:31:56,0.07827,7.827000000000001e-05,551628425238.1951
1978-03-10T03:36:37,0.08692,8.692e-05,612591576871.1372
1978-03-10T03:56:34,0.07994,7.994e-05,563398189773.1099
1978-03-10T04:08:20,0.0763,7.630000000000001e-05,537744331744.91223
1978-03-10T04:20:06,0.0703,7.03e-05,495457752577.55347
1978-03-10T04:30:16,0.06489,6.489000000000001e-05,457329353694.98505
1978-03-10T04:51:25,0.05612,5.6120000000000005e-05,395520470478.6956
1978-03-10T04:57:39,0.06637,6.637e-05,467760043222.9335
1978-03-10T05:31:13,0.0534,5.3400000000000004e-05,376350554589.493
1978-03-10T05:53:03,0.05139,5.139e-05,362184550568.4278
1978-03-10T06:11:19,0.05149,5.149e-05,362889326887.8837
1978-03-10T06:22:33,0.04702,4.702e-05,331385825408.2015
1978-03-10T06:38:35,0.04958,4.958e-05,349428099186.27454
1978-03-10T06:54:05,0.04613,4.613e-05,325113316165.0432
1978-03-10T07:05:19,0.04955,4.955e-05,349216666290.43774
1978-03-10T07:19:28,0.04384,4.384e-05,308973938449.50134
1978-03-10T07:42:51,0.04297,4.2970000000000004e-05,302842384470.2343
1978-03-10T07:50:38,0.04873,4.873e-05,343437500470.89874
1978-03-10T07:58:15,0.05935,5.935e-05,418284745597.12366
1978-03-10T08:06:57,0.04399,4.3990000000000004e-05,310031102928.68536
1978-03-10T08:11:37,0.04125,4.125e-05,290720231775.59143
1978-03-10T15:08:08,0.03763,3.763e-05,265207329011.285
1978-03-10T15:19:54,0.03667,3.667e-05,258441476344.50763
1978-03-10T15:31:40,0.03544,3.544e-05,249772727615.19904
1978-03-10T15:43:25,0.03622,3.622e-05,255269982906.95572
1978-03-10T15:55:11,0.03705,3.705e-05,261119626358.44034
1978-03-10T16:05:21,0.03685,3.685e-05,259710073719.52838
1978-03-10T16:18:43,0.03729,3.729e-05,262811089525.13467
1978-03-10T17:37:51,0.03356,3.356e-05,236522932809.42664
1978-03-10T17:57:06,0.03255,3.2550000000000005e-05,229404691982.92126
1978-03-10T19:34:24,0.03441,3.4410000000000004e-05,242513531524.80252
1978-03-10T19:55:48,0.03168,3.168e-05,223273138003.65427
1978-03-10T23:24:19,0.03631,3.631e-05,255904281594.4661
1978-03-10T23:36:05,0.03682,3.6819999999999996e-05,259498640823.69156
1978-03-10T23:47:51,0.03331,3.331e-05,234760992010.78668
1978-03-10T23:57:28,0.03168,3.168e-05,223273138003.65427
1978-03-11T00:26:20,0.03012,3.0120000000000003e-05,212278627420.14096
1978-03-11T07:28:14,0.02834,2.834e-05,199733608933.82452
1978-03-11T13:22:09,0.03511,3.511e-05,247446965760.99432
1978-03-11T13:28:35,0.03488,3.4880000000000005e-05,245825980226.2456
1978-03-11T13:54:50,0.03227,3.227e-05,227431318288.44452
1978-03-11T14:36:06,0.02894,2.894e-05,203962266850.56042
1978-03-11T14:47:54,0.02855,2.855e-05,201213639204.6821
1978-03-11T14:59:42,0.02834,2.834e-05,199733608933.82452
1978-03-11T15:11:32,0.02888,2.888e-05,203539401058.8868
1978-03-11T15:17:59,0.02938,2.938e-05,207063282656.16672
1978-03-11T15:35:32,0.02955,2.955e-05,208261402399.24188
1978-03-11T15:48:48,0.02858,2.858e-05,201425072100.5189
1978-03-11T16:00:43,0.02876,2.8760000000000002e-05,202693669475.53967
1978-03-11T16:05:23,0.02533,2.533e-05,178519841718.19955
1978-03-11T16:11:49,0.02937,2.9370000000000002e-05,206992805024.22113
1978-03-11T16:24:33,0.02901,2.9010000000000002e-05,204455610274.17963
1978-03-11T16:34:52,0.02952,2.9520000000000002e-05,208049969503.4051
1978-03-11T17:34:19,0.03478,3.478e-05,245121203906.7896
1978-03-11T18:37:42,0.03552,3.5520000000000006e-05,250336548670.7639
1978-03-11T18:44:34,0.0301,3.01e-05,212137672156.24976
1978-03-11T23:39:20,0.02742,2.7420000000000002e-05,193249666794.82953
1978-03-12T07:34:46,0.03025,3.025e-05,213194836635.43375
1978-03-12T08:25:15,0.03281,3.281e-05,231237110413.5068
1978-03-12T10:12:37,0.02316,2.3160000000000002e-05,163226195586.00482
1978-03-12T10:17:22,0.02797,2.7969999999999998e-05,197125936551.8374
1978-03-12T12:45:39,0.02822,2.8219999999999997e-05,198887877350.47733
1978-03-12T12:56:18,0.02736,2.736e-05,192826801003.15594
1978-03-12T13:15:36,0.02692,2.692e-05,189725785197.54962
1978-03-12T13:48:00,0.02603,2.6030000000000003e-05,183453275954.39142
1978-03-12T13:59:53,0.02606,2.606e-05,183664708850.2282
1978-03-12T14:11:46,0.02605,2.605e-05,183594231218.2826
1978-03-12T14:22:09,0.02772,2.7720000000000002e-05,195363995753.19748
1978-03-12T14:28:25,0.039,3.9e-05,274862764587.8319
1978-03-12T14:39:51,0.02929,2.929e-05,206428983968.6563
1978-03-12T14:51:44,0.02812,2.812e-05,198183101031.02136
1978-03-12T15:03:37,0.02796,2.796e-05,197055458919.8918
1978-03-12T15:15:30,0.02724,2.724e-05,191981069419.80875
1978-03-12T15:27:23,0.02684,2.684e-05,189161964141.98483
1978-03-12T15:39:16,0.02602,2.602e-05,183382798322.44583
1978-03-12T15:51:09,0.02568,2.568e-05,180986558836.2955
1978-03-12T16:03:02,0.02597,2.597e-05,183030410162.7178
1978-03-12T16:14:55,0.02552,2.5520000000000003e-05,179858916725.16595
1978-03-12T16:25:11,0.02629,2.629e-05,185285694384.97696
1978-03-12T16:41:56,0.02574,2.574e-05,181409424627.96906
1978-03-12T16:53:49,0.02473,2.473e-05,174291183801.46365
1978-03-12T16:58:08,0.02151,2.1510000000000002e-05,151597386314.98117
1978-03-12T17:12:11,0.02668,2.668e-05,188034322030.85526
1978-03-12T17:24:04,0.0273,2.7300000000000003e-05,192403935211.48236
1978-03-12T17:35:57,0.02727,2.7269999999999998e-05,192192502315.64554
1978-03-12T17:47:50,0.02733,2.733e-05,192615368107.31915
1978-03-12T18:00:23,0.02955,2.955e-05,208261402399.24188
1978-03-12T18:07:27,0.02933,2.933e-05,206710894496.43872
1978-03-12T18:14:11,0.02683,2.683e-05,189091486510.03925
1978-03-12T18:25:38,0.02721,2.7210000000000002e-05,191769636523.97195
1978-03-12T18:37:31,0.02795,2.795e-05,196984981287.9462
1978-03-12T18:49:24,0.02906,2.906e-05,204807998433.90756
1978-03-12T19:01:17,0.02755,2.7550000000000002e-05,194165876010.1223
1978-03-12T19:13:10,0.02685,2.685e-05,189232441773.93042
1978-03-12T19:25:03,0.0263,2.6300000000000002e-05,185356172016.92258
1978-03-12T19:37:12,0.02786,2.786e-05,196350682600.43582
1978-03-12T19:45:47,0.03447,3.447e-05,242936397316.47604
1978-03-12T19:53:41,0.03106,3.1060000000000004e-05,218903524823.0272
1978-03-12T20:00:00,0.0345,3.4500000000000005e-05,243147830212.3129
1978-03-12T20:10:25,0.02816,2.816e-05,198465011558.80377
1978-03-12T20:22:18,0.02721,2.7210000000000002e-05,191769636523.97195
1978-03-12T20:34:11,0.02692,2.692e-05,189725785197.54962
1978-03-12T20:46:04,0.02652,2.652e-05,186906679919.7257
1978-03-12T20:57:57,0.0265,2.65e-05,186765724655.83453
1978-03-12T21:09:50,0.02758,2.758e-05,194377308905.9591
1978-03-12T21:21:43,0.02868,2.868e-05,202129848419.97485
1978-03-12T21:33:04,0.02769,2.769e-05,195152562857.36066
1978-03-12T23:28:07,0.02923,2.923e-05,206006118176.98276
1978-03-12T23:45:24,0.02842,2.8420000000000002e-05,200297429989.3893
1978-03-12T23:53:41,0.02847,2.847e-05,200649818149.1173
1978-03-12T23:59:59,0.03932,3.932e-05,277118048810.09106
1978-03-13T00:04:07,0.02981,2.981e-05,210093820829.82745
1978-03-13T11:04:01,0.02885,2.885e-05,203327968163.05002
1978-03-13T12:16:17,0.03243,3.243e-05,228558960399.57407
1978-03-13T12:26:35,0.02941,2.9409999999999998e-05,207274715552.0035
1978-03-13T12:38:22,0.02944,2.9440000000000003e-05,207486148447.84033
1978-03-13T12:50:10,0.02933,2.933e-05,206710894496.43872
1978-03-13T13:01:34,0.02914,2.914e-05,205371819489.47235
1978-03-13T13:12:40,0.03012,3.0120000000000003e-05,212278627420.14096
1978-03-13T13:17:54,0.03601,3.601e-05,253789952636.09818
1978-03-13T13:37:35,0.0266,2.66e-05,187470500975.29047
1978-03-13T13:57:02,0.02103,2.103e-05,148214459981.59244
1978-03-13T14:10:18,0.05549,5.549e-05,391080379666.1229
1978-03-13T14:18:00,0.06466,6.466e-05,455708368160.2362
1978-03-13T14:26:00,0.05235,5.235e-05,368950403235.20514
1978-03-13T14:30:34,0.06052,6.0519999999999997e-05,426530628534.75867
1978-03-13T14:41:14,0.05638,5.638e-05,397352888909.2811
1978-03-13T14:52:34,0.05034,5.034e-05,354784399214.13995
1978-03-13T14:58:23,0.04509,4.509e-05,317783642442.70105
1978-03-13T15:08:48,0.03941,3.9410000000000004e-05,277752347497.60144
1978-03-13T15:26:37,0.03302,3.302e-05,232717140684.36435
1978-03-13T15:36:51,0.03094,3.094e-05,218057793239.67996
1978-03-13T16:15:34,0.02184,2.1839999999999998e-05,153923148169.18585
1978-03-13T16:23:12,0.02686,2.686e-05,189302919405.87604
1978-03-13T16:28:32,0.02201,2.2009999999999998e-05,155121267912.26102
1978-03-13T16:34:05,0.02742,2.7420000000000002e-05,193249666794.82953
1978-03-13T16:51:58,0.02816,2.816e-05,198465011558.80377
1978-03-13T17:09:37,0.02687,2.6870000000000002e-05,189373397037.82166
1978-03-13T17:17:36,0.03489,3.489e-05,245896457858.19116
1978-03-13T17:28:45,0.03749,3.749e-05,264220642164.04666
1978-03-13T17:55:42,0.03013,3.013e-05,212349105052.08655
1978-03-13T18:11:47,0.03002,3.002e-05,211573851100.685
1978-03-13T18:20:54,0.02997,2.997e-05,211221462940.957
1978-03-13T18:35:58,0.02782,2.782e-05,196068772072.65344
1978-03-13T18:51:31,0.02774,2.7740000000000002e-05,195504951017.08868
1978-03-13T19:03:19,0.02705,2.705e-05,190641994412.8424
1978-03-13T19:15:02,0.03016,3.016e-05,212560537947.92334
1978-03-13T19:26:50,0.03059,3.059e-05,215591076121.58405
1978-03-13T19:39:32,0.02979,2.979e-05,209952865565.93625
1978-03-13T19:51:01,0.02959,2.9590000000000003e-05,208543312927.0243
1978-03-13T20:00:42,0.03413,3.413e-05,240540157830.32574
1978-03-13T20:12:55,0.03087,3.087e-05,217564449816.06082
1978-03-13T20:24:46,0.02845,2.845e-05,200508862885.2261
1978-03-13T20:37:13,0.02789,2.7890000000000002e-05,196562115496.27264
1978-03-13T20:54:49,0.02753,2.753e-05,194024920746.2311
1978-03-13T21:06:34,0.02916,2.916e-05,205512774753.36356
1978-03-13T21:18:21,0.02988,2.9880000000000002e-05,210587164253.44662
1978-03-13T21:30:09,0.02924,2.9239999999999998e-05,206076595808.9283
1978-03-13T21:41:57,0.02911,2.911e-05,205160386593.63556
1978-03-13T21:53:45,0.02854,2.854e-05,201143161572.7365
1978-03-13T22:02:01,0.02669,2.669e-05,188104799662.80087
1978-03-13T22:27:03,0.02637,2.637e-05,185849515440.54172
1978-03-13T22:50:57,0.02297,2.2970000000000002e-05,161887120579.03845
1978-03-13T22:57:02,0.02827,2.8270000000000002e-05,199240265510.20535
1978-03-13T23:14:11,0.02742,2.7420000000000002e-05,193249666794.82953
1978-03-13T23:26:08,0.02838,2.838e-05,200015519461.60693
1978-03-13T23:31:06,0.03698,3.698e-05,260626282934.82114
1978-03-13T23:38:56,0.03474,3.474e-05,244839293379.00723
1978-03-13T23:40:17,0.04644,4.644e-05,327298122755.3568
1978-03-13T23:46:41,0.0362,3.6200000000000006e-05,255129027643.06454
1978-03-13T23:54:48,0.03361,3.361e-05,236875320969.15463
1978-03-14T00:09:32,0.04844,4.844e-05,341393649144.4764
1978-03-14T00:22:16,0.05279,5.279e-05,372051419040.81146
1978-03-14T00:34:29,0.05056,5.0560000000000004e-05,356334907116.9432
1978-03-14T00:48:25,0.0361,3.61e-05,254424251323.60855
1978-03-14T06:14:54,0.02931,2.931e-05,206569939232.54752
1978-03-14T06:26:44,0.03206,3.206e-05,225951288017.58698
1978-03-14T06:49:22,0.035,3.5000000000000004e-05,246671711809.59277
1978-03-14T07:02:15,0.04105,4.105e-05,289310679136.6795
1978-03-14T07:18:38,0.06697,6.697e-05,471988701139.6694
1978-03-14T07:30:23,0.06373,6.373e-05,449153948389.2956
1978-03-14T07:42:11,0.06609,6.609e-05,465786669528.4567
1978-03-14T07:54:01,0.0702,7.02e-05,494752976258.0975
1978-03-14T08:06:32,0.06979,6.979000000000001e-05,491863393348.328
1978-03-14T08:12:42,0.06182,6.182e-05,435692720687.6864
1978-03-14T08:23:49,0.07787,7.787e-05,548809319960.3711
1978-03-14T08:37:08,0.08725,8.724999999999999e-05,614917338725.3419
1978-03-14T08:45:08,0.10227,0.00010227000000000001,720774741907.6301
1978-03-14T08:55:20,0.11957,0.00011957,842701045173.5144
1978-03-14T09:05:27,0.13279,0.00013279,935872474605.595
1978-03-14T09:15:00,0.13193,0.00013193,929811398258.2734
1978-03-14T10:25:52,0.07352,7.352e-05,518151550064.03595
1978-03-14T11:48:47,0.06929,6.929000000000001e-05,488339511751.0481
1978-03-14T12:49:06,0.05193,5.193e-05,365990342693.49
1978-03-14T13:00:58,0.05,5e-05,352388159727.9897
1978-03-14T13:11:48,0.04832,4.8320000000000005e-05,340547917561.1292
1978-03-14T13:23:52,0.04597,4.5969999999999995e-05,323985674053.91364
1978-03-14T13:35:18,0.04402,4.4019999999999995e-05,310242535824.52203
1978-03-14T13:47:04,0.04302,4.3020000000000005e-05,303194772629.96234
1978-03-14T13:59:53,0.04043,4.0430000000000004e-05,284941065956.0525
1978-03-14T15:35:07,0.03692,3.692e-05,260203417143.14752
1978-03-14T15:48:05,0.04333,4.333e-05,305379579220.2758
1978-03-14T15:59:54,0.03681,3.681e-05,259428163191.746
1978-03-14T16:10:05,0.04125,4.125e-05,290720231775.59143
1978-03-14T16:21:47,0.04179,4.1790000000000005e-05,294526023900.6538
1978-03-14T16:34:36,0.03984,3.984e-05,280782885671.26215
1978-03-14T17:14:14,0.0401,4.01e-05,282615304101.84766
1978-03-14T17:34:25,0.04628,4.6280000000000004e-05,326170480644.22723
1978-03-14T17:50:05,0.04631,4.6309999999999995e-05,326381913540.06396
1978-03-14T18:05:09,0.04328,4.328e-05,305027191060.5478
1978-03-14T18:37:12,0.03887,3.8870000000000006e-05,273946555372.53918
1978-03-14T18:46:22,0.04213,4.2130000000000005e-05,296922263386.8041
1978-03-14T19:15:02,0.03819,3.8190000000000005e-05,269154076400.23853
1978-03-14T19:28:05,0.03972,3.972e-05,279937154087.915
1978-03-14T20:02:04,0.03815,3.8150000000000006e-05,268872165872.45612
1978-03-14T20:21:45,0.03703,3.703e-05,260978671094.54916
1978-03-14T21:01:09,0.03425,3.4250000000000006e-05,241385889413.67294
1978-03-14T21:15:35,0.03277,3.277e-05,230955199885.7244
1978-03-14T21:37:40,0.03994,3.994000000000001e-05,281487661990.7182
1978-03-14T22:05:17,0.06311,6.311e-05,444784335208.6685
1978-03-14T22:23:27,0.06002,6.002e-05,423006746937.47876
1978-03-14T22:35:11,0.055,5.5e-05,387626975700.78864
1978-03-14T22:44:15,0.05303,5.303e-05,373742882207.5058
1978-03-14T23:01:52,0.04904,4.904e-05,345622307061.2122
1978-03-14T23:10:56,0.04617,4.617000000000001e-05,325395226692.8257
1978-03-14T23:26:56,0.0424,4.24e-05,298825159449.3352
1978-03-14T23:41:22,0.0408,4.08e-05,287548738338.03955
1978-03-14T23:51:31,0.03925,3.925e-05,276624705386.47186
1978-03-15T00:10:37,0.03691,3.691e-05,260132939511.20193
1978-03-15T00:20:54,0.03545,3.545e-05,249843205247.14465
1978-03-15T00:32:42,0.03428,3.428e-05,241597322309.50967
1978-03-15T00:42:54,0.03358,3.358e-05,236663888073.31784
1978-03-15T00:54:47,0.03323,3.3230000000000005e-05,234197170955.22195
1978-03-15T01:05:58,0.03458,3.458e-05,243711651267.87762
1978-03-15T01:19:23,0.03224,3.2239999999999996e-05,227219885392.6077
1978-03-15T01:39:24,0.03267,3.267e-05,230250423566.26843
1978-03-15T01:50:48,0.03903,3.9030000000000004e-05,275074197483.66876
1978-03-15T01:59:06,0.03171,3.171e-05,223484570899.49106
1978-03-15T02:16:48,0.03362,3.362e-05,236945798601.10022
1978-03-15T02:35:03,0.0311,3.11e-05,219185435350.8095
1978-03-15T02:45:47,0.03186,3.186e-05,224541735378.67502
1978-03-15T03:02:57,0.03028,3.028e-05,213406269531.27054
1978-03-15T03:13:41,0.03165,3.165e-05,223061705107.8174
1978-03-15T03:26:47,0.03397,3.397e-05,239412515719.1962
1978-03-15T03:40:31,0.04108,4.108e-05,289522112032.5163
1978-03-15T03:52:20,0.04567,4.567e-05,321871345095.5457
1978-03-15T04:19:30,0.04016,4.016e-05,283038169893.5213
1978-03-15T04:30:34,0.02885,2.885e-05,203327968163.05002
1978-03-15T04:40:05,0.04754,4.754e-05,335050662269.37256
1978-03-15T04:58:06,0.06081,6.081e-05,428574479861.181
1978-03-15T05:09:49,0.03612,3.612e-05,254565206587.49973
1978-03-15T05:38:38,0.0318,3.18e-05,224118869587.0014
1978-03-15T05:49:42,0.0346,3.46e-05,243852606531.76886
1978-03-15T05:52:52,0.04851,4.851e-05,341886992568.0956
1978-03-15T06:07:01,0.0317,3.17e-05,223414093267.54544
1978-03-15T06:27:57,0.03071,3.071e-05,216436807704.93124
1978-03-15T06:39:45,0.03064,3.064e-05,215943464281.31204
1978-03-15T06:48:37,0.0306,3.06e-05,215661553753.52966
1978-03-15T06:56:48,0.0365,3.65e-05,257243356601.43243
1978-03-15T07:05:31,0.0354,3.54e-05,249490817087.4167
1978-03-15T07:24:18,0.03596,3.596e-05,253437564476.37015
1978-03-15T07:40:29,0.02979,2.979e-05,209952865565.93625
1978-03-15T07:59:43,0.04165,4.165e-05,293539337053.4154
1978-03-15T08:30:18,0.04199,4.199e-05,295935576539.5657
1978-03-15T22:13:29,0.02268,2.268e-05,159843269252.6161
1978-03-15T22:24:39,0.02173,2.173e-05,153147894217.7843
1978-03-15T22:36:59,0.02115,2.115e-05,149060191564.93964
1978-03-15T22:52:07,0.0212,2.12e-05,149412579724.6676
1978-03-15T23:03:56,0.02115,2.115e-05,149060191564.93964
1978-03-15T23:15:44,0.02115,2.115e-05,149060191564.93964
1978-03-15T23:26:28,0.02227,2.2270000000000002e-05,156953686342.8466
1978-03-15T23:37:12,0.02654,2.654e-05,187047635183.6169
1978-03-15T23:47:24,0.02793,2.7930000000000002e-05,196844026024.05502
1978-03-16T00:09:26,0.02941,2.9409999999999998e-05,207274715552.0035
1978-03-16T00:23:36,0.02764,2.7640000000000003e-05,194800174697.6327
1978-03-16T00:39:20,0.02708,2.708e-05,190853427308.6792
1978-03-16T00:51:56,0.03005,3.0050000000000002e-05,211785283996.5218
1978-03-16T01:00:34,0.02635,2.635e-05,185708560176.65054
1978-03-16T01:07:33,0.02625,2.625e-05,185003783857.19458
1978-03-16T01:29:33,0.02802,2.802e-05,197478324711.56537
1978-03-16T01:40:43,0.02702,2.702e-05,190430561517.00558
1978-03-16T01:53:11,0.02819,2.819e-05,198676444454.64056
1978-03-16T02:05:35,0.02671,2.671e-05,188245754926.69208
1978-03-16T02:16:48,0.02581,2.581e-05,181902768051.58826
1978-03-16T02:28:36,0.02719,2.719e-05,191628681260.08075
1978-03-16T02:40:25,0.0263,2.6300000000000002e-05,185356172016.92258
1978-03-16T02:52:13,0.02456,2.456e-05,173093064058.3885
1978-03-16T03:11:33,0.02372,2.3720000000000003e-05,167172942974.9583
1978-03-16T03:25:30,0.02447,2.4469999999999998e-05,172458765370.87814
1978-03-16T04:00:16,0.0254,2.54e-05,179013185141.81876
1978-03-16T04:11:40,0.02529,2.529e-05,178237931190.41718
1978-03-16T04:21:52,0.0271,2.7099999999999998e-05,190994382572.57037
1978-03-16T04:31:00,0.03104,3.104e-05,218762569559.136
1978-03-16T04:36:59,0.03486,3.486e-05,245685024962.35437
1978-03-16T04:41:48,0.03069,3.069e-05,216295852441.04004
1978-03-16T04:55:04,0.03255,3.2550000000000005e-05,229404691982.92126
1978-03-16T05:00:35,0.03949,3.9489999999999996e-05,278316168553.1662
1978-03-16T05:16:59,0.03463,3.463e-05,244064039427.60562
1978-03-16T05:27:54,0.03434,3.434e-05,242020188101.1833
1978-03-16T05:39:42,0.03215,3.2149999999999995e-05,226585586705.0973
1978-03-16T05:49:22,0.03018,3.018e-05,212701493211.81454
1978-03-16T06:01:43,0.03116,3.116e-05,219608301142.48312
1978-03-16T06:12:27,0.03037,3.0370000000000002e-05,214040568218.7809
1978-03-16T06:45:22,0.03067,3.067e-05,216154897177.14886
1978-03-16T06:57:00,0.03095,3.095e-05,218128270871.62558
1978-03-16T07:15:15,0.03273,3.273e-05,230673289357.94205
1978-03-16T07:27:04,0.03394,3.394e-05,239201082823.35934
1978-03-16T07:38:52,0.03515,3.515e-05,247728876288.77673
1978-03-16T07:50:41,0.03586,3.5860000000000006e-05,252732788156.91418
1978-03-16T08:02:30,0.03573,3.573e-05,251816578941.6214
1978-03-16T08:14:18,0.03622,3.622e-05,255269982906.95572
1978-03-16T08:26:34,0.03703,3.703e-05,260978671094.54916
1978-03-16T08:34:37,0.04304,4.304e-05,303335727893.8535
1978-03-16T08:42:29,0.04875,4.8750000000000006e-05,343578455734.7899
1978-03-16T08:55:06,0.03867,3.867e-05,272537002733.6272
1978-03-16T09:05:29,0.03686,3.6859999999999996e-05,259780551351.47394
1978-03-16T09:18:43,0.03455,3.455e-05,243500218372.04083
1978-03-16T09:28:55,0.03206,3.206e-05,225951288017.58698
1978-03-16T09:45:33,0.03006,3.006e-05,211855761628.46738
1978-03-16T09:57:22,0.02865,2.865e-05,201918415524.13803
1978-03-16T10:09:11,0.02755,2.7550000000000002e-05,194165876010.1223
1978-03-16T10:20:59,0.02677,2.677e-05,188668620718.36563
1978-03-16T10:32:48,0.02576,2.576e-05,181550379891.86026
1978-03-16T10:44:36,0.02487,2.487e-05,175277870648.70206
1978-03-16T10:54:16,0.02405,2.405e-05,169498704829.16302
1978-03-16T11:15:44,0.02217,2.217e-05,156248910023.39062
1978-03-16T11:26:29,0.02272,2.2720000000000003e-05,160125179780.3985
1978-03-16T12:22:18,0.02212,2.212e-05,155896521863.66263
1978-03-16T12:35:33,0.02251,2.251e-05,158645149509.54092
1978-03-16T12:46:52,0.02154,2.154e-05,151808819210.81796
1978-03-16T12:58:04,0.02231,2.231e-05,157235596870.629
1978-03-16T13:11:36,0.01846,1.846e-05,130101708571.57376
1978-03-16T13:26:43,0.02105,2.105e-05,148355415245.48364
1978-03-16T13:38:50,0.02088,2.088e-05,147157295502.40848
1978-03-16T13:50:20,0.02076,2.076e-05,146311563919.0613
1978-03-16T14:00:13,0.02087,2.0870000000000002e-05,147086817870.4629
1978-03-16T14:13:57,0.02051,2.0510000000000002e-05,144549623120.4214
1978-03-16T14:25:25,0.02057,2.057e-05,144972488912.09494
1978-03-16T14:37:35,0.02053,2.053e-05,144690578384.31256
1978-03-16T14:49:23,0.02076,2.076e-05,146311563919.0613
1978-03-16T15:01:12,0.02269,2.2689999999999998e-05,159913746884.56168
1978-03-16T15:13:00,0.02308,2.308e-05,162662374530.44
1978-03-16T15:24:49,0.02253,2.2530000000000003e-05,158786104773.43216
1978-03-16T15:36:37,0.02237,2.237e-05,157658462662.30258
1978-03-16T15:48:26,0.02311,2.311e-05,162873807426.27682
1978-03-16T16:00:15,0.02479,2.479e-05,174714049593.13727
1978-03-16T16:12:35,0.02474,2.4740000000000004e-05,174361661433.4093
1978-03-16T16:18:53,0.02861,2.8610000000000002e-05,201636504996.3557
1978-03-16T16:25:10,0.02326,2.326e-05,163930971905.4608
1978-03-16T16:31:28,0.02922,2.922e-05,205935640545.03717
1978-03-16T16:43:02,0.02268,2.268e-05,159843269252.6161
1978-03-17T06:18:56,0.01723,1.723e-05,121432959842.26523
1978-03-17T06:38:26,0.01703,1.703e-05,120023407203.35327
1978-03-17T06:48:20,0.0176,1.76e-05,124040632224.25237
1978-03-17T06:52:58,0.02081,2.081e-05,146663952078.78928
1978-03-17T06:59:09,0.02409,2.409e-05,169780615356.9454
1978-03-17T07:10:18,0.01876,1.876e-05,132216037529.94171
1978-03-17T07:20:17,0.01831,1.831e-05,129044544092.3898
1978-03-17T07:33:49,0.01788,1.788e-05,126014005918.72911
1978-03-17T07:40:45,0.01757,1.757e-05,123829199328.41556
1978-03-17T08:08:00,0.01775,1.7749999999999998e-05,125097796703.43631
1978-03-17T08:16:33,0.01776,1.7760000000000003e-05,125168274335.38194
1978-03-17T08:37:10,0.01755,1.755e-05,123688244064.52437
1978-03-17T08:47:37,0.01725,1.7250000000000003e-05,121573915106.15645
1978-03-17T08:53:56,0.01629,1.6289999999999998e-05,114808062439.37901
1978-03-17T09:02:47,0.01908,1.908e-05,134471321752.20085
1978-03-17T09:16:51,0.01919,1.9189999999999998e-05,135246575703.6024
1978-03-17T09:21:27,0.02409,2.409e-05,169780615356.9454
1978-03-17T09:27:11,0.01901,1.901e-05,133977978328.58167
1978-03-17T09:37:44,0.01849,1.849e-05,130313141467.41057
1978-03-17T09:47:53,0.01804,1.804e-05,127141648029.85866
1978-03-17T10:09:24,0.01954,1.954e-05,137713292821.69833
1978-03-17T10:14:02,0.01458,1.458e-05,102756387376.68178
1978-03-17T10:20:14,0.01723,1.723e-05,121432959842.26523
1978-03-17T10:31:10,0.01717,1.717e-05,121010094050.59164
1978-03-17T10:42:55,0.01719,1.719e-05,121151049314.48285
1978-03-17T10:54:44,0.01842,1.842e-05,129819798043.79138
1978-03-17T11:17:06,0.01771,1.771e-05,124815886175.65395
1978-03-17T11:22:06,0.01369,1.3690000000000001e-05,96483878133.52356
1978-03-17T11:35:16,0.01765,1.765e-05,124393020383.98033
1978-03-17T11:49:09,0.01881,1.881e-05,132568425689.66971
1978-03-17T12:03:02,0.01768,1.768e-05,124604453279.81714
1978-03-17T12:40:59,0.01874,1.874e-05,132075082266.05052
1978-03-17T13:02:20,0.01749,1.749e-05,123265378272.85078
1978-03-17T13:19:11,0.0158,1.58e-05,111354658474.04474
1978-03-17T13:44:48,0.01797,1.797e-05,126648304606.23947
1978-03-17T13:51:39,0.01662,1.662e-05,117133824293.58376
1978-03-17T14:00:01,0.0166,1.66e-05,116992869029.69257
1978-03-17T14:10:42,0.01695,1.695e-05,119459586147.78848
1978-03-17T14:24:04,0.01729,1.729e-05,121855825633.93881
1978-03-17T14:49:10,0.01621,1.621e-05,114244241383.81424
1978-03-17T15:04:39,0.01807,1.8069999999999998e-05,127353080925.69545
1978-03-17T15:20:41,0.01789,1.789e-05,126084483550.6747
1978-03-17T15:32:26,0.01782,1.782e-05,125591140127.0555
1978-03-17T15:39:55,0.01905,1.9050000000000002e-05,134259888856.36407
1978-03-18T10:08:42,0.01713,1.713e-05,120728183522.80925
1978-03-18T10:20:30,0.01661,1.661e-05,117063346661.63815
1978-03-18T10:41:09,0.016,1.6e-05,112764211112.95668
1978-03-18T11:31:02,0.01288,1.288e-05,90775189945.93013
1978-03-18T11:32:01,0.01474,1.474e-05,103884029487.81134
1978-03-18T11:45:36,0.01611,1.611e-05,113539465064.35826
1978-03-18T11:57:21,0.01631,1.631e-05,114949017703.27023
1978-03-18T12:09:06,0.01637,1.637e-05,115371883494.94382
1978-03-18T12:20:50,0.01634,1.634e-05,115160450599.10701
1978-03-18T12:33:53,0.0161,1.6100000000000002e-05,113468987432.41267
1978-03-18T12:41:36,0.01623,1.6230000000000002e-05,114385196647.70546
1978-03-18T13:02:18,0.01531,1.531e-05,107901254508.71043
1978-03-18T13:13:06,0.01525,1.525e-05,107478388717.03683
1978-03-18T13:23:48,0.01591,1.5910000000000002e-05,112129912425.44632
1978-03-18T13:58:40,0.01693,1.6930000000000002e-05,119318630883.89731
1978-03-18T14:12:01,0.02064,2.064e-05,145465832335.7141
1978-03-18T14:23:48,0.02148,2.148e-05,151385953419.14435
1978-03-18T14:31:52,0.02367,2.3670000000000002e-05,166820554815.2303
1978-03-18T14:45:27,0.02984,2.984e-05,210305253725.6642
1978-03-18T14:47:04,0.02439,2.439e-05,171894944315.31335
1978-03-18T14:50:27,0.02069,2.069e-05,145818220495.4421
1978-03-18T15:00:00,0.01897,1.897e-05,133696067800.79926
1978-03-18T15:18:08,0.0183,1.83e-05,128974066460.44421
1978-03-18T15:29:51,0.01771,1.771e-05,124815886175.65395
1978-03-18T15:41:36,0.0177,1.77e-05,124745408543.70834
1978-03-18T15:53:21,0.01782,1.782e-05,125591140127.0555
1978-03-18T16:05:07,0.01847,1.847e-05,130172186203.51938
1978-03-18T16:16:53,0.01935,1.935e-05,136374217814.732
1978-03-18T16:25:49,0.0228,2.2800000000000002e-05,160689000835.9633
1978-03-18T16:40:40,0.01884,1.884e-05,132779858585.5065
1978-03-18T16:49:59,0.01922,1.9220000000000002e-05,135458008599.43924
1978-03-18T17:03:25,0.01978,1.978e-05,139404755988.3927
1978-03-18T17:16:41,0.01974,1.974e-05,139122845460.61032
1978-03-18T17:23:05,0.01964,1.9640000000000002e-05,138418069141.15433
1978-03-18T17:44:27,0.02025,2.025e-05,142717204689.83582
1978-03-18T17:56:14,0.02119,2.1190000000000002e-05,149342102092.72202
1978-03-18T18:07:59,0.02125,2.125e-05,149764967884.3956
1978-03-18T22:25:10,0.01865,1.865e-05,131440783578.54013
1978-03-18T22:59:40,0.03038,3.038e-05,214111045850.7265
1978-03-18T23:07:50,0.01911,1.9109999999999998e-05,134682754648.03763
1978-03-18T23:17:23,0.02845,2.845e-05,200508862885.2261
1978-03-18T23:24:50,0.01872,1.872e-05,131934127002.15933
1978-03-19T10:44:47,0.01763,1.763e-05,124252065120.08914
1978-03-19T10:52:22,0.01852,1.852e-05,130524574363.24736
1978-03-19T10:58:35,0.01567,1.567e-05,110438449258.75195
1978-03-19T11:08:00,0.02001,2.001e-05,141025741523.14145
1978-03-19T12:42:44,0.02798,2.7980000000000003e-05,197196414183.78305
1978-03-19T12:54:59,0.02829,2.829e-05,199381220774.09653
1978-03-19T13:06:52,0.02772,2.7720000000000002e-05,195363995753.19748
1978-03-19T13:13:28,0.03069,3.069e-05,216295852441.04004
1978-03-19T13:21:45,0.02607,2.607e-05,183735186482.1738
1978-03-19T13:38:54,0.02527,2.527e-05,178096975926.52597
1978-03-19T13:45:20,0.02467,2.4670000000000003e-05,173868318009.79013
1978-03-19T14:59:20,0.02153,2.1530000000000002e-05,151738341578.87238
1978-03-19T15:29:48,0.0195,1.95e-05,137431382293.91595
1978-03-19T16:13:15,0.01884,1.884e-05,132779858585.5065
1978-03-19T16:25:05,0.01948,1.948e-05,137290427030.02477
1978-03-19T16:36:44,0.01863,1.863e-05,131299828314.64894
1978-03-19T16:48:38,0.01774,1.774e-05,125027319071.49072
1978-03-19T16:55:33,0.01653,1.653e-05,116499525606.07336
1978-03-19T17:24:43,0.01648,1.648e-05,116147137446.34538
1978-03-19T18:09:15,0.02127,2.127e-05,149905923148.2868
1978-03-19T18:18:54,0.02108,2.108e-05,148566848141.32043
1978-03-19T18:33:24,0.02147,2.147e-05,151315475787.19876
1978-03-19T18:48:58,0.02161,2.161e-05,152302162634.43713
1978-03-19T19:00:46,0.02162,2.162e-05,152372640266.38272
1978-03-19T19:12:15,0.02159,2.159e-05,152161207370.54596
1978-03-19T19:24:23,0.02157,2.157e-05,152020252106.65472
1978-03-19T19:35:40,0.02181,2.181e-05,153711715273.34906
1978-03-19T19:56:35,0.02186,2.186e-05,154064103433.07706
1978-03-19T20:08:22,0.02087,2.0870000000000002e-05,147086817870.4629
1978-03-19T20:20:09,0.02034,2.0340000000000002e-05,143351503377.34622
1978-03-19T20:31:57,0.01994,1.994e-05,140532398099.52225
1978-03-19T20:43:45,0.01982,1.982e-05,139686666516.1751
1978-03-19T20:55:33,0.02001,2.001e-05,141025741523.14145
1978-03-19T21:07:22,0.01989,1.989e-05,140180009939.79428
1978-03-19T21:19:08,0.01883,1.883e-05,132709380953.56091
1978-03-19T21:30:56,0.01874,1.874e-05,132075082266.05052
1978-03-19T21:42:12,0.0187,1.87e-05,131793171738.26813
1978-03-19T22:25:28,0.01832,1.832e-05,129115021724.33542
1978-03-19T22:43:54,0.01856,1.8560000000000002e-05,130806484891.02977
1978-03-19T22:55:42,0.01846,1.846e-05,130101708571.57376
1978-03-19T23:07:31,0.01853,1.853e-05,130595051995.19298
1978-03-19T23:19:19,0.0186,1.8599999999999998e-05,131088395418.81213
1978-03-19T23:31:07,0.01828,1.828e-05,128833111196.55302
1978-03-19T23:42:55,0.01808,1.808e-05,127423558557.64105
1978-03-19T23:50:58,0.01799,1.799e-05,126789259870.13066
1978-03-20T00:15:18,0.01846,1.846e-05,130101708571.57376
1978-03-20T00:27:04,0.01829,1.8290000000000003e-05,128903588828.49863
1978-03-20T00:38:50,0.01824,1.8239999999999998e-05,128551200668.7706
1978-03-20T00:50:37,0.01757,1.757e-05,123829199328.41556
1978-03-20T01:02:04,0.01701,1.701e-05,119882451939.46208
1978-03-20T01:13:05,0.01665,1.665e-05,117345257189.42056
1978-03-20T02:16:13,0.0168,1.68e-05,118402421668.6045
1978-03-20T02:28:00,0.01675,1.675e-05,118050033508.87654
1978-03-20T02:38:42,0.0168,1.68e-05,118402421668.6045
1978-03-20T02:50:14,0.01849,1.849e-05,130313141467.41057
1978-03-20T04:09:07,0.01775,1.7749999999999998e-05,125097796703.43631
1978-03-20T04:17:56,0.01565,1.565e-05,110297493994.86078
1978-03-20T04:27:59,0.01757,1.757e-05,123829199328.41556
1978-03-20T04:38:33,0.01694,1.694e-05,119389108515.8429
1978-03-20T04:50:19,0.01686,1.686e-05,118825287460.27812
1978-03-20T05:02:06,0.01674,1.6740000000000002e-05,117979555876.93095
1978-03-20T05:13:52,0.01709,1.709e-05,120446272995.02687
1978-03-20T05:25:38,0.01912,1.9120000000000003e-05,134753232279.98326
1978-03-20T05:37:24,0.01795,1.7950000000000003e-05,126507349342.3483
1978-03-20T05:49:11,0.01688,1.688e-05,118966242724.16931
1978-03-20T06:00:57,0.01686,1.686e-05,118825287460.27812
1978-03-20T06:10:03,0.01676,1.6760000000000002e-05,118120511140.82214
1978-03-20T06:29:27,0.01865,1.865e-05,131440783578.54013
1978-03-20T06:39:52,0.01866,1.866e-05,131511261210.48573
1978-03-20T06:52:24,0.01857,1.857e-05,130876962522.97536
1978-03-20T06:57:22,0.02243,2.243e-05,158081328453.97614
1978-03-20T07:02:40,0.02664,2.6640000000000002e-05,187752411503.0729
1978-03-20T07:14:11,0.03333,3.333e-05,234901947274.67792
1978-03-20T07:20:02,0.02835,2.835e-05,199804086565.77014
1978-03-20T07:31:55,0.02391,2.391e-05,168512017981.92465
1978-03-20T08:35:46,0.01804,1.804e-05,127141648029.85866
1978-03-20T08:43:37,0.01598,1.5980000000000003e-05,112623255849.0655
1978-03-20T08:57:32,0.01711,1.711e-05,120587228258.91806
1978-03-20T09:15:29,0.01807,1.8069999999999998e-05,127353080925.69545
1978-03-20T09:23:38,0.01932,1.932e-05,136162784918.8952
1978-03-20T09:26:57,0.02088,2.088e-05,147157295502.40848
1978-03-20T09:49:45,0.0205,2.05e-05,144479145488.47577
1978-03-20T18:35:24,0.02363,2.3630000000000002e-05,166538644287.44794
1978-03-20T18:58:25,0.02254,2.254e-05,158856582405.37775
1978-03-20T20:54:12,0.02126,2.1260000000000003e-05,149835445516.34122
1978-03-20T21:08:34,0.02335,2.335e-05,164565270592.97116
1978-03-20T21:17:58,0.02014,2.0140000000000004e-05,141941950738.43427
1978-03-20T21:29:50,0.0198,1.9800000000000004e-05,139545711252.28394
1978-03-20T21:41:37,0.02049,2.0490000000000002e-05,144408667856.53018
1978-03-20T21:54:13,0.02075,2.0750000000000003e-05,146241086287.11572
1978-03-20T22:10:09,0.0217,2.1700000000000002e-05,152936461321.9475
1978-03-20T22:20:08,0.02212,2.212e-05,155896521863.66263
1978-03-20T22:31:54,0.02198,2.198e-05,154909835016.42426
1978-03-20T22:43:41,0.02123,2.123e-05,149624012620.5044
1978-03-20T22:54:32,0.02291,2.291e-05,161464254787.36484
1978-03-20T23:07:40,0.0223,2.23e-05,157165119238.68338
1978-03-20T23:17:55,0.02066,2.0660000000000002e-05,145606787599.60535
1978-03-20T23:19:28,0.02705,2.705e-05,190641994412.8424
1978-03-20T23:24:53,0.03269,3.269e-05,230391378830.15964
1978-03-20T23:36:07,0.02373,2.373e-05,167243420606.9039
1978-03-20T23:47:53,0.02142,2.142e-05,150963087627.47076
1978-03-20T23:55:23,0.02102,2.1020000000000002e-05,148143982349.64685
1978-03-21T00:04:32,0.02213,2.213e-05,155966999495.60822
1978-03-21T00:15:15,0.02258,2.258e-05,159138492933.16013
1978-03-21T00:22:59,0.03827,3.827e-05,269717897455.80325
1978-03-21T00:32:24,0.03015,3.015e-05,212490060315.97775
1978-03-21T00:38:17,0.0251,2.51e-05,176898856183.4508
1978-03-21T00:47:24,0.02253,2.2530000000000003e-05,158786104773.43216
1978-03-21T00:59:11,0.01978,1.978e-05,139404755988.3927
1978-03-21T01:10:59,0.01896,1.896e-05,133625590168.85367
1978-03-21T01:22:46,0.01848,1.848e-05,130242663835.46497
1978-03-21T01:29:44,0.01816,1.816e-05,127987379613.20583
1978-03-21T01:47:25,0.01752,1.752e-05,123476811168.68758
1978-03-21T01:58:40,0.01762,1.762e-05,124181587488.14355
1978-03-21T02:18:30,0.01894,1.8939999999999998e-05,133484634904.96246
1978-03-21T02:30:17,0.01975,1.975e-05,139193323092.5559
1978-03-21T02:42:58,0.0208,2.08e-05,146593474446.8437
1978-03-21T02:53:52,0.02103,2.103e-05,148214459981.59244
1978-03-21T03:05:39,0.0201,2.01e-05,141660040210.65186
1978-03-21T03:17:27,0.01945,1.945e-05,137078994134.18796
1978-03-21T03:27:37,0.01837,1.8370000000000002e-05,129467409884.0634
1978-03-21T03:44:14,0.02,2e-05,140955263891.19586
1978-03-21T03:56:02,0.01907,1.9070000000000002e-05,134400844120.25526
1978-03-21T04:07:49,0.0179,1.7899999999999998e-05,126154961182.62029
1978-03-21T04:19:36,0.01716,1.7160000000000002e-05,120939616418.64606
1978-03-21T04:31:24,0.01706,1.706e-05,120234840099.19006
1978-03-21T04:43:11,0.01657,1.6570000000000002e-05,116781436133.85579
1978-03-21T04:54:58,0.01621,1.621e-05,114244241383.81424
1978-03-21T05:06:46,0.01644,1.644e-05,115865226918.56299
1978-03-21T05:18:33,0.01609,1.609e-05,113398509800.46707
1978-03-21T05:30:20,0.01577,1.577e-05,111143225578.20793
1978-03-21T05:42:08,0.01584,1.584e-05,111636569001.82713
1978-03-21T05:55:21,0.0153,1.53e-05,107830776876.76483
1978-03-21T06:05:42,0.01539,1.539e-05,108465075564.2752
1978-03-21T06:17:30,0.01596,1.596e-05,112482300585.1743
1978-03-21T06:29:17,0.01568,1.568e-05,110508926890.69754
1978-03-21T06:41:04,0.01491,1.491e-05,105082149230.88652
1978-03-21T06:52:52,0.01477,1.4770000000000001e-05,104095462383.64815
1978-03-21T07:04:39,0.01485,1.485e-05,104659283439.21292
1978-03-21T07:16:26,0.01481,1.481e-05,104377372911.43054
1978-03-21T07:28:14,0.01488,1.4880000000000002e-05,104870716335.04973
1978-03-21T07:37:45,0.01584,1.584e-05,111636569001.82713
1978-03-21T07:45:23,0.02373,2.373e-05,167243420606.9039
1978-03-21T08:01:27,0.02,2e-05,140955263891.19586
1978-03-21T08:13:15,0.01813,1.813e-05,127775946717.36906
1978-03-21T08:25:02,0.01815,1.815e-05,127916901981.26024
1978-03-21T08:41:45,0.02328,2.328e-05,164071927169.35196
1978-03-21T08:57:11,0.02285,2.285e-05,161041388995.69125
1978-03-21T09:08:58,0.02172,2.172e-05,153077416585.83868
1978-03-21T09:20:46,0.02182,2.182e-05,153782192905.29468
1978-03-21T09:32:33,0.02171,2.171e-05,153006938953.8931
1978-03-21T09:44:20,0.02231,2.231e-05,157235596870.629
1978-03-21T09:53:21,0.02636,2.6360000000000002e-05,185779037808.59613
1978-03-21T10:03:38,0.02148,2.148e-05,151385953419.14435
1978-03-21T10:17:34,0.02083,2.0830000000000002e-05,146804907342.68048
1978-03-21T10:29:21,0.02074,2.074e-05,146170608655.17014
1978-03-21T10:41:53,0.01928,1.928e-05,135880874391.1128
1978-03-21T10:52:56,0.01817,1.817e-05,128057857245.15144
1978-03-21T11:04:43,0.0171,1.7100000000000002e-05,120516750626.97249
1978-03-21T11:13:18,0.01686,1.686e-05,118825287460.27812
1978-03-21T11:33:33,0.01826,1.8259999999999998e-05,128692155932.6618
1978-03-21T11:45:27,0.02059,2.059e-05,145113444175.98615
1978-03-21T11:47:18,0.02533,2.533e-05,178519841718.19955
1978-03-21T12:03:19,0.0203,2.03e-05,143069592849.56378
1978-03-21T12:14:32,0.01861,1.8610000000000003e-05,131158873050.75777
1978-03-21T12:27:36,0.02013,2.013e-05,141871473106.48862
1978-03-21T12:34:53,0.02328,2.328e-05,164071927169.35196
1978-03-21T12:42:49,0.02815,2.8150000000000003e-05,198394533926.8582
1978-03-21T12:45:59,0.02279,2.279e-05,160618523204.0177
1978-03-21T12:53:55,0.02757,2.7570000000000002e-05,194306831274.01352
1978-03-22T05:40:17,0.01485,1.485e-05,104659283439.21292
1978-03-22T05:48:17,0.01693,1.6930000000000002e-05,119318630883.89731
1978-03-22T06:03:46,0.0151,1.5100000000000001e-05,106421224237.85289
1978-03-22T06:14:33,0.01615,1.6150000000000003e-05,113821375592.14069
1978-03-22T06:25:21,0.01524,1.524e-05,107407911085.09123
1978-03-22T06:41:36,0.01459,1.4590000000000001e-05,102826865008.62738
1978-03-22T06:52:52,0.0148,1.48e-05,104306895279.48494
1978-03-22T07:00:20,0.01492,1.492e-05,105152626862.8321
1978-03-22T07:16:20,0.01419,1.419e-05,100007759730.80347
1978-03-22T07:28:05,0.01407,1.4069999999999999e-05,99162028147.45628
1978-03-22T07:46:14,0.01374,1.374e-05,96836266293.25156
1978-03-22T08:04:27,0.01446,1.446e-05,101910655793.33461
1978-03-22T08:17:43,0.01399,1.3990000000000002e-05,98598207091.89153
1978-03-22T08:30:07,0.01565,1.565e-05,110297493994.86078
1978-03-22T08:39:36,0.0188,1.88e-05,132497948057.7241
1978-03-22T08:51:20,0.01742,1.7420000000000003e-05,122772034849.2316
1978-03-22T09:01:29,0.01551,1.551e-05,109310807147.62238
1978-03-22T09:15:53,0.01416,1.4160000000000002e-05,99796326834.96667
1978-03-22T09:27:38,0.01391,1.391e-05,98034386036.32672
1978-03-22T09:36:10,0.01396,1.396e-05,98386774196.05472
1978-03-22T09:50:42,0.01483,1.483e-05,104518328175.32172
1978-03-22T10:02:51,0.01407,1.4069999999999999e-05,99162028147.45628
1978-03-22T10:14:36,0.01354,1.354e-05,95426713654.3396
1978-03-22T10:26:20,0.01462,1.4619999999999999e-05,103038297904.46416
1978-03-22T10:35:56,0.01421,1.4210000000000001e-05,100148714994.69466
1978-03-22T10:53:01,0.01398,1.398e-05,98527729459.9459
1978-03-22T11:02:38,0.01299,1.299e-05,91550443897.3317
1978-03-22T11:26:14,0.01401,1.401e-05,98739162355.78268
1978-03-22T11:40:22,0.01401,1.401e-05,98739162355.78268
1978-03-22T11:46:39,0.01695,1.695e-05,119459586147.78848
1978-03-22T12:20:01,0.01446,1.446e-05,101910655793.33461
1978-03-22T12:44:02,0.0149,1.49e-05,105011671598.94092
1978-03-22T12:52:36,0.01318,1.3180000000000001e-05,92889518904.29807
1978-03-22T13:05:10,0.02236,2.2360000000000003e-05,157587985030.357
1978-03-22T13:13:23,0.03749,3.749e-05,264220642164.04666
1978-03-22T13:47:00,0.02761,2.7609999999999998e-05,194588741801.79587
1978-03-22T14:22:06,0.01893,1.893e-05,133414157273.01688
1978-03-22T15:02:47,0.01541,1.541e-05,108606030828.16641
1978-03-22T15:23:36,0.01513,1.5129999999999999e-05,106632657133.68967
1978-03-22T15:59:28,0.01473,1.473e-05,103813551855.86574
1978-03-22T16:14:18,0.01447,1.447e-05,101981133425.28021
1978-03-22T16:31:59,0.01349,1.3490000000000001e-05,95074325494.6116
1978-03-22T16:51:12,0.01438,1.4380000000000001e-05,101346834737.76984
1978-03-22T17:04:28,0.01437,1.4370000000000001e-05,101276357105.82423
1978-03-22T17:15:37,0.01443,1.443e-05,101699222897.49782
1978-03-22T17:38:37,0.01403,1.4030000000000001e-05,98880117619.6739
1978-03-22T17:53:34,0.01363,1.363e-05,96061012341.84998
1978-03-22T18:07:58,0.01622,1.6219999999999997e-05,114314719015.75983
1978-03-22T18:23:27,0.01767,1.7670000000000002e-05,124533975647.87155
1978-03-22T18:35:12,0.01868,1.868e-05,131652216474.37694
1978-03-22T18:46:56,0.01824,1.8239999999999998e-05,128551200668.7706
1978-03-22T18:58:40,0.01784,1.7840000000000002e-05,125732095390.94672
1978-03-22T19:10:25,0.01767,1.7670000000000002e-05,124533975647.87155
1978-03-22T19:22:09,0.01691,1.6910000000000002e-05,119177675620.0061
1978-03-22T19:33:54,0.01603,1.603e-05,112975644008.79349
1978-03-22T19:40:50,0.01602,1.602e-05,112905166376.84787
1978-03-22T20:16:04,0.01343,1.343e-05,94651459702.93802
1978-03-22T20:39:16,0.01413,1.413e-05,99584893939.12987
1978-03-22T20:51:49,0.0148,1.48e-05,104306895279.48494
1978-03-22T21:03:33,0.01532,1.532e-05,107971732140.65602
1978-03-22T21:15:18,0.01553,1.5530000000000002e-05,109451762411.5136
1978-03-22T21:22:46,0.01483,1.483e-05,104518328175.32172
1978-03-22T22:10:04,0.01489,1.4890000000000001e-05,104941193966.99533
1978-03-22T22:28:55,0.01428,1.4279999999999999e-05,100642058418.31384
1978-03-22T22:41:24,0.01941,1.9410000000000002e-05,136797083606.4056
1978-03-22T23:17:36,0.01767,1.7670000000000002e-05,124533975647.87155
1978-03-22T23:23:55,0.01517,1.517e-05,106914567661.47206
1978-03-23T00:38:19,0.01553,1.5530000000000002e-05,109451762411.5136
1978-03-23T00:50:07,0.01591,1.5910000000000002e-05,112129912425.44632
1978-03-23T01:01:55,0.01537,1.537e-05,108324120300.38402
1978-03-23T01:13:43,0.0147,1.47e-05,103602118960.02896
1978-03-23T01:25:31,0.01465,1.465e-05,103249730800.30096
1978-03-23T01:36:58,0.01442,1.4420000000000001e-05,101628745265.55222
1978-03-23T01:49:07,0.01481,1.481e-05,104377372911.43054
1978-03-23T02:00:55,0.01462,1.4619999999999999e-05,103038297904.46416
1978-03-23T02:17:59,0.0177,1.77e-05,124745408543.70834
1978-03-23T02:24:17,0.01462,1.4619999999999999e-05,103038297904.46416
1978-03-23T04:49:21,0.0178,1.78e-05,125450184863.1643
1978-03-23T05:03:44,0.02078,2.078e-05,146452519182.95248
1978-03-23T05:06:53,0.01683,1.6830000000000003e-05,118613854564.44133
1978-03-23T05:14:55,0.01661,1.661e-05,117063346661.63815
1978-03-23T05:25:50,0.01645,1.645e-05,115935704550.50859
1978-03-23T05:35:12,0.01685,1.685e-05,118754809828.3325
1978-03-23T05:43:39,0.02218,2.2179999999999998e-05,156319387655.3362
1978-03-23T06:07:14,0.01552,1.552e-05,109381284779.568
1978-03-23T06:16:07,0.0263,2.6300000000000002e-05,185356172016.92258
1978-03-23T06:20:08,0.01543,1.543e-05,108746986092.0576
1978-03-23T06:30:44,0.01473,1.473e-05,103813551855.86574
1978-03-23T06:45:13,0.01475,1.475e-05,103954507119.75694
1978-03-23T06:57:01,0.01475,1.475e-05,103954507119.75694
1978-03-23T07:08:49,0.01472,1.4720000000000001e-05,103743074223.92017
1978-03-23T07:18:29,0.01412,1.412e-05,99514416307.18428
1978-03-23T09:00:56,0.01279,1.279e-05,90140891258.41974
1978-03-23T09:25:04,0.01404,1.4040000000000001e-05,98950595251.61949
1978-03-23T09:37:07,0.01439,1.4390000000000001e-05,101417312369.71544
1978-03-23T09:43:52,0.0174,1.74e-05,122631079585.3404
1978-03-23T09:50:09,0.01295,1.295e-05,91268533369.54932
1978-03-23T10:02:37,0.01392,1.392e-05,98104863668.27232
1978-03-23T10:14:25,0.01427,1.427e-05,100571580786.36826
1978-03-23T11:04:26,0.01455,1.4550000000000001e-05,102544954480.84499
1978-03-23T11:17:21,0.0165,1.65e-05,116288092710.23659
1978-03-23T11:22:00,0.01895,1.8950000000000003e-05,133555112536.9081
1978-03-23T11:33:48,0.01724,1.7239999999999998e-05,121503437474.21082
1978-03-23T11:46:30,0.016,1.6e-05,112764211112.95668
1978-03-23T11:57:24,0.01575,1.575e-05,111002270314.31674
1978-03-23T12:08:39,0.01987,1.9869999999999998e-05,140039054675.90308
1978-03-23T12:19:45,0.01532,1.532e-05,107971732140.65602
1978-03-23T12:31:44,0.01568,1.568e-05,110508926890.69754
1978-03-23T12:45:41,0.01466,1.466e-05,103320208432.24657
1978-03-23T12:56:57,0.01522,1.522e-05,107266955821.20006
1978-03-23T13:06:53,0.01514,1.514e-05,106703134765.63527
1978-03-23T13:21:02,0.01483,1.483e-05,104518328175.32172
1978-03-23T13:34:18,0.0147,1.47e-05,103602118960.02896
1978-03-23T13:44:39,0.01485,1.485e-05,104659283439.21292
1978-03-23T13:58:38,0.01454,1.4540000000000001e-05,102474476848.8994
1978-03-23T14:09:54,0.01408,1.408e-05,99232505779.40189
1978-03-23T14:40:29,0.01411,1.4109999999999999e-05,99443938675.23866
1978-03-23T14:52:43,0.01395,1.395e-05,98316296564.10912
1978-03-23T15:15:53,0.01416,1.4160000000000002e-05,99796326834.96667
1978-03-23T15:27:41,0.01427,1.427e-05,100571580786.36826
1978-03-23T15:41:06,0.01287,1.287e-05,90704712313.98453
1978-03-23T21:05:28,0.01394,1.394e-05,98245818932.16351
1978-03-23T21:28:09,0.0133,1.33e-05,93735250487.64523
1978-03-23T21:39:57,0.01297,1.2970000000000001e-05,91409488633.44052
1978-03-23T21:51:45,0.01297,1.2970000000000001e-05,91409488633.44052
1978-03-23T22:03:33,0.01355,1.3549999999999999e-05,95497191286.28519
1978-03-23T22:15:21,0.01376,1.376e-05,96977221557.14276
1978-03-23T22:26:37,0.01399,1.3990000000000002e-05,98598207091.89153
1978-03-24T02:33:22,0.01513,1.5129999999999999e-05,106632657133.68967
1978-03-24T02:58:33,0.01518,1.518e-05,106985045293.41766
1978-03-24T03:09:48,0.01459,1.4590000000000001e-05,102826865008.62738
1978-03-24T03:24:16,0.01449,1.449e-05,102122088689.1714
1978-03-24T03:36:03,0.01466,1.466e-05,103320208432.24657
1978-03-24T03:47:50,0.01446,1.446e-05,101910655793.33461
1978-03-24T03:59:23,0.01373,1.3729999999999999e-05,96765788661.30595
1978-03-24T04:14:12,0.01161,1.161e-05,81824530688.8392
1978-03-24T04:18:51,0.01489,1.4890000000000001e-05,104941193966.99533
1978-03-24T05:18:35,0.01571,1.5709999999999997e-05,110720359786.53433
1978-03-24T05:29:16,0.01659,1.6590000000000002e-05,116922391397.74698
1978-03-24T05:40:58,0.01552,1.552e-05,109381284779.568
1978-03-24T05:53:11,0.01562,1.562e-05,110086061099.02397
1978-03-24T06:03:54,0.01602,1.602e-05,112905166376.84787
1978-03-24T07:02:50,0.0177,1.77e-05,124745408543.70834
1978-03-24T07:14:37,0.01774,1.774e-05,125027319071.49072
1978-03-24T07:24:48,0.01952,1.952e-05,137572337557.80716
1978-03-24T07:29:30,0.02168,2.1680000000000002e-05,152795506058.05634
1978-03-24T07:35:42,0.01955,1.955e-05,137783770453.64395
1978-03-24T09:47:50,0.01747,1.747e-05,123124423008.95958
1978-03-24T10:00:42,0.01938,1.938e-05,136585650710.56879
1978-03-24T10:13:49,0.02343,2.343e-05,165129091648.53598
1978-03-24T10:23:12,0.02046,2.046e-05,144197234960.69336
1978-03-24T10:39:16,0.01664,1.664e-05,117274779557.47496
1978-03-24T14:06:35,0.01541,1.541e-05,108606030828.16641
1978-03-24T14:21:03,0.01639,1.6389999999999997e-05,115512838758.83498
1978-03-24T14:32:51,0.01645,1.645e-05,115935704550.50859
1978-03-24T14:44:38,0.01663,1.663e-05,117204301925.52934
1978-03-24T14:56:25,0.0159,1.59e-05,112059434793.5007
1978-03-24T15:08:12,0.01639,1.6389999999999997e-05,115512838758.83498
1978-03-24T15:18:29,0.01795,1.7950000000000003e-05,126507349342.3483
1978-03-24T15:22:16,0.02175,2.175e-05,153288849481.6755
1978-03-24T15:31:46,0.01756,1.7559999999999998e-05,123758721696.46996
1978-03-24T15:43:33,0.01704,1.704e-05,120093884835.29886
1978-03-24T15:55:59,0.01733,1.7330000000000002e-05,122137736161.72122
1978-03-24T16:07:08,0.01711,1.711e-05,120587228258.91806
1978-03-24T16:18:55,0.01764,1.764e-05,124322542752.03474
1978-03-24T16:38:14,0.02097,2.097e-05,147791594189.91888
1978-03-24T16:48:27,0.02477,2.4770000000000002e-05,174573094329.24606
1978-03-24T16:53:47,0.02022,2.022e-05,142505771793.99902
1978-03-24T17:03:02,0.01891,1.891e-05,133273202009.12569
1978-03-24T17:14:06,0.02091,2.091e-05,147368728398.24527
1978-03-24T17:25:21,0.02777,2.777e-05,195716383912.92548
1978-03-24T17:36:04,0.031,3.1e-05,218480659031.35358
1978-03-24T17:47:51,0.02686,2.686e-05,189302919405.87604
1978-03-24T18:00:02,0.02467,2.4670000000000003e-05,173868318009.79013
1978-03-24T18:11:25,0.02201,2.2009999999999998e-05,155121267912.26102
1978-03-24T18:23:12,0.02011,2.011e-05,141730517842.59744
1978-03-24T18:34:59,0.01809,1.8089999999999998e-05,127494036189.58664
1978-03-24T18:46:46,0.01697,1.697e-05,119600541411.67967
1978-03-24T18:54:49,0.01691,1.6910000000000002e-05,119177675620.0061
1978-03-24T19:10:21,0.01688,1.688e-05,118966242724.16931
1978-03-24T19:21:36,0.01726,1.726e-05,121644392738.10204
1978-03-24T19:38:12,0.01687,1.687e-05,118895765092.22371
1978-03-24T19:49:59,0.01614,1.614e-05,113750897960.19507
1978-03-24T20:01:47,0.01592,1.592e-05,112200390057.3919
1978-03-24T20:13:34,0.01556,1.556e-05,109663195307.35037
1978-03-24T20:27:29,0.02041,2.0410000000000003e-05,143844846800.9654
1978-03-24T20:37:08,0.01597,1.597e-05,112552778217.11989
1978-03-24T20:48:55,0.0163,1.63e-05,114878540071.32462
1978-03-24T21:00:42,0.01682,1.682e-05,118543376932.49573
1978-03-24T21:09:17,0.01607,1.607e-05,113257554536.57587
1978-03-24T21:40:53,0.016,1.6e-05,112764211112.95668
1978-03-24T21:59:05,0.01609,1.609e-05,113398509800.46707
1978-03-24T22:03:55,0.02042,2.042e-05,143915324432.91098
1978-03-24T22:16:04,0.01719,1.719e-05,121151049314.48285
1978-03-24T22:20:47,0.02998,2.998e-05,211291940572.9026
1978-03-24T22:31:15,0.0167,1.67e-05,117697645349.14853
1978-03-24T22:48:55,0.01659,1.6590000000000002e-05,116922391397.74698
1978-03-24T23:00:21,0.01733,1.7330000000000002e-05,122137736161.72122
1978-03-24T23:16:35,0.02939,2.939e-05,207133760288.11234
1978-03-24T23:21:41,0.06278,6.278e-05,442458573354.4638
1978-03-24T23:33:38,0.05709,5.7090000000000004e-05,402356800777.41864
1978-03-24T23:42:54,0.04173,4.173e-05,294103158108.98016
1978-03-24T23:52:08,0.03512,3.5119999999999996e-05,247517443392.9399
1978-03-25T00:08:14,0.02812,2.812e-05,198183101031.02136
1978-03-25T00:20:00,0.02484,2.4840000000000003e-05,175066437752.8653
1978-03-25T00:29:38,0.0223,2.23e-05,157165119238.68338
1978-03-25T00:44:36,0.0188,1.88e-05,132497948057.7241
1978-03-25T00:54:14,0.01877,1.8769999999999998e-05,132286515161.8873
1978-03-25T01:26:41,0.01801,1.8010000000000002e-05,126930215134.02188
1978-03-25T01:37:08,0.02346,2.3460000000000002e-05,165340524544.37274
1978-03-25T01:45:47,0.01718,1.718e-05,121080571682.53726
1978-03-25T01:55:44,0.01844,1.8440000000000003e-05,129960753307.6826
1978-03-25T02:28:08,0.01872,1.872e-05,131934127002.15933
1978-03-25T02:36:23,0.02042,2.042e-05,143915324432.91098
1978-03-25T03:20:47,0.01736,1.736e-05,122349169057.558
1978-03-25T03:32:33,0.01661,1.661e-05,117063346661.63815
1978-03-25T03:44:19,0.01631,1.631e-05,114949017703.27023
1978-03-25T03:56:05,0.01659,1.6590000000000002e-05,116922391397.74698
1978-03-25T04:07:51,0.01681,1.681e-05,118472899300.55011
1978-03-25T04:19:37,0.0167,1.67e-05,117697645349.14853
1978-03-25T04:28:42,0.01697,1.697e-05,119600541411.67967
1978-03-25T04:45:13,0.0168,1.68e-05,118402421668.6045
1978-03-25T05:19:39,0.01668,1.668e-05,117556690085.25735
1978-03-25T05:32:30,0.01596,1.596e-05,112482300585.1743
1978-03-25T05:41:59,0.01553,1.5530000000000002e-05,109451762411.5136
1978-03-25T06:29:03,0.01558,1.558e-05,109804150571.24156
1978-03-25T06:40:49,0.01516,1.516e-05,106844090029.52646
1978-03-25T06:59:56,0.01499,1.499e-05,105645970286.4513
1978-03-25T07:56:46,0.01568,1.568e-05,110508926890.69754
1978-03-25T08:07:18,0.01407,1.4069999999999999e-05,99162028147.45628
1978-03-25T08:20:18,0.01562,1.562e-05,110086061099.02397
1978-03-25T08:40:05,0.01464,1.464e-05,103179253168.35536
1978-03-25T09:16:00,0.0143,1.43e-05,100783013682.20505
1978-03-25T09:23:25,0.01529,1.529e-05,107760299244.81924
1978-03-25T10:20:06,0.01486,1.486e-05,104729761071.15852
1978-03-25T10:32:17,0.01542,1.542e-05,108676508460.11201
1978-03-25T10:43:08,0.01608,1.6080000000000002e-05,113328032168.52148
1978-03-25T11:00:45,0.01545,1.545e-05,108887941355.94879
1978-03-25T11:12:31,0.01574,1.5740000000000002e-05,110931792682.37115
1978-03-25T11:23:10,0.01468,1.468e-05,103461163696.13776
1978-03-25T11:37:16,0.01741,1.7409999999999998e-05,122701557217.28596
1978-03-25T11:59:35,0.0167,1.67e-05,117697645349.14853
1978-03-25T12:11:21,0.016,1.6e-05,112764211112.95668
1978-03-25T12:21:31,0.01573,1.573e-05,110861315050.42555
1978-03-25T19:58:41,0.01468,1.468e-05,103461163696.13776
1978-03-25T20:11:07,0.01502,1.502e-05,105857403182.2881
1978-03-25T20:26:37,0.01527,1.527e-05,107619343980.92804
1978-03-25T20:38:24,0.01505,1.505e-05,106068836078.12488
1978-03-25T20:49:51,0.01509,1.509e-05,106350746605.90727
1978-03-25T21:01:55,0.01479,1.4789999999999999e-05,104236417647.53934
1978-03-25T21:13:41,0.01468,1.468e-05,103461163696.13776
1978-03-25T21:25:28,0.01424,1.424e-05,100360147890.53145
1978-03-25T21:37:14,0.01468,1.468e-05,103461163696.13776
1978-03-25T21:46:19,0.01507,1.507e-05,106209791342.01607
1978-03-25T22:02:54,0.01477,1.4770000000000001e-05,104095462383.64815
1978-03-25T22:14:40,0.01426,1.426e-05,100501103154.42265
1978-03-25T22:26:26,0.01491,1.491e-05,105082149230.88652
1978-03-25T22:38:12,0.01513,1.5129999999999999e-05,106632657133.68967
1978-03-25T22:49:58,0.01492,1.492e-05,105152626862.8321
1978-03-25T23:01:44,0.01397,1.397e-05,98457251828.0003
1978-03-25T23:15:02,0.01325,1.325e-05,93382862327.91727
1978-03-25T23:24:44,0.01287,1.287e-05,90704712313.98453
1978-03-26T05:13:18,0.01277,1.277e-05,89999935994.52855
1978-03-26T05:25:03,0.01277,1.277e-05,89999935994.52855
1978-03-26T05:36:48,0.01272,1.272e-05,89647547834.80057
1978-03-26T05:48:33,0.01275,1.275e-05,89858980730.63736
1978-03-26T06:00:18,0.01266,1.2659999999999999e-05,89224682043.12697
1978-03-26T06:12:03,0.01268,1.268e-05,89365637307.01817
1978-03-26T06:23:48,0.01282,1.282e-05,90352324154.25655
1978-03-26T06:34:08,0.01243,1.243e-05,87603696508.37823
1978-03-26T06:47:18,0.01244,1.244e-05,87674174140.32382
1978-03-26T06:59:03,0.01246,1.2460000000000001e-05,87815129404.21503
1978-03-26T07:10:48,0.01261,1.261e-05,88872293883.39899
1978-03-26T07:22:33,0.01261,1.261e-05,88872293883.39899
1978-03-26T07:34:18,0.01267,1.267e-05,89295159675.07257
1978-03-26T07:46:03,0.01332,1.3320000000000001e-05,93876205751.53645
1978-03-26T07:57:48,0.01433,1.4330000000000002e-05,100994446578.04184
1978-03-26T08:07:57,0.01647,1.647e-05,116076659814.3998
1978-03-26T08:15:26,0.0193,1.93e-05,136021829655.00401
1978-03-26T08:22:22,0.0229,2.29e-05,161393777155.41925
1978-03-26T08:31:59,0.02653,2.6530000000000002e-05,186977157551.67133
1978-03-26T08:43:44,0.02848,2.848e-05,200720295781.0629
1978-03-26T08:54:57,0.02897,2.897e-05,204173699746.3972
1978-03-26T09:13:39,0.02677,2.677e-05,188668620718.36563
1978-03-26T09:25:24,0.02517,2.517e-05,177392199607.06998
1978-03-26T09:37:09,0.02404,2.404e-05,169428227197.21744
1978-03-26T09:48:54,0.02339,2.339e-05,164847181120.75357
1978-03-26T10:00:39,0.02228,2.228e-05,157024163974.79218
1978-03-26T10:12:24,0.02109,2.1090000000000003e-05,148637325773.26605
1978-03-26T10:22:01,0.02024,2.0240000000000003e-05,142646727057.89023
1978-03-26T10:38:02,0.01859,1.859e-05,131017917786.86655
1978-03-26T10:51:19,0.01697,1.697e-05,119600541411.67967
1978-03-26T11:01:32,0.01669,1.669e-05,117627167717.20294
1978-03-26T11:13:17,0.01612,1.6119999999999998e-05,113609942696.30385
1978-03-26T11:25:02,0.01546,1.546e-05,108958418987.8944
1978-03-26T11:36:47,0.01561,1.561e-05,110015583467.07838
1978-03-26T11:48:32,0.01548,1.548e-05,109099374251.7856
1978-03-26T12:00:17,0.01553,1.5530000000000002e-05,109451762411.5136
1978-03-26T12:12:02,0.01533,1.533e-05,108042209772.60164
1978-03-26T12:23:47,0.01482,1.482e-05,104447850543.37614
1978-03-26T12:35:32,0.01451,1.451e-05,102263043953.0626
1978-03-26T12:42:29,0.01411,1.4109999999999999e-05,99443938675.23866
1978-03-26T13:45:06,0.01277,1.277e-05,89999935994.52855
1978-03-26T13:56:10,0.01545,1.545e-05,108887941355.94879
1978-03-26T14:05:39,0.01102,1.1020000000000001e-05,77666350404.04892
1978-03-26T14:13:21,0.01992,1.992e-05,140391442835.63107
1978-03-26T14:17:01,0.02388,2.388e-05,168300585086.08783
1978-03-26T14:28:46,0.02496,2.496e-05,175912169336.21243
1978-03-26T14:40:31,0.02544,2.544e-05,179295095669.60114
1978-03-26T14:48:20,0.02309,2.309e-05,162732852162.38562
1978-03-26T14:57:53,0.02775,2.775e-05,195575428649.03427
1978-03-26T15:07:23,0.02559,2.559e-05,180352260148.7851
1978-03-26T15:10:39,0.02204,2.2040000000000002e-05,155332700808.09784
1978-03-26T15:23:55,0.02301,2.3009999999999998e-05,162169031106.82083
1978-03-26T15:33:13,0.02819,2.819e-05,198676444454.64056
1978-03-26T15:42:05,0.0236,2.36e-05,166327211391.6111
1978-03-26T15:48:24,0.03173,3.173e-05,223625526163.38223
1978-03-26T15:57:26,0.02679,2.6790000000000003e-05,188809575982.25687
1978-03-26T16:10:11,0.02624,2.624e-05,184933306225.24896
1978-03-26T16:16:51,0.03528,3.528e-05,248645085504.0695
1978-03-26T16:26:20,0.02464,2.4639999999999998e-05,173656885113.95328
1978-03-26T16:38:59,0.02217,2.217e-05,156248910023.39062
1978-03-26T16:49:46,0.01976,1.976e-05,139263800724.5015
1978-03-26T16:55:07,0.02437,2.437e-05,171753989051.42215
1978-03-26T17:01:07,0.02682,2.682e-05,189021008878.09366
1978-03-26T17:05:51,0.02126,2.1260000000000003e-05,149835445516.34122
1978-03-26T17:15:20,0.02627,2.627e-05,185144739121.08575
1978-03-26T17:29:18,0.02778,2.7779999999999998e-05,195786861544.87106
1978-03-27T05:46:25,0.01651,1.651e-05,116358570342.18217
1978-03-27T05:57:17,0.02062,2.062e-05,145324877071.8229
1978-03-27T06:16:27,0.01733,1.7330000000000002e-05,122137736161.72122
1978-03-27T06:46:50,0.01374,1.374e-05,96836266293.25156
1978-03-27T07:29:18,0.01717,1.717e-05,121010094050.59164
1978-03-27T07:38:21,0.01582,1.582e-05,111495613737.93593
1978-03-27T07:55:33,0.01707,1.7069999999999998e-05,120305317731.13565
1978-03-27T08:12:53,0.015,1.5e-05,105716447918.3969
1978-03-27T08:23:43,0.01894,1.8939999999999998e-05,133484634904.96246
1978-03-27T08:29:52,0.01405,1.4050000000000001e-05,99021072883.5651
1978-03-27T08:36:26,0.01933,1.933e-05,136233262550.84079
1978-03-27T08:44:15,0.0163,1.63e-05,114878540071.32462
1978-03-27T08:50:53,0.02158,2.158e-05,152090729738.60034
1978-03-27T09:11:06,0.01772,1.772e-05,124886363807.59952
1978-03-27T09:22:09,0.01931,1.931e-05,136092307286.9496
1978-03-27T09:24:22,0.02416,2.4160000000000002e-05,170273958780.5646
1978-03-27T09:35:44,0.01736,1.736e-05,122349169057.558
1978-03-27T09:51:34,0.01594,1.594e-05,112341345321.2831
1978-03-27T09:57:49,0.0185,1.85e-05,130383619099.35616
1978-03-27T10:11:40,0.01849,1.849e-05,130313141467.41057
1978-03-27T10:30:43,0.02048,2.048e-05,144338190224.58456
1978-03-27T10:40:40,0.02034,2.0340000000000002e-05,143351503377.34622
1978-03-27T10:57:10,0.01742,1.7420000000000003e-05,122772034849.2316
1978-03-27T11:18:36,0.01758,1.7579999999999998e-05,123899676960.36115
1978-03-27T11:30:53,0.01695,1.695e-05,119459586147.78848
1978-03-27T11:42:07,0.01724,1.7239999999999998e-05,121503437474.21082
1978-03-27T11:54:11,0.01595,1.5949999999999998e-05,112411822953.22868
1978-03-27T12:20:10,0.01614,1.614e-05,113750897960.19507
1978-03-27T12:34:03,0.01574,1.5740000000000002e-05,110931792682.37115
1978-03-27T13:04:04,0.01627,1.627e-05,114667107175.48781
1978-03-27T13:25:16,0.01609,1.609e-05,113398509800.46707
1978-03-27T13:30:08,0.01908,1.908e-05,134471321752.20085
1978-03-27T13:38:24,0.0172,1.72e-05,121221526946.42845
1978-03-28T02:32:18,0.01353,1.3530000000000001e-05,95356236022.394
1978-03-28T02:42:59,0.01317,1.317e-05,92819041272.35248
1978-03-28T10:22:34,0.01648,1.648e-05,116147137446.34538
1978-03-28T10:34:21,0.01639,1.6389999999999997e-05,115512838758.83498
1978-03-28T10:46:08,0.01644,1.644e-05,115865226918.56299
1978-03-28T10:57:55,0.01647,1.647e-05,116076659814.3998
1978-03-28T11:09:41,0.01624,1.624e-05,114455674279.65105
1978-03-28T11:19:50,0.01557,1.5570000000000002e-05,109733672939.29597
1978-03-28T11:34:46,0.01454,1.4540000000000001e-05,102474476848.8994
1978-03-28T11:41:32,0.01346,1.346e-05,94862892598.77481
1978-03-28T11:53:30,0.01404,1.4040000000000001e-05,98950595251.61949
1978-03-28T12:05:14,0.01331,1.3310000000000001e-05,93805728119.59085
1978-03-28T12:17:00,0.01289,1.289e-05,90845667577.87573
1978-03-28T12:24:30,0.01295,1.295e-05,91268533369.54932
1978-03-28T12:50:10,0.01237,1.2370000000000002e-05,87180830716.70465
1978-03-28T13:01:58,0.01284,1.284e-05,90493279418.14775
1978-03-28T13:13:45,0.01277,1.277e-05,89999935994.52855
1978-03-28T13:25:39,0.01314,1.3140000000000001e-05,92607608376.51569
1978-03-28T13:34:39,0.01312,1.312e-05,92466653112.62448
1978-03-28T13:52:20,0.01326,1.326e-05,93453339959.86285
1978-03-28T14:03:29,0.01446,1.446e-05,101910655793.33461
1978-03-28T14:13:31,0.01341,1.341e-05,94510504439.04683
1978-03-28T14:24:28,0.0135,1.35e-05,95144803126.55719
1978-03-28T14:41:36,0.01358,1.358e-05,95708624182.122
1978-03-28T14:53:23,0.01353,1.3530000000000001e-05,95356236022.394
1978-03-28T15:05:09,0.0132,1.32e-05,93030474168.18927
1978-03-28T15:16:56,0.0132,1.32e-05,93030474168.18927
1978-03-28T15:26:55,0.01315,1.3150000000000001e-05,92678086008.46129
1978-03-28T15:41:31,0.0136,1.36e-05,95849579446.01318
1978-03-28T16:04:02,0.013,1.3e-05,91620921529.2773
1978-03-28T16:15:54,0.01475,1.475e-05,103954507119.75694
1978-03-28T16:23:27,0.01607,1.607e-05,113257554536.57587
1978-03-28T16:34:33,0.01886,1.886e-05,132920813849.39767
1978-03-28T16:47:04,0.02039,2.039e-05,143703891537.07416
1978-03-28T17:01:37,0.01963,1.9630000000000003e-05,138347591509.20877
1978-03-28T17:18:53,0.01854,1.8540000000000002e-05,130665529627.13858
1978-03-28T17:27:46,0.01755,1.755e-05,123688244064.52437
1978-03-28T17:56:03,0.015,1.5e-05,105716447918.3969
1978-03-29T06:11:46,0.01123,1.1230000000000001e-05,79146380674.90648
1978-03-29T06:22:39,0.01058,1.058e-05,74565334598.44261
1978-03-29T06:35:45,0.01072,1.072e-05,75552021445.68098
1978-03-29T06:39:48,0.00888,8.880000000000001e-06,62584137167.69097
1978-03-29T06:59:36,0.00985,9.849999999999999e-06,69420467466.41396
1978-03-29T07:10:43,0.0105,1.0500000000000001e-05,74001513542.87782
1978-03-29T13:03:24,0.01099,1.099e-05,77454917508.21213
1978-03-29T13:24:06,0.01226,1.226e-05,86405576765.30305
1978-03-29T13:37:29,0.01161,1.161e-05,81824530688.8392
1978-03-29T13:56:14,0.01136,1.1360000000000001e-05,80062589890.19925
1978-03-29T14:09:33,0.01198,1.1979999999999999e-05,84432203070.82631
1978-03-29T14:19:48,0.01253,1.253e-05,88308472827.83421
1978-03-29T14:27:50,0.01275,1.275e-05,89858980730.63736
1978-03-29T14:59:25,0.0128,1.2800000000000001e-05,90211368890.36536
1978-03-29T15:08:00,0.01302,1.302e-05,91761876793.1685
1978-03-29T15:24:03,0.01401,1.401e-05,98739162355.78268
1978-03-29T22:44:15,0.0124,1.24e-05,87392263612.54143
1978-03-29T22:56:55,0.01154,1.154e-05,81331187265.22
1978-03-29T23:07:49,0.01138,1.138e-05,80203545154.09044
1978-03-29T23:19:35,0.01132,1.132e-05,79780679362.41685
1978-03-29T23:31:22,0.0111,1.11e-05,78230171459.61371
1978-03-29T23:43:09,0.01107,1.107e-05,78018738563.77692
1978-03-29T23:55:13,0.01112,1.112e-05,78371126723.5049
1978-03-30T00:05:54,0.01267,1.267e-05,89295159675.07257
1978-03-30T00:17:32,0.01239,1.239e-05,87321785980.59583
1978-03-30T00:29:19,0.01371,1.3710000000000001e-05,96624833397.41476
1978-03-30T00:41:06,0.01353,1.3530000000000001e-05,95356236022.394
1978-03-30T00:52:21,0.01314,1.3140000000000001e-05,92607608376.51569
1978-03-30T01:11:06,0.01216,1.216e-05,85700800445.84708
1978-03-30T01:22:53,0.01225,1.2250000000000001e-05,86335099133.35747
1978-03-30T01:35:19,0.01223,1.223e-05,86194143869.46628
1978-03-30T01:46:27,0.01226,1.226e-05,86405576765.30305
1978-03-30T01:58:14,0.01217,1.217e-05,85771278077.79268
1978-03-30T02:07:53,0.01202,1.202e-05,84714113598.60872
1978-03-30T02:28:14,0.01209,1.2090000000000001e-05,85207457022.2279
1978-03-30T02:40:01,0.01206,1.206e-05,84996024126.3911
1978-03-30T02:49:39,0.01225,1.2250000000000001e-05,86335099133.35747
1978-03-30T03:10:01,0.01258,1.258e-05,88660860987.5622
1978-03-30T03:21:48,0.012,1.2e-05,84573158334.71751
1978-03-30T03:33:35,0.01197,1.197e-05,84361725438.88072
1978-03-30T03:45:22,0.01202,1.202e-05,84714113598.60872
1978-03-30T03:57:09,0.01238,1.238e-05,87251308348.65024
1978-03-30T04:08:56,0.01318,1.3180000000000001e-05,92889518904.29807
1978-03-30T04:20:43,0.0138,1.38e-05,97259132084.92514
1978-03-30T04:32:30,0.01396,1.396e-05,98386774196.05472
1978-03-30T04:44:17,0.0142,1.4200000000000001e-05,100078237362.74907
1978-03-30T04:56:04,0.01387,1.3870000000000001e-05,97752475508.54434
1978-03-30T08:46:24,0.01338,1.338e-05,94299071543.21002
1978-03-30T09:06:54,0.01334,1.334e-05,94017161015.42763
1978-03-30T09:13:59,0.01163,1.163e-05,81965485952.7304
1978-03-30T09:22:49,0.0133,1.33e-05,93735250487.64523
1978-03-30T09:34:37,0.01353,1.3530000000000001e-05,95356236022.394
1978-03-30T09:46:24,0.01355,1.3549999999999999e-05,95497191286.28519
1978-03-30T09:58:11,0.01322,1.322e-05,93171429432.08046
1978-03-30T10:09:58,0.01326,1.326e-05,93453339959.86285
1978-03-30T10:21:45,0.01352,1.3520000000000001e-05,95285758390.44841
1978-03-30T10:33:32,0.01368,1.368e-05,96413400501.57797
1978-03-30T10:45:19,0.01356,1.3559999999999999e-05,95567668918.23079
1978-03-30T11:11:47,0.01486,1.486e-05,104729761071.15852
1978-03-30T11:23:53,0.01575,1.575e-05,111002270314.31674
1978-03-30T18:34:22,0.02061,2.061e-05,145254399439.87732
1978-03-30T18:51:57,0.02142,2.142e-05,150963087627.47076
1978-03-30T18:57:41,0.01868,1.868e-05,131652216474.37694
1978-03-30T19:17:49,0.02261,2.2610000000000002e-05,159349925828.99695
1978-03-30T19:30:47,0.01966,1.966e-05,138559024405.04553
1978-03-30T19:43:39,0.01735,1.735e-05,122278691425.61241
1978-03-30T20:03:28,0.01928,1.928e-05,135880874391.1128
1978-03-30T20:21:40,0.01894,1.8939999999999998e-05,133484634904.96246
1978-03-30T20:28:11,0.01643,1.643e-05,115794749286.6174
1978-03-30T20:42:24,0.01943,1.943e-05,136938038870.29677
1978-03-30T20:50:19,0.02297,2.2970000000000002e-05,161887120579.03845
1978-03-30T21:02:57,0.02114,2.114e-05,148989713932.99405
1978-03-30T21:20:36,0.02078,2.078e-05,146452519182.95248
1978-03-30T21:30:46,0.02055,2.0549999999999998e-05,144831533648.20374
1978-03-30T21:52:44,0.0198,1.9800000000000004e-05,139545711252.28394
1978-03-30T22:08:48,0.01913,1.913e-05,134823709911.92885
1978-03-30T22:16:50,0.01917,1.917e-05,135105620439.71123
1978-03-30T22:32:22,0.01931,1.931e-05,136092307286.9496
1978-03-30T22:41:29,0.01932,1.932e-05,136162784918.8952
1978-03-30T22:58:05,0.0203,2.03e-05,143069592849.56378
1978-03-30T23:09:02,0.02122,2.122e-05,149553534988.5588
1978-03-30T23:20:35,0.0241,2.41e-05,169851092988.891
1978-03-30T23:26:48,0.02786,2.786e-05,196350682600.43582
1978-03-30T23:37:16,0.02798,2.7980000000000003e-05,197196414183.78305
1978-03-30T23:50:35,0.02609,2.609e-05,183876141746.065
1978-03-30T23:57:32,0.02544,2.544e-05,179295095669.60114
1978-03-31T00:06:25,0.02411,2.411e-05,169921570620.8366
1978-03-31T00:17:40,0.02234,2.234e-05,157447029766.46576
1978-03-31T00:36:08,0.02307,2.307e-05,162591896898.49442
1978-03-31T00:48:21,0.02243,2.243e-05,158081328453.97614
1978-03-31T01:00:08,0.02086,2.086e-05,147016340238.51727
1978-03-31T01:11:57,0.01986,1.986e-05,139968577043.9575
1978-03-31T01:21:37,0.01939,1.9390000000000002e-05,136656128342.51439
1978-03-31T01:39:41,0.01896,1.896e-05,133625590168.85367
1978-03-31T02:05:44,0.019,1.9e-05,133907500696.63608
1978-03-31T02:17:34,0.01901,1.901e-05,133977978328.58167
1978-03-31T02:29:26,0.01942,1.942e-05,136867561238.35118
1978-03-31T02:39:41,0.02035,2.035e-05,143421981009.2918
1978-03-31T03:03:55,0.02082,2.082e-05,146734429710.7349
1978-03-31T03:15:46,0.02111,2.111e-05,148778281037.15723
1978-03-31T03:24:23,0.02121,2.121e-05,149483057356.6132
1978-03-31T03:46:59,0.0212,2.12e-05,149412579724.6676
1978-03-31T03:58:49,0.02091,2.091e-05,147368728398.24527
1978-03-31T04:09:14,0.02111,2.111e-05,148778281037.15723
1978-03-31T04:23:32,0.02003,2.003e-05,141166696787.03265
1978-03-31T04:35:22,0.01982,1.982e-05,139686666516.1751
1978-03-31T04:47:13,0.02014,2.0140000000000004e-05,141941950738.43427
1978-03-31T04:59:03,0.0197,1.9699999999999998e-05,138840934932.8279
1978-03-31T05:11:03,0.01922,1.9220000000000002e-05,135458008599.43924
1978-03-31T05:21:54,0.02835,2.835e-05,199804086565.77014
1978-03-31T05:29:08,0.02191,2.191e-05,154416491592.80505
1978-03-31T05:38:51,0.01926,1.926e-05,135739919127.2216
1978-03-31T05:47:27,0.01895,1.8950000000000003e-05,133555112536.9081
1978-03-31T06:07:55,0.01936,1.9359999999999998e-05,136444695446.67758
1978-03-31T06:19:45,0.01892,1.892e-05,133343679641.07127
1978-03-31T06:31:35,0.01862,1.862e-05,131229350682.70335
1978-03-31T06:43:26,0.01902,1.9019999999999997e-05,134048455960.52725
1978-03-31T06:55:15,0.01836,1.836e-05,129396932252.1178
1978-03-31T07:07:05,0.0185,1.85e-05,130383619099.35616
1978-03-31T07:15:10,0.01633,1.633e-05,115089972967.16142
1978-03-31T07:23:07,0.01816,1.816e-05,127987379613.20583
1978-03-31T07:32:38,0.01786,1.7860000000000002e-05,125873050654.8379
1978-03-31T07:42:35,0.01764,1.764e-05,124322542752.03474
1978-03-31T07:51:47,0.01921,1.921e-05,135387530967.49362
1978-03-31T08:05:40,0.01781,1.781e-05,125520662495.10992
1978-03-31T08:18:06,0.01773,1.7729999999999998e-05,124956841439.5451
1978-03-31T08:29:57,0.01799,1.799e-05,126789259870.13066
1978-03-31T08:41:47,0.01782,1.782e-05,125591140127.0555
1978-03-31T08:49:19,0.01788,1.788e-05,126014005918.72911
