time,i082_ergs_per_cm2_per_s,i082_W_per_m2,i082_ph_flux
1978-04-01T04:52:18,0.018278,1.8278e-05,128819015670.1639
1978-04-01T04:54:40,0.021847,2.1847e-05,153972482511.5478
1978-04-01T04:55:00,0.02512,2.512e-05,177039811447.34198
1978-04-01T04:55:47,0.033017,3.3017e-05,232695997394.78067
1978-04-01T04:56:51,0.041877,4.1877e-05,295139179298.58044
1978-04-01T05:02:16,0.031773,3.1773e-05,223928579980.7483
1978-04-01T05:02:23,0.045016,4.5016000000000004e-05,317262107966.30365
1978-04-01T05:02:44,0.055707,5.5707e-05,392609744279.3424
1978-04-01T05:03:27,0.0692,6.92e-05,487705213063.5377
1978-04-01T05:03:28,0.037173,3.7173e-05,261986501231.37115
1978-04-01T05:41:27,0.016944,1.6944000000000002e-05,119417299568.62114
1978-04-01T05:49:50,0.013602,1.3602e-05,95863674972.4023
1978-04-01T05:53:48,0.012612,1.2612e-05,88886389409.78812
1978-04-01T05:54:19,0.017554,1.7554e-05,123716435117.30261
1978-04-01T05:59:49,0.017387,1.7387e-05,122539458663.81113
1978-04-01T06:02:36,0.01407,1.4069999999999999e-05,99162028147.45628
1978-04-01T06:08:06,0.013164,1.3164000000000001e-05,92776754693.18512
1978-04-01T07:48:30,0.066111,6.6111e-05,465934672555.54254
1978-04-01T07:50:13,0.034462,3.4462e-05,242880015210.91962
1978-04-01T07:50:31,0.047305,4.7305e-05,333394437918.651
1978-04-01T07:50:54,0.040713,4.0713e-05,286935582940.11285
1978-04-01T07:51:02,0.027209,2.7209e-05,191762588760.7774
1978-04-01T07:51:09,0.055016,5.5016e-05,387739739911.9016
1978-04-01T07:54:52,0.021899,2.1898999999999998e-05,154338966197.66492
1978-04-01T07:58:03,0.03281,3.281e-05,231237110413.5068
1978-04-01T07:58:04,0.027125,2.7125000000000002e-05,191170576652.43442
1978-04-01T07:58:10,0.038386,3.8386e-05,270535437986.37222
1978-04-01T07:58:18,0.044909,4.4909e-05,316507997304.4858
1978-04-01T07:58:57,0.051551,5.1551e-05,363319240442.7519
1978-04-01T08:16:04,0.015623,1.5623e-05,110107204388.60764
1978-04-01T08:16:48,0.019723,1.9723e-05,139003033486.3028
1978-04-01T08:17:27,0.022802,2.2802e-05,160703096362.3524
1978-04-01T11:07:18,0.036594,3.6594e-05,257905846341.7211
1978-04-01T11:08:08,0.031211,3.1210999999999996e-05,219967737065.40567
1978-04-01T11:08:37,0.055232,5.5232e-05,389262056761.9265
1978-04-01T11:08:44,0.064619,6.4619e-05,455419409869.2593
1978-04-01T11:08:49,0.046485,4.6485e-05,327615272099.11194
1978-04-01T11:42:49,0.023555,2.3555e-05,166010062047.85593
1978-04-01T11:46:11,0.021691,2.1691e-05,152873031453.19644
1978-04-01T12:41:40,0.024458,2.4458000000000002e-05,172374192212.54343
1978-04-01T12:43:24,0.02901,2.9010000000000002e-05,204455610274.17963
1978-04-01T15:52:31,0.052756,5.2756e-05,371811795092.1965
1978-04-01T15:52:36,0.064236,6.4236e-05,452720116565.74286
1978-04-01T15:53:56,0.047097,4.7097e-05,331928503174.18256
1978-04-01T21:47:14,0.027861,2.7861e-05,196357730363.6304
1978-04-01T21:52:23,0.034985,3.4985000000000005e-05,246565995361.6744
1978-04-01T22:02:09,0.095116,9.5116e-05,670355044013.7494
1978-04-01T22:02:32,0.02444,2.444e-05,172247332475.04135
1978-04-01T22:03:09,0.02865,2.865e-05,201918415524.13803
1978-04-01T22:03:09,0.075804,7.5804e-05,534248641200.41046
1978-04-01T22:03:12,0.132159,0.000132159,931425336029.8276
1978-04-01T22:03:17,0.173864,0.000173864,1225352300058.9438
1978-04-01T22:03:17,0.060552,6.0552000000000006e-05,426756156956.9846
1978-04-01T22:03:29,0.043247,4.3247e-05,304794614875.1274
1978-04-01T22:03:36,0.116548,0.000116548,821402704799.5547
1978-04-01T22:03:37,0.050597,5.0597000000000004e-05,356595674355.14185
1978-04-01T22:03:45,0.031491,3.1491e-05,221941110759.88245
1978-04-01T22:03:53,0.036843,3.6843e-05,259660739377.16644
1978-04-01T22:20:31,0.024811,2.4811e-05,174862052620.22302
1978-04-01T22:29:55,0.034445,3.4445000000000006e-05,242760203236.6121
1978-04-01T22:30:09,0.027613,2.7612999999999998e-05,194609885091.37955
1978-04-01T22:30:35,0.04292,4.292e-05,302489996310.50635
1978-04-01T22:31:22,0.054277,5.4277e-05,382531442911.12195
1978-04-01T22:33:07,0.065548,6.5548e-05,461966781877.0053
1978-04-01T22:33:34,0.024245,2.4245e-05,170873018652.10217
1978-04-01T22:36:15,0.032115,3.2115e-05,226338914993.28775
1978-04-01T22:36:27,0.040122,4.0122e-05,282770354892.128
1978-04-01T22:56:29,0.027354,2.7354e-05,192784514423.98856
1978-04-01T22:56:32,0.047695,4.7695e-05,336143065564.52936
1978-04-01T22:56:38,0.037958,3.7958e-05,267518995339.1006
1978-04-01T22:57:01,0.060514,6.0514e-05,426488341955.59125
1978-04-01T22:57:02,0.032287,3.2287000000000004e-05,227551130262.75208
1978-04-01T22:59:37,0.023518,2.3518e-05,165749294809.6572
1978-04-01T23:03:57,0.022048,2.2048000000000003e-05,155389082913.65436
1978-04-01T23:10:33,0.021691,2.1691e-05,152873031453.19644
1978-04-01T23:24:30,0.169705,0.000169705,1196040652932.7695
1978-04-01T23:24:58,0.135065,0.000135065,951906135873.2184
1978-04-01T23:26:34,0.026001,2.6001e-05,183248890821.7492
1978-04-01T23:32:56,0.060446,6.0446000000000004e-05,426009094058.36127
1978-04-01T23:33:01,0.075092,7.5092e-05,529230633805.88403
1978-04-01T23:33:20,0.110137,0.000110137,776219494959.2319
1978-04-01T23:34:35,0.04698,4.698e-05,331103914880.41907
1978-04-01T23:34:43,0.039618,3.9618e-05,279218282242.0699
1978-04-01T23:34:58,0.135709,0.000135709,956444895370.5149
1978-04-01T23:35:38,0.023295,2.3295e-05,164177643617.27036
1978-04-01T23:38:48,0.081192,8.1192e-05,572221989292.6987
1978-04-01T23:40:32,0.049982,4.9982e-05,352261299990.48755
1978-04-01T23:40:35,0.10111,0.00010111000000000001,712599336601.9407
1978-04-01T23:47:21,0.02328,2.328e-05,164071927169.35196
1978-04-02T00:05:00,0.024142,2.4142e-05,170147099043.06253
1978-04-02T00:05:33,0.01852,1.852e-05,130524574363.24736
1978-04-02T00:09:54,0.02148,2.148e-05,151385953419.14435
1978-04-02T00:18:45,0.026234,2.6234e-05,184891019646.0816
1978-04-02T00:28:28,0.030144,3.0144e-05,212447773736.81042
1978-04-02T00:31:21,0.025887,2.5887e-05,182445445817.5694
1978-04-02T00:36:11,0.110704,0.000110704,780215576690.5472
1978-04-02T00:37:04,0.014534,1.4534e-05,102432190269.73204
1978-04-02T00:37:19,0.012031,1.2031e-05,84791638993.74887
1978-04-02T00:37:51,0.037538,3.7538000000000005e-05,264558934797.38556
1978-04-02T00:37:51,0.018404,1.8404000000000002e-05,129707033832.67844
1978-04-02T00:38:55,0.082649,8.2649e-05,582490580267.1724
1978-04-02T00:38:55,0.070619,7.061900000000001e-05,497705989036.61804
1978-04-02T00:38:55,0.06034,6.034e-05,425262031159.7379
1978-04-02T00:38:55,0.051557,5.1557e-05,363361527021.91925
1978-04-02T00:39:16,0.043757,4.3757e-05,308388974104.35284
1978-04-02T00:39:29,0.030971,3.0971e-05,218276273898.71136
1978-04-02T00:39:31,0.021706,2.1706e-05,152978747901.11484
1978-04-02T00:40:30,0.02408,2.408e-05,169710137724.9998
1978-04-02T00:41:34,0.150254,0.000150254,1058954611035.3871
1978-04-02T00:45:50,0.044198,4.4198e-05,311497037673.15375
1978-04-02T00:46:22,0.073386,7.3386e-05,517207149795.965
1978-04-02T00:46:22,0.062704,6.2704e-05,441922943351.67725
1978-04-02T00:46:22,0.054349,5.4349000000000004e-05,383038881861.13025
1978-04-02T00:46:54,0.086865,8.6865e-05,612203949895.4364
1978-04-02T00:53:57,0.021715,2.1715e-05,153042177769.8659
1978-04-02T01:04:18,0.021892,2.1892e-05,154289631855.30298
1978-04-02T01:06:51,0.027833,2.7833e-05,196160392994.18274
1978-04-02T01:08:43,0.042766,4.2766e-05,301404640778.5441
1978-04-02T01:09:21,0.035165,3.5165e-05,247834592736.69513
1978-04-02T01:27:37,0.026396,2.6396e-05,186032757283.6003
1978-04-02T01:31:25,0.021509,2.1509e-05,151590338551.78656
1978-04-02T01:35:14,0.030772,3.0772e-05,216873769022.99396
1978-04-02T01:41:44,0.0212,2.12e-05,149412579724.6676
1978-04-02T01:58:11,0.023012,2.3012000000000003e-05,162183126633.20996
1978-04-02T02:05:42,0.022625,2.2625e-05,159455642276.91534
1978-04-02T02:05:42,0.022625,2.2625e-05,159455642276.91534
1978-04-02T02:13:19,0.022622,2.2622e-05,159434498987.33163
1978-04-02T02:17:08,0.020949,2.0949e-05,147643591162.8331
1978-04-02T06:11:05,0.015328,1.5328e-05,108028114246.21251
1978-04-02T06:24:45,0.015741,1.5741e-05,110938840445.5657
1978-04-02T06:35:34,0.015213,1.5213000000000002e-05,107217621478.83813
1978-04-02T06:48:12,0.015608,1.5608e-05,110001487940.68924
1978-04-02T06:53:20,0.017428,1.7428e-05,122828416954.78807
1978-04-02T06:59:02,0.014947,1.4947000000000001e-05,105342916469.08524
1978-04-02T07:10:28,0.015728,1.5728e-05,110847219524.0364
1978-04-02T07:21:54,0.015328,1.5328e-05,108028114246.21251
1978-04-02T07:34:58,0.015051,1.5051e-05,106075883841.31944
1978-04-02T07:40:57,0.01572,1.5720000000000002e-05,110790837418.47997
1978-04-02T07:48:34,0.014934,1.4934e-05,105251295547.55595
1978-04-02T07:54:17,0.014187,1.4187e-05,99986616441.21977
1978-04-02T08:01:54,0.015714,1.5714e-05,110748550839.31258
1978-04-02T08:10:39,0.014725,1.4725e-05,103778313039.89294
1978-04-02T08:16:43,0.014604,1.4604000000000001e-05,102925533693.35123
1978-04-02T13:08:17,0.027147,2.7147000000000003e-05,191325627442.7147
1978-04-02T13:14:34,0.022753,2.2753e-05,160357755965.81897
1978-04-02T13:26:32,0.021341,2.1340999999999998e-05,150406314335.10052
1978-04-02T13:38:15,0.02052,2.052e-05,144620100752.36697
1978-04-02T13:49:58,0.020317,2.0317000000000002e-05,143189404823.8713
1978-04-02T14:01:40,0.020352,2.0351999999999998e-05,143436076535.68088
1978-04-02T14:13:23,0.020295,2.0295e-05,143034354033.591
1978-04-02T14:25:06,0.020304,2.0304e-05,143097783902.34204
1978-04-02T14:38:05,0.019199,1.9199e-05,135310005572.35345
1978-04-02T14:40:00,0.034487,3.4487e-05,243056209290.78357
1978-04-02T14:49:08,0.017727,1.7727e-05,124935698149.96146
1978-04-02T15:01:23,0.0179,1.7899999999999998e-05,126154961182.62029
1978-04-02T15:13:00,0.018283,1.8283e-05,128854254486.13669
1978-04-02T15:24:05,0.018695,1.8695e-05,131757932922.29532
1978-04-02T15:36:45,0.018638,1.8638e-05,131356210420.20541
1978-04-02T15:48:08,0.018729,1.8729e-05,131997556870.91035
1978-04-02T15:59:51,0.01864,1.864e-05,131370305946.59456
1978-04-02T16:11:34,0.018672,1.8672e-05,131595834368.82045
1978-04-02T16:23:16,0.018778,1.8778e-05,132342897267.44379
1978-04-02T16:34:59,0.019244,1.9244e-05,135627154916.10866
1978-04-02T16:42:58,0.018656,1.8656e-05,131483070157.70749
1978-04-02T16:59:50,0.022757,2.2757e-05,160385947018.5972
1978-04-02T17:00:00,0.027934,2.7934e-05,196872217076.83325
1978-04-02T17:07:17,0.019075,1.9075000000000003e-05,134436082936.22806
1978-04-02T17:14:57,0.020535,2.0535000000000002e-05,144725817200.28537
1978-04-02T17:16:09,0.025999,2.5999000000000003e-05,183234795295.36008
1978-04-02T17:19:45,0.032056,3.2056e-05,225923096964.80872
1978-04-02T17:20:46,0.039614,3.9614000000000004e-05,279190091189.2916
1978-04-02T17:28:20,0.027306,2.7306000000000002e-05,192446221790.64972
1978-04-02T17:33:26,0.022383,2.2383e-05,157750083583.83185
1978-04-02T17:37:08,0.036183,3.6183e-05,255009215668.757
1978-04-02T17:44:11,0.019133,1.9133e-05,134844853201.51253
1978-04-02T17:55:54,0.019228,1.9228e-05,135514390704.9957
1978-04-02T18:07:37,0.020264,2.0264e-05,142815873374.55966
1978-04-02T18:18:44,0.020626,2.0626e-05,145367163650.9903
1978-04-02T18:31:02,0.019582,1.9582e-05,138009298875.86987
1978-04-02T18:42:45,0.019113,1.9113e-05,134703897937.62132
1978-04-02T18:49:40,0.030595,3.0595e-05,215626314937.5569
1978-04-02T18:54:27,0.01874,1.874e-05,132075082266.05052
1978-04-02T19:06:48,0.019107,1.9107e-05,134661611358.45396
1978-04-02T19:17:53,0.019642,1.9642e-05,138432164667.54346
1978-04-02T19:29:35,0.020379,2.0379000000000003e-05,143626366141.93405
1978-04-02T19:40:25,0.021405,2.1405e-05,150857371179.55234
1978-04-02T19:53:01,0.022545,2.2545e-05,158891821221.35052
1978-04-02T20:03:56,0.020602,2.0602e-05,145198017334.32086
1978-04-02T20:13:46,0.019517,1.9517e-05,137551194268.22348
1978-04-02T20:30:03,0.019877,1.9877e-05,140088389018.265
1978-04-02T20:42:21,0.020105,2.0105e-05,141695279026.62463
1978-04-02T20:53:42,0.019356,1.9356000000000002e-05,136416504393.89935
1978-04-02T21:05:25,0.018551,1.8551000000000002e-05,130743055022.27873
1978-04-02T21:17:07,0.017734,1.7734e-05,124985032492.32338
1978-04-02T21:29:17,0.017239,1.7239000000000002e-05,121496389711.01628
1978-04-02T21:39:38,0.017006,1.7006e-05,119854260886.68384
1978-04-02T21:52:15,0.019173,1.9173e-05,135126763729.29492
1978-04-02T22:04:38,0.020476,2.0476000000000002e-05,144309999171.80634
1978-04-02T22:05:02,0.046076,4.6076e-05,324732736952.537
1978-04-02T22:05:02,0.027525,2.7525e-05,193989681930.25833
1978-04-02T22:05:34,0.037559,3.7559000000000004e-05,264706937824.47128
1978-04-02T22:05:53,0.03233,3.233e-05,227854184080.1181
1978-04-02T22:07:37,0.005707,5.707000000000001e-06,40221584551.352745
1978-04-02T22:14:30,0.024636,2.4636000000000003e-05,173628694061.17508
1978-04-02T22:15:09,0.019885,1.9885e-05,140144771123.82147
1978-04-02T22:18:03,0.021882,2.1881999999999998e-05,154219154223.3574
1978-04-02T22:18:06,0.194844,0.000194844,1373214371880.8083
1978-04-02T22:18:20,0.097305,9.7305e-05,685782597646.6407
1978-04-02T22:18:35,0.121161,0.000121161,853914036416.0591
1978-04-02T22:18:43,0.156056,0.000156056,1099845733090.2231
1978-04-02T22:18:52,0.084396,8.4396e-05,594803022568.0682
1978-04-02T22:18:52,0.072112,7.2112e-05,508228299486.0958
1978-04-02T22:18:52,0.061615,6.1615e-05,434247929232.80164
1978-04-02T22:18:52,0.052647,5.2647e-05,371043588903.9894
1978-04-02T22:18:52,0.044984,4.4984e-05,317036579544.07776
1978-04-02T22:19:24,0.03825,3.825e-05,269576942191.91208
1978-04-02T22:19:56,0.03278,3.2779999999999994e-05,231025677517.66995
1978-04-02T22:20:42,0.028406,2.8406000000000002e-05,200198761304.6655
1978-04-02T22:23:08,0.024654,2.4653999999999998e-05,173755553798.67712
1978-04-02T22:25:37,0.018937,1.8937e-05,133463491615.37878
1978-04-02T22:27:23,0.017078,1.7077999999999998e-05,120361699836.69212
1978-04-03T02:59:35,0.018309,1.8309e-05,129037496329.19525
1978-04-03T03:11:16,0.017235,1.7235e-05,121468198658.23802
1978-04-03T03:22:56,0.016705,1.6705e-05,117732884165.12134
1978-04-03T03:34:36,0.017062,1.7062e-05,120248935625.57918
1978-04-03T03:46:45,0.015499,1.5499000000000002e-05,109233281752.48224
1978-04-03T03:48:41,0.018595,1.8595e-05,131053156602.83936
1978-04-03T03:58:23,0.018592,1.8592e-05,131032013313.25568
1978-04-03T04:02:15,0.021731,2.1731e-05,153154941980.97885
1978-04-03T04:10:00,0.145171,0.000145171,1023130830717.4398
1978-04-03T04:10:00,0.019078,1.9078000000000003e-05,134457226225.81175
1978-04-03T04:44:58,0.201321,0.000201321,1418862734091.972
1978-04-03T04:45:41,0.030852,3.0852e-05,217437590078.55872
1978-04-03T08:36:57,0.020367,2.0367e-05,143541792983.5993
1978-04-03T08:45:27,0.021031,2.1031000000000002e-05,148221507744.78702
1978-04-03T12:42:41,0.018236,1.8236e-05,128523009615.99237
1978-04-03T12:54:45,0.01809,1.8089999999999998e-05,127494036189.58664
1978-04-03T13:06:26,0.018333,1.8333e-05,129206642645.86467
1978-04-03T13:18:06,0.018035,1.8035e-05,127106409213.88585
1978-04-03T13:29:46,0.018421,1.8421e-05,129826845806.98593
1978-04-03T13:41:26,0.018974,1.8974e-05,133724258853.57753
1978-04-03T13:53:41,0.02059,2.059e-05,145113444175.98615
1978-04-03T14:01:07,0.092289,9.2289e-05,650431017462.7288
1978-04-03T14:04:21,0.02016,2.016e-05,142082906002.3254
1978-04-03T14:16:27,0.019048,1.9047999999999998e-05,134245793329.97491
1978-04-03T14:28:07,0.018212,1.8211999999999998e-05,128353863299.32292
1978-04-03T14:40:47,0.018549,1.8549e-05,130728959495.88962
1978-04-03T14:41:49,0.024466,2.4466000000000003e-05,172430574318.0999
1978-04-03T14:47:13,0.028675,2.8675e-05,202094609604.00204
1978-04-03T14:53:27,0.018373,1.8373000000000002e-05,129488553173.6471
1978-04-03T15:03:08,0.018188,1.8188e-05,128184716982.6535
1978-04-03T15:09:30,0.017883,1.7883e-05,126035149208.31277
1978-04-03T15:30:43,0.018015,1.8015e-05,126965453949.99467
1978-04-03T15:42:23,0.017895,1.7895e-05,126119722366.6475
1978-04-03T15:54:03,0.017255,1.7255e-05,121609153922.12923
1978-04-03T16:05:43,0.017363,1.7363e-05,122370312347.14168
1978-04-03T16:17:23,0.017326,1.7326e-05,122109545108.94296
1978-04-03T16:34:22,0.019411,1.9411e-05,136804131369.60014
1978-04-03T16:46:02,0.017852,1.7852e-05,125816668549.28143
1978-04-03T16:57:42,0.017168,1.7168e-05,120995998524.20251
1978-04-03T17:09:23,0.017109,1.7109e-05,120580180495.7235
1978-04-03T17:21:03,0.017725,1.7725e-05,124921602623.57233
1978-04-03T17:31:55,0.017821,1.7821e-05,125598187890.25008
1978-04-03T17:37:29,0.039315,3.9315000000000006e-05,277082809994.1183
1978-04-03T17:39:37,0.017771,1.7771e-05,125245799730.52208
1978-04-03T17:58:11,0.017771,1.7771e-05,125245799730.52208
1978-04-03T18:09:51,0.017813,1.7813e-05,125541805784.69359
1978-04-03T18:21:31,0.018467,1.8467e-05,130151042913.9357
1978-04-03T18:33:11,0.018984,1.8984e-05,133794736485.5231
1978-04-03T18:46:01,0.132162,0.000132162,931446479319.4115
1978-04-03T18:46:02,0.019433,1.9433e-05,136959182159.88045
1978-04-03T18:51:45,0.018391,1.8391e-05,129615412911.14915
1978-04-03T19:26:14,0.020557,2.0557e-05,144880867990.56564
1978-04-03T20:00:11,0.02359,2.359e-05,166256733759.66553
1978-04-03T20:38:22,0.019628,1.9628e-05,138333495982.8196
1978-04-03T20:50:03,0.020295,2.0295e-05,143034354033.591
1978-04-03T20:58:00,0.020418,2.0418e-05,143901228906.52185
1978-04-03T21:14:22,0.019411,1.9411e-05,136804131369.60014
1978-04-03T21:17:12,0.055852,5.5852e-05,393631669942.5535
1978-04-03T21:26:49,0.018803,1.8803e-05,132519091347.30777
1978-04-03T21:36:43,0.018934,1.8934e-05,133442348325.7951
1978-04-03T21:47:32,0.020183,2.0183e-05,142245004555.8003
1978-04-03T21:50:08,0.031492,3.1492e-05,221948158523.077
1978-04-03T21:57:54,0.023043,2.3043000000000003e-05,162401607292.24133
1978-04-03T22:04:18,0.0204,2.04e-05,143774369169.01978
1978-04-03T22:15:59,0.020159,2.0159e-05,142075858239.1309
1978-04-03T22:27:07,0.021214,2.1214e-05,149511248409.39145
1978-04-03T22:36:08,0.025016,2.5016e-05,176306844075.10776
1978-04-03T22:47:48,0.024578,2.4578e-05,173219923795.8906
1978-04-03T22:59:28,0.023575,2.3575e-05,166151017311.74713
1978-04-03T23:11:09,0.023846,2.3846e-05,168060961137.4728
1978-04-03T23:22:49,0.023202,2.3202000000000002e-05,163522201640.17636
1978-04-03T23:34:29,0.023107,2.3107e-05,162852664136.69315
1978-04-03T23:46:09,0.023162,2.3162e-05,163240291112.39392
1978-04-03T23:53:35,0.023,2.3e-05,162098553474.87524
1978-04-04T00:05:44,0.023258,2.3258e-05,163916876379.0717
1978-04-04T00:19:35,0.024869,2.4869e-05,175270822885.50748
1978-04-04T00:31:16,0.024039,2.4039e-05,169421179434.02286
1978-04-04T00:42:57,0.023798,2.3798e-05,167722668504.13397
1978-04-04T00:54:38,0.022505,2.2505000000000002e-05,158609910693.56815
1978-04-04T01:06:18,0.021628,2.1628e-05,152429022371.9392
1978-04-04T01:17:27,0.022789,2.2789e-05,160611475440.82312
1978-04-04T01:28:36,0.025017,2.5017e-05,176313891838.30237
1978-04-04T01:40:17,0.024559,2.4559e-05,173086016295.19397
1978-04-04T01:51:58,0.024581,2.4581e-05,173241067085.47427
1978-04-04T02:03:39,0.024303,2.4303e-05,171281788917.38666
1978-04-04T02:10:12,0.021445,2.1445e-05,151139281707.33475
1978-04-04T02:27:00,0.02542,2.542e-05,179154140405.70993
1978-04-04T02:38:41,0.028456,2.8456e-05,200551149464.39346
1978-04-04T02:49:45,0.032376,3.2376e-05,228178381187.06787
1978-04-04T03:01:54,0.04271,4.2709999999999996e-05,301009966039.64874
1978-04-04T03:07:39,0.290918,0.00029091800000000004,2050321173034.946
1978-04-04T03:16:23,0.043868,4.3868e-05,309171275818.949
1978-04-04T03:23:49,0.039163,3.9163000000000004e-05,276011549988.54517
1978-04-04T04:14:04,0.035064,3.5064e-05,247122768654.0446
1978-04-04T04:15:55,0.029117,2.9117000000000003e-05,205209720935.9975
1978-04-04T04:22:45,0.026045,2.6045e-05,183558992402.30978
1978-04-04T04:34:26,0.025453,2.5453000000000002e-05,179386716591.13043
1978-04-04T04:48:01,0.022796,2.2796e-05,160660809783.18503
1978-04-04T04:50:53,0.021339,2.1339e-05,150392218808.71143
1978-04-04T05:00:16,0.024846,2.4846e-05,175108724332.0326
1978-04-04T05:11:18,0.026486,2.6486e-05,186667055971.11066
1978-04-04T05:19:41,0.022303,2.2303e-05,157186262528.26706
1978-04-04T05:20:12,0.026569,2.6569e-05,187252020316.25912
1978-04-04T05:32:50,0.034884,3.4884e-05,245854171279.02383
1978-04-04T06:13:24,0.022377,2.2377000000000003e-05,157707797004.66452
1978-04-04T06:28:03,0.021492,2.1492e-05,151470526577.47906
1978-04-04T06:37:36,0.022283,2.2283e-05,157045307264.37585
1978-04-04T06:57:46,0.023347,2.3347e-05,164544127303.38748
1978-04-04T07:09:27,0.023947,2.3947e-05,168772785220.12335
1978-04-04T07:21:08,0.023494,2.3494000000000002e-05,165580148492.9878
1978-04-04T07:32:49,0.024458,2.4458000000000002e-05,172374192212.54343
1978-04-04T07:44:30,0.023887,2.3887e-05,168349919428.44977
1978-04-04T07:56:10,0.024281,2.4281e-05,171126738127.10632
1978-04-04T08:07:51,0.023898,2.3898e-05,168427444823.58994
1978-04-04T08:19:32,0.022628,2.2628e-05,159476785566.49902
1978-04-04T08:31:13,0.022043,2.2043000000000002e-05,155353844097.68155
1978-04-04T08:42:54,0.022205,2.2205e-05,156495581735.2002
1978-04-04T08:54:34,0.02211,2.211e-05,155826044231.717
1978-04-04T09:06:31,0.023842,2.3842e-05,168032770084.69458
1978-04-04T09:14:25,0.027462,2.7462000000000002e-05,193545672849.00104
1978-04-04T09:22:11,0.022871,2.2871e-05,161189392022.777
1978-04-04T09:33:52,0.024181,2.4181e-05,170421961807.65036
1978-04-04T09:41:18,0.024081,2.4081000000000002e-05,169717185488.1944
1978-04-04T10:09:26,0.024749,2.4749e-05,174425091302.1603
1978-04-04T11:14:02,0.039876,3.9876e-05,281036605146.2663
1978-04-04T11:19:47,0.015471,1.5471e-05,109035944383.03456
1978-04-04T12:47:52,0.018447,1.8447e-05,130010087650.04451
1978-04-04T12:49:47,0.038737,3.8737e-05,273009202867.6627
1978-04-04T12:53:37,0.139193,0.00013919300000000002,980999302340.3615
1978-04-04T12:57:26,0.022058,2.2058e-05,155459560545.5999
1978-04-04T13:22:09,0.022274,2.2274e-05,156981877395.62485
1978-04-04T13:41:07,0.023684,2.3684000000000002e-05,166919223499.95416
1978-04-04T13:41:48,0.016747,1.6747e-05,118028890219.29286
1978-04-04T13:46:35,0.02111,2.111e-05,148778281037.15723
1978-04-04T14:56:33,0.030372,3.0372e-05,214054663745.17004
1978-04-04T15:08:20,0.02922,2.922e-05,205935640545.03717
1978-04-04T15:20:01,0.029227,2.9227e-05,205984974887.39905
1978-04-04T15:27:59,0.029115,2.9114999999999998e-05,205195625409.60837
1978-04-04T16:43:24,0.134574,0.000134574,948445684144.6895
1978-04-04T16:45:19,0.030513,3.0513e-05,215048398355.60297
1978-04-04T16:54:53,0.059324,5.9324e-05,418101503754.0652
1978-04-04T16:56:48,0.028979,2.8979e-05,204237129615.14822
1978-04-04T17:13:52,0.020725,2.0725000000000002e-05,146064892207.25174
1978-04-04T17:17:21,0.023443,2.3443e-05,165220712570.06522
1978-04-04T17:37:00,0.022749,2.2749e-05,160329564913.0407
1978-04-04T17:48:09,0.021985,2.1985e-05,154945073832.39706
1978-04-04T18:18:24,0.02591,2.591e-05,182607544371.04425
1978-04-04T18:30:05,0.024344,2.4344000000000003e-05,171570747208.36362
1978-04-04T18:41:46,0.025491,2.5491e-05,179654531592.52368
1978-04-04T18:47:52,0.034526,3.4526e-05,243331072055.3714
1978-04-04T18:53:27,0.025628,2.5628000000000003e-05,180620075150.17838
1978-04-04T19:05:08,0.024901,2.4901e-05,175496351307.7334
1978-04-04T19:16:49,0.023746,2.3746e-05,167356184818.0168
1978-04-04T19:28:29,0.023372,2.3372000000000003e-05,164720321383.2515
1978-04-04T19:40:10,0.022331,2.2331e-05,157383599897.71472
1978-04-04T19:49:08,0.022301,2.2301000000000002e-05,157172167001.87793
1978-04-04T19:55:02,0.030763,3.0763e-05,216810339154.2429
1978-04-04T19:56:48,0.021182,2.1182e-05,149285719987.16553
1978-04-04T20:02:33,0.025332,2.5332e-05,178533937244.58868
1978-04-04T20:12:07,0.02286,2.2859999999999998e-05,161111866627.63684
1978-04-04T20:27:19,0.021219,2.1218999999999998e-05,149546487225.36423
1978-04-04T20:39:38,0.021549,2.1549e-05,151872249079.56897
1978-04-04T20:51:19,0.021876,2.1876e-05,154176867644.19003
1978-04-04T21:03:00,0.021434,2.1434000000000002e-05,151061756312.1946
1978-04-04T21:14:40,0.021315,2.1315000000000002e-05,150223072492.042
1978-04-04T21:26:21,0.021976,2.1976e-05,154881643963.64603
1978-04-04T21:38:02,0.02375,2.375e-05,167384375870.79507
1978-04-04T21:45:49,0.0282,2.82e-05,198746922086.58618
1978-04-04T21:50:31,0.03494,3.494e-05,246248846017.91916
1978-04-04T21:53:26,0.041826,4.1826e-05,294779743375.6579
1978-04-04T21:57:09,0.049714,4.9714000000000005e-05,350372499454.3456
1978-04-04T22:00:30,0.058018,5.8018e-05,408897125021.97003
1978-04-04T22:08:50,0.069463,6.9463e-05,489558774783.70685
1978-04-04T22:20:30,0.070928,7.092800000000001e-05,499883747863.73706
1978-04-04T22:32:11,0.064486,6.4486e-05,454482057364.3828
1978-04-04T22:40:09,0.059112,5.9112e-05,416607377956.8184
1978-04-05T02:20:51,0.024428,2.4427999999999997e-05,172162759316.7066
1978-04-05T02:34:25,0.026652,2.6651999999999998e-05,187836984661.4076
1978-04-05T02:46:07,0.02516,2.516e-05,177321721975.1244
1978-04-05T02:57:28,0.026801,2.6801e-05,188887101377.397
1978-04-05T03:06:00,0.031709,3.1709000000000004e-05,223477523136.2965
1978-04-05T03:10:31,0.034932,3.4932e-05,246192463912.36267
1978-04-05T03:13:13,0.058638,5.8638e-05,413266738202.59717
1978-04-05T03:16:03,0.036839,3.6839e-05,259632548324.38818
1978-04-05T03:21:04,0.038695,3.8695e-05,272713196813.4912
1978-04-05T03:44:40,0.056161,5.6161000000000007e-05,395809428769.6726
1978-04-05T03:45:45,0.072119,7.2119e-05,508277633828.45776
1978-04-05T04:01:18,0.053304,5.3303999999999997e-05,375673969322.8152
1978-04-05T04:12:56,0.046996,4.6996e-05,331216679091.532
1978-04-05T04:24:35,0.041246,4.1246e-05,290692040722.8132
1978-04-05T04:36:59,0.037415,3.7415e-05,263692059924.45465
1978-04-05T04:44:55,0.098594,9.8594e-05,694867164404.4282
1978-04-05T04:58:28,0.028417,2.8417000000000003e-05,200276286699.80563
1978-04-05T05:10:08,0.025984,2.5984e-05,183129078847.44168
1978-04-05T05:21:49,0.024102,2.4101999999999997e-05,169865188515.2801
1978-04-05T05:29:26,0.021187,2.1187000000000002e-05,149320958803.13834
1978-04-05T05:33:50,0.023665,2.3664999999999998e-05,166785315999.25748
1978-04-05T05:46:17,0.024238,2.4238e-05,170823684309.74026
1978-04-05T05:49:10,0.030421,3.0421000000000002e-05,214400004141.70346
1978-04-05T05:50:18,0.073244,7.3244e-05,516206367422.3375
1978-04-05T06:23:12,0.030941,3.0941e-05,218064841002.87457
1978-04-05T06:26:23,0.027294,2.7294e-05,192361648632.315
1978-04-05T06:29:45,0.025365,2.5365e-05,178766513430.00912
1978-04-05T06:35:42,0.027247,2.7247000000000002e-05,192030403762.1707
1978-04-05T06:41:50,0.024873,2.4873e-05,175299013938.28574
1978-04-05T06:48:46,0.024763,2.4763e-05,174523759986.88412
1978-04-06T05:36:10,0.019822,1.9822e-05,139700762042.5642
1978-04-06T05:45:20,0.022258,2.2258e-05,156869113184.51184
1978-04-06T06:06:13,0.02658,2.658e-05,187329545711.3993
1978-04-06T06:12:46,0.021758,2.1758e-05,153345231587.232
1978-04-06T06:24:41,0.020376,2.0376e-05,143605222852.35034
1978-04-06T06:33:35,0.019605,1.9605000000000003e-05,138171397429.34476
1978-04-06T06:36:48,0.023627,2.3627e-05,166517500997.8642
1978-04-06T06:48:07,0.0209,2.09e-05,147298250766.29968
1978-04-06T06:57:57,0.021857,2.1857e-05,154042960143.4934
1978-04-06T07:11:48,0.021119,2.1119e-05,148841710905.90823
1978-04-06T07:18:30,0.026178,2.6178e-05,184496344907.18628
1978-04-06T07:23:02,0.023111,2.3111e-05,162880855189.47137
1978-04-06T07:29:15,0.020763,2.0763e-05,146332707208.645
1978-04-06T07:32:50,0.024413,2.4413e-05,172057042868.78824
1978-04-06T07:44:37,0.022858,2.2858e-05,161097771101.24777
1978-04-06T07:52:21,0.02407,2.407e-05,169639660093.05423
1978-04-06T07:59:59,0.021248,2.1248e-05,149750872358.00647
1978-04-06T08:06:13,0.023566,2.3566e-05,166087587442.99606
1978-04-06T08:10:46,0.021242,2.1242e-05,149708585778.83914
1978-04-06T08:20:09,0.021197,2.1197e-05,149391436435.08392
1978-04-06T08:30:32,0.024458,2.4458000000000002e-05,172374192212.54343
1978-04-06T08:32:31,0.02667,2.667e-05,187963844398.90967
1978-04-06T08:42:42,0.024194,2.4194e-05,170513582729.1796
1978-04-06T08:55:58,0.022722,2.2722e-05,160139275306.78763
1978-04-06T09:06:19,0.024738,2.4738e-05,174347565907.02014
1978-04-06T09:19:31,0.026949,2.6949000000000002e-05,189930170330.19186
1978-04-06T09:25:00,0.02954,2.9540000000000002e-05,208190924767.2963
1978-04-06T09:29:24,0.026143,2.6143e-05,184249673195.37668
1978-04-06T09:37:24,0.026666,2.6666e-05,187935653346.1314
1978-04-06T09:43:29,0.027368,2.7368e-05,192883183108.7124
1978-04-06T10:07:35,0.123452,0.000123452,870060461894.7955
1978-04-06T10:08:12,0.038092,3.8092e-05,268463395607.17163
1978-04-06T10:16:14,0.050583,5.058300000000001e-05,356497005670.4181
1978-04-06T10:20:47,0.044657,4.4657e-05,314731960979.4567
1978-04-06T10:23:58,0.052714,5.2714e-05,371515789038.0249
1978-04-06T10:34:29,0.050513,5.0513e-05,356003662246.7988
1978-04-06T11:14:38,0.047304,4.7304e-05,333387390155.4564
1978-04-06T11:15:29,0.039452,3.9452e-05,278048353551.77295
1978-04-06T11:19:42,0.033741,3.3741e-05,237798577947.64197
1978-04-06T11:22:54,0.030695,3.0695000000000003e-05,216331091257.01285
1978-04-06T11:31:27,0.030679,3.0679e-05,216218327045.8999
1978-04-06T11:39:07,0.028822,2.8822e-05,203130630793.60233
1978-04-06T11:43:24,0.017517,1.7517000000000002e-05,123455667879.1039
1978-04-06T11:43:38,0.024411,2.4411e-05,172042947342.3991
1978-04-06T11:45:15,0.027646,2.7646000000000003e-05,194842461276.80005
1978-04-06T11:56:01,0.026514,2.6514e-05,186864393340.55835
1978-04-06T12:00:47,0.032621,3.2621e-05,229905083169.73502
1978-04-06T12:09:47,0.022451,2.2451e-05,158229331481.06192
1978-04-06T12:12:57,0.025424,2.5424e-05,179182331458.4882
1978-04-06T16:18:19,0.035919,3.5919e-05,253148606185.39322
1978-04-06T16:22:03,0.095214,9.5214e-05,671045724806.8162
1978-04-06T16:23:51,0.138307,0.00013830700000000003,974754984149.9816
1978-04-06T17:27:04,0.020788,2.0788e-05,146508901288.509
1978-04-06T17:38:41,0.039676,3.9676000000000004e-05,279627052507.3544
1978-04-06T17:38:45,0.019829,1.9829e-05,139750096384.92615
1978-04-06T17:45:40,0.019658,1.9657999999999997e-05,138544928878.6564
1978-04-06T18:35:14,0.020733,2.0733000000000003e-05,146121274312.8082
1978-04-06T18:46:56,0.020471,2.0471e-05,144274760355.83353
1978-04-06T18:54:52,0.032588,3.2588e-05,229672506984.3145
1978-04-06T18:56:58,0.021409,2.1409e-05,150885562232.33063
1978-04-06T19:01:40,0.031567,3.1567e-05,222476740762.66898
1978-04-06T19:04:40,0.02787,2.787e-05,196421160232.3814
1978-04-06T19:07:48,0.030278,3.0278e-05,213392174004.8814
1978-04-06T19:11:03,0.02336,2.336e-05,164635748224.91675
1978-04-06T19:17:31,0.01935,1.935e-05,136374217814.732
1978-04-06T19:29:28,0.018701,1.8701e-05,131800219501.46269
1978-04-06T19:41:11,0.01867,1.867e-05,131581738842.43132
1978-04-06T19:52:54,0.018628,1.8628e-05,131285732788.25981
1978-04-06T20:04:37,0.018719,1.8719e-05,131927079238.96477
1978-04-06T20:16:21,0.01942,1.942e-05,136867561238.35118
1978-04-06T20:27:54,0.020135,2.0135e-05,141906711922.46143
1978-04-06T20:29:32,0.017628,1.7628e-05,124237969593.70004
1978-04-06T20:41:55,0.019853,1.9853e-05,139919242701.59558
1978-04-06T20:53:40,0.020584,2.0584e-05,145071157596.8188
1978-04-06T21:05:23,0.020779,2.0779e-05,146445471419.75793
1978-04-06T21:16:18,0.02263,2.2630000000000002e-05,159490881092.88815
1978-04-06T21:26:49,0.025745,2.5745e-05,181444663443.94186
1978-04-06T21:38:31,0.025058,2.5058e-05,176602850129.2793
1978-04-06T21:49:08,0.023648,2.3647999999999998e-05,166665504024.94998
1978-04-07T00:41:21,0.02189,2.189e-05,154275536328.91385
1978-04-07T08:57:14,0.03064,3.064e-05,215943464281.31204
1978-04-07T17:46:15,0.03674,3.6740000000000004e-05,258934819768.1268
1978-04-07T19:00:08,0.03137,3.137e-05,221088331413.3407
1978-04-07T19:03:48,0.07927,7.926999999999999e-05,558676188432.7548
1978-04-07T19:06:57,0.10654,0.00010653999999999999,750868690748.4003
1978-04-07T19:08:32,0.08625,8.625e-05,607869575530.7821
1978-04-07T19:18:31,0.07939,7.939e-05,559521920016.1019
1978-04-07T19:22:42,0.09791,9.791e-05,690046494379.3494
1978-04-07T19:27:55,0.07517,7.517e-05,529780359335.05963
1978-04-07T19:32:48,0.06395,6.395000000000001e-05,450704456292.0988
1978-04-07T19:40:26,0.05651,5.651e-05,398269098124.57385
1978-04-07T19:51:42,0.05314,5.314e-05,374518136158.9074
1978-04-07T20:02:56,0.05805,5.805e-05,409122653444.19604
1978-04-07T20:05:15,0.06417,6.417e-05,452254964194.902
1978-04-07T20:14:02,0.06135,6.135e-05,432380271986.24335
1978-04-07T20:16:16,0.12352,0.00012352,870539709792.0258
1978-04-07T20:21:00,0.0881,8.81e-05,620907937440.7177
1978-04-07T20:23:36,0.06004,6.004e-05,423147702201.37
1978-04-07T20:29:43,0.04813,4.813e-05,339208842554.16284
1978-04-07T20:41:40,0.04386,4.3860000000000004e-05,309114893713.3926
1978-04-07T20:53:22,0.04274,4.274e-05,301221398935.4856
1978-04-07T21:03:28,0.04288,4.288e-05,302208085782.72394
1978-04-07T21:16:45,0.05072,5.072e-05,357462549228.0727
1978-04-07T21:28:53,0.05284,5.284e-05,372403807200.5395
1978-04-07T21:36:37,0.06023,6.023e-05,424486777208.3363
1978-04-07T21:38:13,0.05429,5.429e-05,382623063832.6512
1978-04-07T21:44:17,0.04563,4.5629999999999995e-05,321589434567.76337
1978-04-07T21:55:02,0.04037,4.037e-05,284518200164.37885
1978-04-07T22:06:43,0.03704,3.704e-05,261049148726.49472
1978-04-07T22:18:25,0.03524,3.524e-05,248363174976.2871
1978-04-07T22:23:53,0.03334,3.334e-05,234972424906.62354
1978-04-07T22:27:02,0.03478,3.478e-05,245121203906.7896
1978-04-07T22:41:48,0.03154,3.154e-05,222286451156.41586
1978-04-07T22:53:30,0.03103,3.103e-05,218692091927.19037
1978-04-07T23:05:12,0.03073,3.073e-05,216577762968.82242
1978-04-07T23:12:44,0.03,3e-05,211432895836.7938
1978-04-07T23:17:27,0.02378,2.378e-05,167595808766.63187
1978-04-07T23:20:36,0.02876,2.8760000000000002e-05,202693669475.53967
1978-04-07T23:31:47,0.02871,2.871e-05,202341281315.81165
1978-04-07T23:43:28,0.0289,2.8899999999999998e-05,203680356322.77798
1978-04-07T23:54:06,0.02899,2.899e-05,204314655010.2884
1978-04-08T03:37:38,0.29663,0.00029663,2090577996402.2712
1978-04-08T03:48:47,0.25613,0.00025613000000000003,1805143587022.5999
1978-04-08T04:00:27,0.23103,0.00023103000000000002,1628244730839.1492
1978-04-08T04:12:08,0.20227,0.00020227,1425551061363.6091
1978-04-08T04:19:58,0.19539,0.00019539,1377062450585.038
1978-04-08T04:26:12,0.21246,0.00021246,1497367768316.1736
1978-04-08T04:29:19,0.19135,0.00019135,1348589487279.0164
1978-04-08T04:33:59,0.20806,0.00020806,1466357610260.1106
1978-04-08T04:38:39,0.1567,0.00015670000000000001,1104384492587.5195
1978-04-08T04:48:12,0.13618,0.00013618,959764391835.1525
1978-04-08T04:54:13,0.14576,0.00014576000000000001,1027281963239.0355
1978-04-08T04:59:53,0.13733,0.00013733000000000001,967869319508.8964
1978-04-08T05:11:33,0.12837,0.00012837000000000002,904721361285.6407
1978-04-08T05:23:14,0.1218,0.0001218,858417557097.3828
1978-04-08T05:34:54,0.11657,0.00011656999999999999,821557755589.835
1978-04-08T05:51:53,0.10277,0.00010277000000000001,724298623504.9099
1978-04-08T06:03:33,0.09694,9.694e-05,683210164080.6263
1978-04-08T06:11:31,0.09334,9.334000000000001e-05,657838216580.2112
1978-04-08T12:55:56,0.05018,5.0180000000000004e-05,353656757103.01044
1978-04-08T13:08:03,0.04871,4.8710000000000006e-05,343296545207.00757
1978-04-08T13:19:43,0.04799,4.799e-05,338222155706.92444
1978-04-08T13:29:48,0.0461,4.61e-05,324901883269.2064
1978-04-08T13:48:22,0.04598,4.5980000000000004e-05,324056151685.8593
1978-04-08T14:00:56,0.04664,4.664e-05,328707675394.26874
1978-04-08T14:09:36,0.04736,4.736e-05,333782064894.35175
1978-04-08T14:30:12,0.05066,5.066e-05,357039683436.3991
1978-04-08T14:38:00,0.05683,5.683e-05,400524382346.833
1978-04-08T14:41:07,0.07154,7.154000000000001e-05,504196978938.8077
1978-04-08T14:47:21,0.06179,6.179e-05,435481287791.8497
1978-04-08T14:57:53,0.05322,5.322e-05,375081957214.47217
1978-04-08T15:14:20,0.04947,4.947e-05,348652845234.8729
1978-04-08T15:26:00,0.0489,4.89e-05,344635620213.97394
1978-04-08T15:37:40,0.04556,4.5560000000000004e-05,321096091144.1442
1978-04-08T15:49:21,0.04445,4.445e-05,313273073998.1828
1978-04-08T15:59:58,0.04572,4.5719999999999996e-05,322223733255.2737
1978-04-08T16:16:05,0.0442,4.4200000000000004e-05,311511133199.54285
1978-04-08T16:20:45,0.35855,0.00035854999999999996,2526975493409.4136
1978-04-08T16:26:13,0.0453,4.53e-05,319263672713.5586
1978-04-08T16:38:10,0.04363,4.363e-05,307493908178.64374
1978-04-08T16:49:50,0.04221,4.221e-05,297486084442.36884
1978-04-08T16:58:51,0.04276,4.276e-05,301362354199.3768
1978-04-08T17:18:29,0.04317,4.317e-05,304251937109.1463
1978-04-08T17:30:10,0.04033,4.033e-05,284236289636.59644
1978-04-08T17:37:02,0.03739,3.739e-05,263515865844.59064
1978-04-08T17:41:50,0.03979,3.979e-05,280430497511.5341
1978-04-08T17:53:31,0.03938,3.938e-05,277540914601.76465
1978-04-08T18:05:26,0.04218,4.2180000000000006e-05,297274651546.5321
1978-04-08T18:11:01,0.05045,5.045e-05,355559653165.54156
1978-04-08T18:20:18,0.05692,5.692e-05,401158681034.3434
1978-04-08T18:26:51,0.07006,7.006e-05,493766289410.8591
1978-04-08T18:29:35,0.0622,6.22e-05,438370870701.619
1978-04-08T18:41:16,0.05431,5.431e-05,382764019096.54236
1978-04-08T18:50:12,0.03162,3.1620000000000006e-05,222850272211.98068
1978-04-08T18:58:22,0.0565,5.6500000000000005e-05,398198620492.6283
1978-04-08T19:01:06,0.06179,6.179e-05,435481287791.8497
1978-04-08T19:05:46,0.0746,7.46e-05,525763134314.1605
1978-04-08T19:12:13,0.05767,5.767e-05,406444503430.26324
1978-04-08T19:22:53,0.04908,4.908e-05,345904217588.9946
1978-04-08T19:27:34,0.05926,5.926e-05,417650446909.61334
1978-04-08T19:30:37,0.05054,5.054e-05,356193951853.05194
1978-04-08T19:39:38,0.045,4.4999999999999996e-05,317149343755.1907
1978-04-08T19:51:18,0.04273,4.273e-05,301150921303.54
1978-04-08T20:02:59,0.04158,4.158e-05,293045993629.79614
1978-04-08T20:14:39,0.04649,4.649e-05,327650510915.0847
1978-04-08T20:24:44,0.04386,4.3860000000000004e-05,309114893713.3926
1978-04-08T20:37:28,0.04826,4.8259999999999995e-05,340125051769.45557
1978-04-08T20:45:02,0.0561,5.61e-05,395379515214.8044
1978-04-08T20:45:24,0.21695,0.00021695000000000002,1529012225059.7473
1978-04-08T20:47:33,0.33208,0.00033208,2340421201649.4165
1978-04-08T21:14:37,0.05418,5.418e-05,381847809881.2496
1978-04-08T21:33:39,0.04609,4.609e-05,324831405637.2608
1978-04-08T21:41:26,0.04239,4.239e-05,298754681817.3896
1978-04-08T21:55:27,0.04239,4.239e-05,298754681817.3896
1978-04-08T22:01:41,0.03899,3.899e-05,274792286955.8863
1978-04-08T22:08:19,0.04358,4.358e-05,307141520018.9158
1978-04-08T22:13:38,0.05324,5.3240000000000005e-05,375222912478.3634
1978-04-08T22:17:45,0.06363,6.363000000000001e-05,448449172069.8397
1978-04-08T22:26:15,0.0603,6.03e-05,424980120631.9555
1978-04-08T22:41:06,0.0489,4.89e-05,344635620213.97394
1978-04-08T22:50:07,0.05045,5.045e-05,355559653165.54156
1978-04-08T23:00:36,0.05971,5.971e-05,420821940347.1653
1978-04-08T23:04:27,0.07282,7.282e-05,513218115827.8441
1978-04-08T23:15:35,0.08298,8.298e-05,584823389884.5717
1978-04-08T23:25:40,0.07273,7.273e-05,512583817140.33374
1978-04-08T23:33:38,0.07496,7.496e-05,528300329064.2021
1978-04-09T00:09:28,0.05709,5.7090000000000004e-05,402356800777.41864
1978-04-09T00:25:26,0.05522,5.5219999999999996e-05,389177483603.59174
1978-04-09T00:37:43,0.05524,5.524e-05,389318438867.4829
1978-04-09T00:42:07,0.07041,7.041e-05,496233006528.955
1978-04-09T00:45:14,0.09221,9.221e-05,649874244170.3585
1978-04-09T00:55:42,0.06637,6.637e-05,467760043222.9335
1978-04-09T01:14:23,0.05219,5.219e-05,367822761124.0756
1978-04-09T01:22:41,0.04855,4.855e-05,342168903095.878
1978-04-09T01:25:48,0.04113,4.113e-05,289874500192.24426
1978-04-09T01:32:02,0.04959,4.9590000000000005e-05,349498576818.22015
1978-04-09T01:39:50,0.03015,3.015e-05,212490060315.97775
1978-04-09T01:41:24,0.04859,4.859e-05,342450813623.66034
1978-04-09T01:53:14,0.04867,4.867e-05,343014634679.2251
1978-04-09T02:10:16,0.05735,5.735e-05,404189219208.0041
1978-04-09T02:13:24,0.07114,7.114e-05,501377873660.9837
1978-04-09T02:18:51,0.09068,9.067999999999999e-05,639091166482.6819
1978-04-09T02:26:14,0.07896,7.896e-05,556491381842.4413
1978-04-09T02:41:40,0.06403,6.403000000000001e-05,451268277347.6636
1978-04-09T02:48:03,0.06302,6.302e-05,444150036521.1582
1978-04-09T02:59:24,0.05522,5.5219999999999996e-05,389177483603.59174
1978-04-09T03:04:05,0.05083,5.083e-05,358237803179.47424
1978-04-09T15:43:55,0.04927,4.927e-05,347243292595.961
1978-04-09T15:52:58,0.04714,4.714e-05,332231556991.54865
1978-04-09T16:15:51,0.04674,4.6739999999999996e-05,329412451713.7247
1978-04-09T16:25:57,0.04804,4.804e-05,338574543866.65247
1978-04-09T16:43:09,0.04847,4.847e-05,341605082040.3132
1978-04-09T16:49:24,0.04107,4.1070000000000005e-05,289451634400.57074
1978-04-09T16:52:31,0.04463,4.4630000000000005e-05,314541671373.2036
1978-04-09T16:57:12,0.19877,0.00019877,1400883890182.65
1978-04-09T17:00:19,0.06222,6.222e-05,438511825965.51025
1978-04-09T17:09:41,0.04466,4.4659999999999996e-05,314753104269.04034
1978-04-09T17:14:21,0.04197,4.197e-05,295794621275.6745
1978-04-09T17:20:36,0.04562,4.562e-05,321518956935.81775
1978-04-09T17:28:24,0.04378,4.378e-05,308551072657.8277
1978-04-09T17:34:38,0.03709,3.709e-05,261401536886.2227
1978-04-09T17:39:19,0.04859,4.859e-05,342450813623.66034
1978-04-09T17:48:26,0.0457,4.57e-05,322082777991.3825
1978-04-09T17:54:55,0.04383,4.383e-05,308903460817.5557
1978-04-09T18:03:11,0.04474,4.474e-05,315316925324.60516
1978-04-09T18:13:59,0.0426,4.26e-05,300234712088.2472
1978-04-09T18:25:41,0.04046,4.046e-05,285152498851.8892
1978-04-09T18:37:24,0.04058,4.058e-05,285998230435.2364
1978-04-09T18:47:58,0.04214,4.214e-05,296992741018.7497
1978-04-09T19:05:04,0.04234,4.2340000000000005e-05,298402293657.6617
1978-04-09T19:16:46,0.04466,4.4659999999999996e-05,314753104269.04034
1978-04-09T19:28:29,0.04783,4.783e-05,337094513595.79486
1978-04-09T19:40:11,0.04334,4.3339999999999995e-05,305450056852.2214
1978-04-09T19:51:54,0.04082,4.0820000000000006e-05,287689693601.9308
1978-04-09T20:03:36,0.04333,4.333e-05,305379579220.2758
1978-04-09T21:07:28,0.0589,5.89e-05,415113252159.5718
1978-04-09T21:19:10,0.05781,5.7810000000000004e-05,407431190277.50165
1978-04-09T21:29:49,0.05635,5.635e-05,397141456013.44434
1978-04-09T21:35:08,0.05239,5.239e-05,369232313762.98755
1978-04-09T21:57:29,0.08425,8.425e-05,593774049141.6626
1978-04-09T21:57:44,0.09838,9.838e-05,693358943080.7925
1978-04-09T22:02:13,0.14115,0.00014115,994791774912.1147
1978-04-09T22:08:36,0.12001,0.00012001000000000001,845802060979.1207
1978-04-09T22:13:59,0.1111,0.0001111,783006490915.593
1978-04-09T22:14:41,0.09475,9.475e-05,667775562684.5404
1978-04-09T22:19:44,0.08122,8.122e-05,572419326662.1464
1978-04-09T22:31:32,0.07491,7.491e-05,527947940904.4741
1978-04-09T22:43:15,0.07035,7.035e-05,495810140737.28143
1978-04-09T22:54:57,0.06307,6.307e-05,444502424680.88617
1978-04-09T23:06:40,0.05944,5.944e-05,418919044284.6341
1978-04-09T23:18:22,0.05209,5.209e-05,367117984804.61957
1978-04-09T23:30:04,0.04714,4.714e-05,332231556991.54865
1978-04-09T23:41:47,0.04535,4.5350000000000005e-05,319616060873.2866
1978-04-09T23:51:22,0.0438,4.38e-05,308692027921.71893
1978-04-10T00:04:53,0.04558,4.558e-05,321237046408.0354
1978-04-10T00:15:38,0.04226,4.226e-05,297838472602.09686
1978-04-10T00:31:04,0.04112,4.112e-05,289804022560.29865
1978-04-10T00:42:46,0.04055,4.055e-05,285786797539.3996
1978-04-10T00:52:35,0.04181,4.181e-05,294666979164.545
1978-04-10T00:54:29,0.04948,4.948000000000001e-05,348723322866.8186
1978-04-10T00:57:13,0.04358,4.358e-05,307141520018.9158
1978-04-10T01:06:12,0.04104,4.104e-05,289240201504.73395
1978-04-10T01:16:22,0.04346,4.346e-05,306295788435.5686
1978-04-10T01:22:41,0.05312,5.312e-05,374377180895.0162
1978-04-10T01:30:24,0.05376,5.376e-05,378887749339.5345
1978-04-10T01:41:19,0.04643,4.643e-05,327227645123.4112
1978-04-10T01:53:02,0.04275,4.275e-05,301291876567.4312
1978-04-10T02:04:44,0.04858,4.858e-05,342380335991.7147
1978-04-10T02:14:33,0.0493,4.93e-05,347454725491.7978
1978-04-10T02:17:39,0.05583,5.583e-05,393476619152.27325
1978-04-10T02:28:29,0.12536,0.00012536,883507594070.0156
1978-04-10T02:37:44,0.06306,6.306000000000001e-05,444431947048.94055
1978-04-10T05:06:15,0.04918,4.918e-05,346608993908.4506
1978-04-10T05:12:26,0.05126,5.126e-05,361268341353.135
1978-04-10T05:18:37,0.05454,5.4539999999999996e-05,384385004631.2911
1978-04-10T05:21:43,0.28671,0.00028671,2020664185512.2383
1978-04-10T05:22:43,0.07718,7.718e-05,543946363356.1248
1978-04-10T05:24:48,0.05568,5.568e-05,392419454673.0893
1978-04-10T05:27:54,0.06711,6.711e-05,472975387986.9077
1978-04-10T05:30:10,0.08038,8.038e-05,566499205578.7162
1978-04-10T05:32:14,0.09706,9.706e-05,684055895663.9735
1978-04-10T05:35:38,0.11271,0.00011271000000000001,794353389658.8344
1978-04-10T05:43:22,0.1059,0.0001059,746358122303.8821
1978-04-10T05:48:00,0.11505,0.00011505,810845155534.1041
1978-04-10T05:53:45,0.09748,9.748e-05,687015956205.6886
1978-04-10T05:55:43,0.08341,8.341e-05,587853928058.2324
1978-04-10T06:03:10,0.0715,7.149999999999999e-05,503915068411.02515
1978-04-10T06:11:41,0.06193,6.193e-05,436467974639.08795
1978-04-10T06:28:13,0.0512,5.1200000000000004e-05,360845475561.4614
1978-04-10T06:42:08,0.04911,4.911e-05,346115650484.8314
1978-04-10T06:56:04,0.05118,5.118e-05,360704520297.5702
1978-04-10T07:00:42,0.19304,0.00019303999999999998,1360500207077.8223
1978-04-10T07:03:48,0.05012,5.012e-05,353233891311.33685
1978-04-10T07:08:26,0.0556,5.5599999999999996e-05,391855633617.5244
1978-04-10T07:22:50,0.04974,4.974e-05,350555741297.4041
1978-04-10T07:39:22,0.04806,4.806e-05,338715499130.54364
1978-04-10T07:47:06,0.05009,5.009e-05,353022458415.50006
1978-04-10T07:48:39,0.04423,4.423e-05,311722566095.37964
1978-04-10T07:57:56,0.0461,4.61e-05,324901883269.2064
1978-04-10T08:10:18,0.04905,4.9050000000000006e-05,345692784693.15784
1978-04-10T08:21:08,0.04241,4.241e-05,298895637081.2808
1978-04-10T08:24:13,0.0544,5.44e-05,383398317784.05273
1978-04-10T08:29:00,0.0499,4.99e-05,351683383408.5336
1978-04-10T08:39:39,0.04682,4.682e-05,329976272769.28955
1978-04-10T16:14:26,0.11168,0.00011168,787094193568.4377
1978-04-10T16:21:05,0.05191,5.1909999999999996e-05,365849387429.5988
1978-04-10T16:31:11,0.04333,4.333e-05,305379579220.2758
1978-04-10T16:42:54,0.0438,4.38e-05,308692027921.71893
1978-04-10T16:54:52,0.04766,4.766e-05,335896393852.7197
1978-04-10T17:01:31,0.05666,5.666e-05,399326262603.7579
1978-04-10T17:05:42,0.06925,6.925e-05,488057601223.2656
1978-04-10T17:14:45,0.11874,0.00011874,836851401722.0298
1978-04-10T17:29:12,0.06791,6.791e-05,478613598542.5556
1978-04-10T17:37:43,0.03956,3.956e-05,278809511976.7854
1978-04-10T18:51:10,0.03378,3.378e-05,238073440712.22977
1978-04-10T19:29:19,0.04959,4.9590000000000005e-05,349498576818.22015
1978-04-10T19:33:57,0.05854,5.8540000000000005e-05,412576057409.5303
1978-04-10T19:40:09,0.06629,6.629e-05,467196222167.3687
1978-04-10T19:48:06,0.05172,5.1720000000000006e-05,364510312422.63257
1978-04-10T19:57:41,0.04664,4.664e-05,328707675394.26874
1978-04-10T20:04:53,0.0506,5.0600000000000003e-05,356616817644.7256
1978-04-10T20:09:24,0.04666,4.6660000000000004e-05,328848630658.16
1978-04-10T20:21:06,0.04127,4.127e-05,290861187039.48267
1978-04-10T20:32:49,0.044,4.4e-05,310101580560.6309
1978-04-10T20:39:12,0.04439,4.439e-05,312850208206.5092
1978-04-10T23:40:09,0.04979,4.979e-05,350908129457.13214
1978-04-11T02:48:31,0.1759,0.0001759,1239701545923.0674
1978-04-11T02:53:03,0.16032,0.00016031999999999998,1129897395351.826
1978-04-11T03:01:13,0.18803,0.00018803,1325190913473.078
1978-04-11T03:12:55,0.18846,0.00018846,1328221451646.7388
1978-04-11T03:24:38,0.18864,0.00018864,1329490049021.7595
1978-04-11T03:36:20,0.19283,0.00019283,1359020176806.9648
1978-04-11T03:48:03,0.19659,0.00019658999999999999,1385519766418.5095
1978-04-11T03:58:42,0.19732,0.00019732,1390664633550.5383
1978-04-11T04:25:18,0.1991,0.00019910000000000001,1403209652036.8547
1978-04-11T04:37:01,0.19838,0.00019838,1398135262536.772
1978-04-11T04:48:43,0.19857,0.00019857,1399474337543.738
1978-04-11T05:00:26,0.19902,0.00019902,1402645830981.29
1978-04-11T05:12:08,0.19895,0.00019894999999999998,1402152487557.6707
1978-04-11T05:23:51,0.19797,0.00019797,1395245679627.0024
1978-04-11T05:35:34,0.19855,0.00019855,1399333382279.847
1978-04-11T05:47:16,0.199,0.000199,1402504875717.399
1978-04-11T05:57:23,0.19868,0.00019868,1400249591495.1396
1978-04-11T06:20:16,0.19776,0.00019776,1393765649356.1445
1978-04-11T06:31:59,0.19782,0.00019782,1394188515147.8184
1978-04-11T06:43:41,0.19815,0.00019815,1396514277002.023
1978-04-11T06:55:24,0.19834,0.00019834,1397853352008.9895
1978-04-11T07:07:06,0.19697,0.00019697,1388197916432.4424
1978-04-11T07:16:41,0.16137,0.00016137,1137297546706.1138
1978-04-11T07:21:22,0.20076,0.00020076,1414908938939.8242
1978-04-11T07:30:32,0.1993,0.00019930000000000002,1404619204675.7668
1978-04-11T07:42:14,0.19949,0.00019949,1405958279682.7332
1978-04-11T07:53:57,0.19916,0.00019916,1403632517828.5286
1978-04-11T08:05:39,0.19831,0.00019831,1397641919113.1526
1978-04-11T08:17:22,0.19863,0.00019863000000000001,1399897203335.4119
1978-04-11T08:30:56,0.19992,0.00019992,1408988817856.3938
1978-04-11T08:40:47,0.1959,0.0001959,1380656809814.2634
1978-04-11T08:52:29,0.19481,0.00019481,1372974747932.1934
1978-04-11T09:04:12,0.19474,0.00019474,1372481404508.5742
1978-04-11T09:15:55,0.19315,0.00019315,1361275461029.224
1978-04-11T09:25:12,0.21336,0.00021336,1503710755191.2773
1978-04-11T09:28:22,0.61237,0.00061237,4315838747452.5806
1978-04-11T09:29:58,0.05155,5.155e-05,363312192679.5573
1978-04-11T09:39:20,1.05924,0.00105924,7465272686205.515
1978-04-11T09:39:29,0.05497,5.497e-05,387415542804.9518
1978-04-11T09:45:43,1.06741,0.00106741,7522852911505.068
1978-04-11T09:49:01,0.05042,5.042e-05,355348220269.7048
1978-04-11T09:52:11,0.06963,6.963e-05,490735751237.1983
1978-04-11T09:56:57,0.05988,5.988e-05,422020060090.2404
1978-04-11T10:11:14,0.05611,5.611e-05,395449992846.75
1978-04-11T10:17:35,0.0526,5.2600000000000005e-05,370712344033.84515
1978-04-11T10:23:56,0.06956,6.956e-05,490242407813.5792
1978-04-11T10:37:52,0.05848,5.8479999999999996e-05,412153191617.8566
1978-04-11T10:47:45,0.07576,7.575999999999999e-05,533938539619.84985
1978-04-11T10:54:06,0.0695,6.950000000000001e-05,489819542021.9057
1978-04-11T10:55:42,0.09806,9.805999999999999e-05,691103658858.5332
1978-04-11T11:02:03,0.11899,0.00011899,838613342520.6698
1978-04-11T11:11:31,0.10682,0.00010682,752842064442.8771
1978-04-11T11:29:30,0.07822,7.821999999999999e-05,551276037078.4669
1978-04-11T11:34:49,0.07023,7.023e-05,494964409153.9342
1978-04-11T16:24:54,0.3008,0.0003008,2119967168923.5857
1978-04-11T16:36:36,0.26442,0.00026442,1863569543905.5007
1978-04-11T16:48:19,0.23153,0.00023153000000000003,1631768612436.429
1978-04-11T16:59:30,0.20399,0.00020399,1437673214058.2522
1978-04-11T17:17:03,0.16986,0.00016986,1197133056227.9265
1978-04-11T17:28:46,0.15189,0.00015189,1070484751621.687
1978-04-11T17:38:57,0.13775,0.00013775000000000001,970829380050.6116
1978-04-11T17:52:11,0.13577,0.00013577,956874808925.383
1978-04-11T18:03:54,0.12735,0.00012735,897532642827.1896
1978-04-11T18:13:50,0.11729,0.00011729000000000001,826632145089.9182
1978-04-11T18:21:38,0.08654,8.654000000000001e-05,609913426857.2045
1978-04-11T18:26:35,0.11492,0.00011491999999999999,809928946318.8114
1978-04-11T18:32:56,0.09673,9.673e-05,681730133809.7687
1978-04-11T18:48:18,0.10846,0.00010846,764400396081.9552
1978-04-11T18:55:10,0.11238,0.00011237999999999999,792027627804.6295
1978-04-11T18:59:56,0.46499,0.00046499000000000003,3277139407838.3584
1978-04-11T19:03:06,0.09874,9.873999999999999e-05,695896137830.834
1978-04-11T19:18:59,0.10304,0.00010304,726201519567.441
1978-04-11T19:22:09,0.08862,8.862e-05,624572774301.8889
1978-04-11T19:32:41,0.10308,0.00010308000000000001,726483430095.2235
1978-04-11T19:43:57,0.09988,9.988e-05,703930587872.6321
1978-04-11T19:55:08,0.10145,0.00010145,714995576088.0911
1978-04-11T20:28:50,0.09434,9.434e-05,664885979774.7709
1978-04-11T20:38:22,0.07771,7.771e-05,547681677849.2415
1978-04-12T07:29:01,0.11488,0.00011488,809647035791.0289
1978-04-12T07:46:00,0.09933,9.933e-05,700054318115.6241
1978-04-12T07:52:09,0.08954,8.954e-05,631056716440.8839
1978-04-12T08:01:25,0.0824,8.24e-05,580735687231.7269
1978-04-12T08:12:03,0.06799,6.798999999999999e-05,479177419598.12024
1978-04-12T08:32:39,0.05954,5.954e-05,419623820604.0901
1978-04-12T08:39:59,0.05553,5.5530000000000005e-05,391362290193.90533
1978-04-12T08:46:14,0.05909,5.909e-05,416452327166.53815
1978-04-12T08:53:56,0.05326,5.326e-05,375363867742.2546
1978-04-12T08:58:40,0.05908,5.9080000000000004e-05,416381849534.5926
1978-04-12T09:03:13,0.05004,5.004e-05,352670070255.77203
1978-04-12T09:12:05,0.07739,7.739e-05,545426393626.9824
1978-04-12T09:23:42,0.07098,7.098e-05,500250231549.85406
1978-04-12T09:35:17,0.06163,6.163e-05,434353645680.7201
1978-04-12T09:46:53,0.05456,5.456e-05,384525959895.1823
1978-04-12T09:56:02,0.05,5e-05,352388159727.9897
1978-04-12T10:00:46,0.05546,5.546e-05,390868946770.28613
1978-04-12T10:10:14,0.05557,5.5570000000000005e-05,391644200721.68774
1978-04-12T10:19:48,0.05636,5.636e-05,397211933645.38995
1978-04-12T10:48:28,0.05829,5.8290000000000006e-05,410814116610.8904
1978-04-12T11:00:10,0.06026,6.026e-05,424698210104.1731
1978-04-12T11:11:51,0.0606,6.06e-05,427094449590.3234
1978-04-12T11:23:31,0.05989,5.989e-05,422090537722.186
1978-04-12T11:35:10,0.05814,5.8139999999999996e-05,409756952131.7063
1978-04-12T11:46:51,0.05918,5.9180000000000006e-05,417086625854.0486
1978-04-12T11:58:29,0.05505,5.505e-05,387979363860.51666
1978-04-12T12:10:07,0.05211,5.211e-05,367258940068.5108
1978-04-12T12:20:14,0.05546,5.546e-05,390868946770.28613
1978-04-12T12:36:06,0.0507,5.0700000000000006e-05,357321593964.1815
1978-04-12T12:54:37,0.04692,4.6920000000000005e-05,330681049088.7455
1978-04-12T13:08:46,0.0601,6.0100000000000004e-05,423570567993.0436
1978-04-12T13:18:23,0.04679,4.679e-05,329764839873.4527
1978-04-12T13:29:37,0.046,4.6e-05,324197106949.7505
1978-04-12T13:41:12,0.03991,3.991e-05,281276229094.88135
1978-04-12T13:52:52,0.03904,3.904e-05,275144675115.6143
1978-04-12T14:04:33,0.0398,3.9800000000000005e-05,280500975143.4798
1978-04-12T14:16:13,0.04002,4.002e-05,282051483046.2829
1978-04-12T14:27:55,0.0413,4.13e-05,291072619935.31946
1978-04-12T14:36:57,0.04161,4.161e-05,293257426525.633
1978-04-12T14:57:36,0.03936,3.936e-05,277399959337.8735
1978-04-12T15:09:17,0.03984,3.984e-05,280782885671.26215
1978-04-12T15:20:57,0.0397,3.97e-05,279796198824.0238
1978-04-12T15:32:38,0.03975,3.9750000000000004e-05,280148586983.7518
1978-04-12T15:42:11,0.04049,4.049e-05,285363931747.726
1978-04-12T16:03:29,0.04438,4.4380000000000005e-05,312779730574.56366
1978-04-12T16:11:52,0.04391,4.391e-05,309467281873.1205
1978-04-12T16:18:00,0.03958,3.958e-05,278950467240.6766
1978-04-12T16:21:14,0.04672,4.672e-05,329271496449.8335
1978-04-12T16:38:29,0.04282,4.282e-05,301785219991.0503
1978-04-12T16:44:30,0.04481,4.4810000000000006e-05,315810268748.22437
1978-04-12T16:50:38,0.03956,3.956e-05,278809511976.7854
1978-04-12T16:56:54,0.04298,4.298e-05,302912862102.1799
1978-04-12T17:06:10,0.03955,3.9550000000000006e-05,278739034344.83984
1978-04-12T17:09:05,0.30203,0.00030203,2128635917652.8943
1978-04-12T17:16:52,0.03589,3.589e-05,252944221052.75095
1978-04-12T17:31:07,0.04572,4.5719999999999996e-05,322223733255.2737
1978-04-12T17:36:12,0.08696,8.696e-05,612873487398.9196
1978-04-12T17:40:04,0.06198,6.198e-05,436820362798.816
1978-04-12T17:49:46,0.05646,5.6460000000000005e-05,397916709964.8459
1978-04-12T18:01:22,0.05089,5.0889999999999996e-05,358660668971.1478
1978-04-12T18:13:03,0.05105,5.105e-05,359788311082.2774
1978-04-12T18:22:04,0.05058,5.058e-05,356475862380.83435
1978-04-12T18:36:17,0.04327,4.3270000000000004e-05,304956713428.60223
1978-04-12T18:44:07,0.04567,4.567e-05,321871345095.5457
1978-04-12T18:47:57,0.04271,4.2709999999999996e-05,301009966039.64874
1978-04-12T18:56:58,0.0424,4.24e-05,298825159449.3352
1978-04-12T18:59:26,0.03235,3.235e-05,227995139344.00928
1978-04-12T19:08:56,0.0429,4.29e-05,302349041046.6151
1978-04-12T19:16:42,0.04289,4.289e-05,302278563414.6695
1978-04-12T19:22:49,0.03709,3.709e-05,261401536886.2227
1978-04-12T19:32:17,0.04564,4.5640000000000003e-05,321659912199.709
1978-04-12T19:41:28,0.37861,0.00037861000000000004,2668353623092.2837
1978-04-12T19:46:15,0.04469,4.469e-05,314964537164.87714
1978-04-12T20:18:09,0.04285,4.285e-05,301996652886.8871
1978-04-12T20:29:49,0.04276,4.276e-05,301362354199.3768
1978-04-12T20:41:31,0.04347,4.347e-05,306366266067.5142
1978-04-12T20:47:52,0.04258,4.258e-05,300093756824.356
1978-04-13T11:10:11,0.02843,2.843e-05,200367907621.3349
1978-04-13T11:19:46,0.02869,2.869e-05,202200326051.92047
1978-04-13T11:37:20,0.02906,2.906e-05,204807998433.90756
1978-04-13T11:41:57,0.02618,2.618e-05,184510440433.57538
1978-04-13T11:45:09,0.03031,3.031e-05,213617702427.1073
1978-04-13T11:54:59,0.02972,2.972e-05,209459522142.31705
1978-04-13T12:02:45,0.05926,5.926e-05,417650446909.61334
1978-04-13T12:05:29,0.03368,3.368e-05,237368664392.77383
1978-04-13T12:14:10,0.03525,3.5249999999999996e-05,248433652608.23267
1978-04-13T12:25:56,0.03877,3.8769999999999996e-05,273241779053.08313
1978-04-13T12:37:33,0.03437,3.437e-05,242231620997.02008
1978-04-13T12:49:10,0.03,3e-05,211432895836.7938
1978-04-13T13:04:43,0.03374,3.374e-05,237791530184.44742
1978-04-13T13:11:01,0.03746,3.7460000000000004e-05,264009209268.20987
1978-04-13T13:24:07,0.00961,9.610000000000001e-06,67729004299.71962
1978-04-13T13:25:21,0.0594,5.94e-05,418637133756.8517
1978-04-13T13:31:29,0.05132,5.1319999999999997e-05,361691207144.80853
1978-04-13T13:32:55,0.04251,4.251e-05,299600413400.73676
1978-04-13T13:44:37,0.03595,3.5950000000000006e-05,253367086844.4246
1978-04-13T13:56:14,0.03145,3.145e-05,221652152468.9055
1978-04-13T14:09:44,0.02908,2.9080000000000003e-05,204948953697.7988
1978-04-13T14:14:34,0.02224,2.224e-05,156742253447.0098
1978-04-13T14:19:23,0.028,2.8e-05,197337369447.6742
1978-04-13T14:28:04,0.02804,2.804e-05,197619279975.45657
1978-04-13T14:51:12,0.09059,9.059000000000001e-05,638456867795.1718
1978-04-13T14:59:05,0.08326,8.326e-05,586796763579.0483
1978-04-13T15:05:44,0.06956,6.956e-05,490242407813.5792
1978-04-13T15:08:00,0.43525,0.00043525000000000004,3067538930432.15
1978-04-13T15:11:15,0.0699,6.99e-05,492638647299.72955
1978-04-13T15:21:50,0.05233,5.233e-05,368809447971.31396
1978-04-13T15:46:40,0.02807,2.807e-05,197830712871.2934
1978-04-13T15:50:52,0.14072,0.00014072000000000002,991761236738.4542
1978-04-13T15:52:55,0.02867,2.867e-05,202059370788.02927
1978-04-13T16:08:23,0.02426,2.426e-05,170978735100.0206
1978-04-13T16:22:23,0.02328,2.328e-05,164071927169.35196
1978-04-13T16:27:37,0.05378,5.3780000000000003e-05,379028704603.4257
1978-04-13T16:31:48,0.02585,2.585e-05,182184678579.37067
1978-04-13T16:55:18,0.02546,2.546e-05,179436050933.49234
1978-04-13T17:01:15,0.03137,3.137e-05,221088331413.3407
1978-04-13T17:11:29,0.03538,3.5380000000000003e-05,249349861823.5255
1978-04-13T17:15:30,0.04194,4.194e-05,295583188379.83777
1978-04-13T17:20:32,0.04851,4.851e-05,341886992568.0956
1978-04-13T17:25:19,0.05618,5.618e-05,395943336270.36914
1978-04-13T17:29:54,0.04853,4.853e-05,342027947831.98676
1978-04-13T17:34:24,0.03775,3.775e-05,266053060594.6322
1978-04-13T17:40:45,0.04464,4.464e-05,314612149005.1492
1978-04-13T17:46:21,0.0367,3.6700000000000004e-05,258652909240.34442
1978-04-13T17:52:51,0.03155,3.155e-05,222356928788.36145
1978-04-13T18:04:04,0.02898,2.898e-05,204244177378.3428
1978-04-13T18:15:45,0.02818,2.818e-05,198605966822.69498
1978-04-13T18:26:24,0.02897,2.897e-05,204173699746.3972
1978-04-13T18:29:12,0.03511,3.511e-05,247446965760.99432
1978-04-13T18:47:41,0.02902,2.902e-05,204526087906.1252
1978-04-13T18:53:45,0.03134,3.134e-05,220876898517.5039
1978-04-13T18:59:57,0.02944,2.9440000000000003e-05,207486148447.84033
1978-04-13T19:11:03,0.02728,2.728e-05,192262979947.59116
1978-04-13T19:22:43,0.02564,2.564e-05,180704648308.5131
1978-04-13T19:34:23,0.02442,2.442e-05,172106377211.15015
1978-04-13T19:46:05,0.02425,2.425e-05,170908257468.07498
1978-04-13T19:57:48,0.02491,2.4910000000000004e-05,175559781176.48447
1978-04-13T20:08:58,0.02502,2.502e-05,176335035127.88602
1978-04-13T20:23:59,0.02496,2.496e-05,175912169336.21243
1978-04-13T20:27:11,0.02772,2.7720000000000002e-05,195363995753.19748
1978-04-13T20:36:36,0.02356,2.356e-05,166045300863.82874
1978-04-13T20:58:43,0.03732,3.732e-05,263022522420.97147
1978-04-13T21:02:59,0.0316,3.16e-05,222709316948.08948
1978-04-13T21:11:16,0.02705,2.705e-05,190641994412.8424
1978-04-13T21:21:50,0.02405,2.405e-05,169498704829.16302
1978-04-13T21:33:30,0.02319,2.319e-05,163437628481.8416
1978-04-13T21:44:46,0.02483,2.483e-05,174995960120.91968
1978-04-13T21:50:28,0.03019,3.019e-05,212771970843.76016
1978-04-13T21:53:02,0.03426,3.426e-05,241456367045.6185
1978-04-13T21:59:12,0.03086,3.086e-05,217493972184.1152
1978-04-13T22:09:15,0.02706,2.7060000000000002e-05,190712472044.788
1978-04-13T22:17:44,0.02453,2.453e-05,172881631162.55173
1978-04-13T22:22:34,0.03024,3.024e-05,213124359003.48813
1978-04-13T22:28:25,0.02451,2.451e-05,172740675898.66052
1978-04-13T22:37:20,0.0228,2.2800000000000002e-05,160689000835.9633
1978-04-13T22:50:34,0.02842,2.8420000000000002e-05,200297429989.3893
1978-04-13T23:00:47,0.02436,2.436e-05,171683511419.47656
1978-04-13T23:11:58,0.02278,2.2780000000000002e-05,160548045572.0721
1978-04-14T00:06:18,0.03163,3.163e-05,222920749843.92624
1978-04-14T00:12:36,0.0344,3.44e-05,242443053892.8569
1978-04-14T00:12:36,0.03098,3.098e-05,218339703767.46237
1978-04-14T00:20:28,0.03369,3.369e-05,237439142024.71942
1978-04-14T00:23:37,0.04911,4.911e-05,346115650484.8314
1978-04-14T00:30:24,0.05811,5.8110000000000004e-05,409545519235.86957
1978-04-14T00:38:28,0.04937,4.9369999999999997e-05,347948068915.417
1978-04-14T00:42:07,0.04335,4.335e-05,305520534484.16705
1978-04-14T00:50:24,0.03516,3.5159999999999995e-05,247799353920.7223
1978-04-14T01:01:26,0.02975,2.9749999999999998e-05,209670955038.15384
1978-04-14T01:08:34,0.02711,2.711e-05,191064860204.516
1978-04-14T01:17:19,0.02517,2.517e-05,177392199607.06998
1978-04-14T01:34:54,0.02497,2.497e-05,175982646968.15802
1978-04-14T06:15:51,0.0234,2.34e-05,164917658752.69916
1978-04-14T06:27:35,0.02198,2.198e-05,154909835016.42426
1978-04-14T06:39:19,0.0219,2.19e-05,154346013960.85947
1978-04-14T06:51:03,0.02191,2.191e-05,154416491592.80505
1978-04-14T07:02:46,0.02135,2.135e-05,150469744203.8516
1978-04-14T07:14:30,0.02133,2.1329999999999997e-05,150328788939.96036
1978-04-14T07:26:14,0.02217,2.217e-05,156248910023.39062
1978-04-14T07:37:58,0.02499,2.499e-05,176123602232.04922
1978-04-14T07:50:36,0.02514,2.514e-05,177180766711.2332
1978-04-14T07:56:05,0.02622,2.622e-05,184792350961.35776
1978-04-14T07:56:50,0.03197,3.197e-05,225316989330.07657
1978-04-14T07:58:56,0.03791,3.791e-05,267180702705.76178
1978-04-14T08:04:37,0.036,3.6e-05,253719475004.15256
1978-04-14T08:15:02,0.02979,2.979e-05,209952865565.93625
1978-04-14T08:25:56,0.02635,2.635e-05,185708560176.65054
1978-04-14T15:16:43,0.02414,2.4140000000000003e-05,170133003516.6734
1978-04-14T15:24:48,0.02423,2.4230000000000003e-05,170767302204.1838
1978-04-14T15:34:16,0.02528,2.5280000000000002e-05,178167453558.4716
1978-04-14T15:50:01,0.02529,2.529e-05,178237931190.41718
1978-04-14T15:56:19,0.0275,2.75e-05,193813487850.39432
1978-04-14T16:05:29,0.02763,2.7629999999999998e-05,194729697065.68704
1978-04-14T16:17:13,0.02912,2.912e-05,205230864225.58115
1978-04-14T16:24:40,0.03121,3.121e-05,219960689302.21115
1978-04-14T16:32:33,0.02931,2.931e-05,206569939232.54752
1978-04-14T16:37:17,0.03255,3.2550000000000005e-05,229404691982.92126
1978-04-14T17:00:55,0.02698,2.6980000000000003e-05,190148650989.2232
1978-04-14T17:08:47,0.03469,3.469e-05,244486905219.27924
1978-04-14T17:18:14,0.0347,3.47e-05,244557382851.22482
1978-04-14T17:19:21,0.03938,3.938e-05,277540914601.76465
1978-04-14T17:22:58,0.05166,5.166e-05,364087446630.95886
1978-04-14T17:32:02,0.04059,4.059e-05,286068708067.182
1978-04-14T17:36:33,0.03535,3.535e-05,249138428927.68866
1978-04-14T17:53:43,0.03354,3.354e-05,236381977545.53546
1978-04-14T18:00:02,0.04098,4.0980000000000004e-05,288817335713.06036
1978-04-14T18:03:35,0.04903,4.9029999999999996e-05,345551829429.2666
1978-04-14T18:12:22,0.05348,5.348e-05,376914375645.05774
1978-04-14T18:22:30,0.04554,4.554e-05,320955135880.253
1978-04-14T18:31:34,0.03891,3.891e-05,274228465900.32153
1978-04-14T18:42:14,0.0345,3.4500000000000005e-05,243147830212.3129
1978-04-14T18:51:12,0.03629,3.6290000000000007e-05,255763326330.57492
1978-04-14T18:53:57,0.03301,3.301e-05,232646663052.41873
1978-04-14T19:05:41,0.02898,2.898e-05,204244177378.3428
1978-04-14T19:17:25,0.02769,2.769e-05,195152562857.36066
1978-04-14T19:29:09,0.02717,2.717e-05,191487725996.18954
1978-04-14T19:39:16,0.02695,2.695e-05,189937218093.38644
1978-04-14T20:06:28,0.02593,2.593e-05,182748499634.93546
1978-04-14T20:20:19,0.02466,2.466e-05,173797840377.8445
1978-04-14T20:33:03,0.02503,2.503e-05,176405512759.8316
1978-04-14T20:43:47,0.02823,2.8230000000000002e-05,198958354982.42294
1978-04-14T20:55:30,0.02699,2.699e-05,190219128621.1688
1978-04-14T21:06:28,0.02823,2.8230000000000002e-05,198958354982.42294
1978-04-14T21:14:42,0.03245,3.245e-05,228699915663.4653
1978-04-14T21:26:26,0.02968,2.9680000000000004e-05,209177611614.53467
1978-04-14T21:38:09,0.02663,2.663e-05,187681933871.1273
1978-04-14T21:49:53,0.02532,2.5319999999999998e-05,178449364086.25394
1978-04-14T22:02:20,0.02576,2.576e-05,181550379891.86026
1978-04-14T22:06:33,0.0296,2.96e-05,208613790558.96988
1978-04-14T22:11:45,0.02639,2.639e-05,185990470704.43292
1978-04-14T22:21:52,0.02373,2.373e-05,167243420606.9039
1978-04-14T22:31:46,0.02505,2.505e-05,176546468023.7228
1978-04-14T22:42:48,0.04142,4.142e-05,291918351518.6666
1978-04-14T22:45:57,0.13376,0.00013376,942708804904.3179
1978-04-14T22:51:44,0.19145,0.00019145000000000002,1349294263598.4724
1978-04-14T23:00:34,0.17768,0.00017768000000000002,1252246564409.3843
1978-04-14T23:02:55,0.15412,0.00015412000000000002,1086201263545.5555
1978-04-14T23:09:51,0.13151,0.00013151,926851337716.5582
1978-04-14T23:21:35,0.13275,0.00013275,935590564077.8125
1978-04-14T23:30:07,0.11624,0.00011624,819231993735.6302
1978-04-14T23:33:24,0.09997,9.997e-05,704564886560.1426
1978-04-14T23:43:51,0.07203,7.203e-05,507650382904.1419
1978-04-14T23:48:14,0.06044,6.0440000000000004e-05,425966807479.1939
1978-04-14T23:53:02,0.05071,5.071e-05,357392071596.1271
1978-04-15T03:34:44,0.022079,2.2079000000000003e-05,155607563572.6857
1978-04-15T03:39:35,0.019848,1.9848e-05,139884003885.62277
1978-04-15T03:52:20,0.019851,1.9851e-05,139905147175.20645
1978-04-15T04:04:40,0.020153,2.0153000000000002e-05,142033571659.96353
1978-04-15T04:16:21,0.020458,2.0458e-05,144183139434.30423
1978-04-15T04:28:01,0.020983,2.0983000000000002e-05,147883215111.44815
1978-04-15T04:39:42,0.021028,2.1028000000000003e-05,148200364455.20334
1978-04-15T04:50:10,0.022961,2.2961e-05,161823690710.28738
1978-04-15T04:52:47,0.025121,2.5121000000000002e-05,177046859210.5366
1978-04-15T04:58:57,0.023888,2.3888e-05,168356967191.64435
1978-04-15T05:10:35,0.024059,2.4059e-05,169562134697.91406
1978-04-15T05:16:35,0.029803,2.9803e-05,210044486487.4655
1978-04-15T05:31:02,0.025677,2.5676999999999998e-05,180965415546.71176
1978-04-15T05:40:41,0.022597,2.2597e-05,159258304907.46762
1978-04-15T05:46:53,0.029187,2.9187e-05,205703064359.6167
1978-04-15T05:59:17,0.023923,2.3923e-05,168603638903.45392
1978-04-15T06:06:05,0.026809,2.6809e-05,188943483482.9535
1978-04-15T06:15:42,0.025152,2.5152000000000002e-05,177265339869.56793
1978-04-15T06:23:44,0.023098,2.3098e-05,162789234267.9421
1978-04-15T06:31:42,0.027768,2.7768000000000002e-05,195702288386.53635
1978-04-15T06:33:16,0.041252,4.1252e-05,290734327301.9806
1978-04-15T06:33:30,0.033785,3.3785e-05,238108679528.20264
1978-04-15T06:34:21,0.0512,5.1200000000000004e-05,360845475561.4614
1978-04-15T06:36:51,0.063584,6.3584e-05,448124974962.8899
1978-04-15T06:40:23,0.0747,7.47e-05,526467910633.6165
1978-04-15T06:48:22,0.081738,8.173800000000001e-05,576070067996.9283
1978-04-15T06:56:18,0.066123,6.6123e-05,466019245713.8772
1978-04-15T07:00:48,0.053789,5.3788999999999996e-05,379092134472.17664
1978-04-15T07:03:06,0.04687,4.6870000000000004e-05,330328660929.0175
1978-04-15T07:10:11,0.035801,3.5801e-05,252316970128.43512
1978-04-15T07:19:28,0.025718,2.5718000000000003e-05,181254373837.68878
1978-04-15T07:29:09,0.022155,2.2155e-05,156143193575.47223
1978-04-15T07:33:58,0.020784,2.0784e-05,146480710235.73074
1978-04-15T07:43:07,0.037762,3.7761999999999995e-05,266137633752.96686
1978-04-15T07:45:17,0.016796,1.6796e-05,118374230615.82628
1978-04-15T07:49:59,0.018687,1.8687e-05,131701550816.73885
1978-04-15T07:54:41,0.021239,2.1239e-05,149687442489.25546
1978-04-15T08:01:02,0.022166,2.2166e-05,156220718970.61237
1978-04-15T17:29:25,0.042906,4.2906e-05,302391327625.7825
1978-04-15T18:42:50,0.036394,3.6394000000000004e-05,256496293702.8091
1978-04-16T00:05:38,0.026647,2.6647e-05,187801745845.4348
1978-04-16T00:17:20,0.024903,2.4903000000000002e-05,175510446834.12256
1978-04-16T00:26:27,0.023128,2.3128e-05,163000667163.77887
1978-04-16T00:34:14,0.024635,2.4635e-05,173621646297.9805
1978-04-16T00:38:55,0.022192,2.2192e-05,156403960813.6709
1978-04-16T00:45:08,0.026244,2.6244e-05,184961497278.02722
1978-04-16T00:52:24,0.022045,2.2045e-05,155367939624.07062
1978-04-16T01:04:05,0.022302,2.2302e-05,157179214765.0725
1978-04-16T01:15:47,0.020761,2.0761000000000003e-05,146318611682.2559
1978-04-16T01:27:28,0.020029,2.0029e-05,141159649023.8381
1978-04-16T01:36:30,0.022324,2.2324000000000002e-05,157334265555.35284
1978-04-16T01:50:51,0.023326,2.3326e-05,164396124276.30176
1978-04-16T02:02:32,0.021021,2.1021e-05,148151030112.84143
1978-04-16T02:14:14,0.020585,2.0585e-05,145078205360.01334
1978-04-16T02:21:39,0.020076,2.0076e-05,141490893893.9824
1978-04-16T02:26:20,0.029269,2.9269e-05,206280980941.5706
1978-04-16T02:29:26,0.025283,2.5283000000000002e-05,178188596848.05527
1978-04-16T02:34:07,0.027497,2.7497e-05,193792344560.81064
1978-04-16T02:37:13,0.020949,2.0949e-05,147643591162.8331
1978-04-16T02:46:34,0.026942,2.6942e-05,189880835987.82993
1978-04-16T02:48:07,0.031855,3.1855e-05,224506496562.7022
1978-04-16T02:55:54,0.035382,3.5381999999999994e-05,249363957349.91458
1978-04-16T02:59:01,0.026956,2.6956e-05,189979504672.55377
1978-04-16T03:06:48,0.031881,3.1881e-05,224689738405.76077
1978-04-16T09:20:25,0.026285,2.6285e-05,185250455569.00415
1978-04-16T09:21:59,0.059468,5.9468e-05,419116381654.0818
1978-04-16T16:48:46,0.050225,5.0225e-05,353973906446.7656
1978-04-16T16:50:20,0.020851,2.0851e-05,146952910369.76624
1978-04-16T18:01:56,0.039194,3.9194e-05,276230030647.5765
1978-04-16T19:15:33,0.033898,3.3898e-05,238905076769.18787
1978-04-17T07:51:04,0.014934,1.4934e-05,105251295547.55595
1978-04-17T08:02:49,0.014662,1.4662e-05,103334303958.63568
1978-04-17T08:20:26,0.013855,1.3855e-05,97646759060.62593
1978-04-17T08:37:46,0.014614,1.4614000000000001e-05,102996011325.29683
1978-04-17T08:44:21,0.016001,1.6001e-05,112771258876.15126
1978-04-17T08:49:06,0.015031,1.5030999999999999e-05,105934928577.42824
1978-04-17T09:57:13,0.01331,1.3310000000000001e-05,93805728119.59085
1978-04-17T10:06:43,0.01418,1.418e-05,99937282098.85786
1978-04-17T10:24:47,0.013712,1.3712e-05,96638928923.80388
1978-04-17T10:38:24,0.015447,1.5447e-05,108866798066.36511
1978-04-17T10:49:30,0.019056,1.9056000000000002e-05,134302175435.53142
1978-04-17T11:02:10,0.017539,1.7539e-05,123610718669.3842
1978-04-17T11:20:18,0.030566,3.0566e-05,215421929804.9146
1978-04-17T11:24:21,0.020333,2.0333e-05,143302169034.98428
1978-04-17T11:35:26,0.017944,1.7944000000000003e-05,126465062763.18095
1978-04-17T11:46:32,0.016863,1.6863e-05,118846430749.86179
1978-04-17T12:28:05,0.015045,1.5044999999999999e-05,106033597262.15207
1978-04-17T12:39:50,0.015046,1.5046000000000001e-05,106040645025.34665
1978-04-17T12:51:34,0.015124,1.5124000000000001e-05,106590370554.52232
1978-04-17T13:00:39,0.015094,1.5094e-05,106378937658.68552
1978-04-17T13:21:35,0.016261,1.6261000000000002e-05,114603677306.7368
1978-04-17T13:29:30,0.014652,1.4652e-05,103263826326.69008
1978-04-17T13:37:25,0.015939,1.5938999999999998e-05,112334297558.08853
1978-04-17T13:56:41,0.017082,1.7082e-05,120389890889.47038
1978-04-17T14:04:09,0.01706,1.706e-05,120234840099.19006
1978-04-17T14:16:21,0.025943,2.5943000000000002e-05,182840120556.46472
1978-04-17T14:19:43,0.021754,2.1754e-05,153317040534.4537
1978-04-17T14:26:19,0.01832,1.832e-05,129115021724.33542
1978-04-17T14:38:19,0.017014,1.7014e-05,119910642992.24033
1978-04-17T14:48:32,0.016567,1.6567e-05,116760292844.27208
1978-04-17T15:00:01,0.015598,1.5598000000000002e-05,109931010308.74365
1978-04-17T15:13:33,0.015064,1.5064e-05,106167504762.84871
1978-04-17T15:25:17,0.015486,1.5486e-05,109141660830.95296
1978-04-17T15:37:02,0.01495,1.4950000000000001e-05,105364059758.6689
1978-04-17T15:48:46,0.015047,1.5047e-05,106047692788.5412
1978-04-17T16:00:31,0.015379,1.5379e-05,108387550169.13504
1978-04-17T16:12:15,0.01534,1.534e-05,108112687404.54723
1978-04-17T16:24:00,0.015341,1.5341e-05,108119735167.74179
1978-04-17T16:34:40,0.014462,1.4462e-05,101924751319.72372
1978-04-17T16:38:25,0.012696,1.2696000000000002e-05,89478401518.13115
1978-04-17T17:37:07,0.040075,4.0075e-05,282439110021.9837
1978-04-17T18:50:15,0.034219,3.4219e-05,241167408754.64154
1978-04-17T19:40:25,0.020404,2.0404e-05,143802560221.798
1978-04-17T19:52:10,0.021124,2.1124e-05,148876949721.88104
1978-04-17T20:03:54,0.02148,2.148e-05,151385953419.14435
1978-04-17T20:13:27,0.022799,2.2799e-05,160681953072.7687
1978-04-17T20:25:15,0.021976,2.1976e-05,154881643963.64603
1978-04-17T21:16:29,0.01791,1.791e-05,126225438814.56589
1978-04-17T21:28:14,0.01707,1.7069999999999998e-05,120305317731.13565
1978-04-17T21:39:58,0.016501,1.6501e-05,116295140473.43114
1978-04-17T21:51:43,0.015767,1.5767e-05,111122082288.62425
1978-04-17T22:03:28,0.015182,1.5182e-05,106999140819.80678
1978-04-17T22:15:12,0.015349,1.5349e-05,108176117273.29828
1978-04-17T22:26:57,0.016231,1.6230999999999998e-05,114392244410.9
1978-04-17T22:38:41,0.015165,1.5165e-05,106879328845.49925
1978-04-17T22:50:26,0.014333,1.4333e-05,101015589867.62552
1978-04-17T23:02:10,0.0136,1.36e-05,95849579446.01318
1978-04-17T23:13:55,0.013557,1.3556999999999999e-05,95546525628.6471
1978-04-17T23:25:39,0.013653,1.3653000000000001e-05,96223110895.32486
1978-04-17T23:36:14,0.014556,1.4556e-05,102587241060.01234
1978-04-17T23:45:44,0.013394,1.3394e-05,94397740227.93387
1978-04-17T23:52:04,0.014569,1.4569e-05,102678861981.54163
1978-04-18T03:06:41,0.02032,2.0320000000000002e-05,143210548113.45502
1978-04-18T03:13:47,0.019772,1.9772000000000003e-05,139348373882.83624
1978-04-18T03:18:30,0.023915,2.3915e-05,168547256797.89743
1978-04-18T03:30:07,0.019317,1.9317e-05,136141641629.31154
1978-04-18T03:37:25,0.019372,1.9372e-05,136529268605.01231
1978-04-18T03:46:52,0.020214,2.0214e-05,142463485214.83167
1978-04-18T03:53:10,0.018579,1.8579e-05,130940392391.72638
1978-04-18T04:07:07,0.017783,1.7783e-05,125330372888.85678
1978-04-18T04:19:08,0.017447,1.7447e-05,122962324455.48471
1978-04-18T04:30:51,0.017017,1.7017e-05,119931786281.82399
1978-04-18T04:42:35,0.016683,1.6683e-05,117577833374.84102
1978-04-18T04:50:02,0.016454,1.6454e-05,115963895603.28682
1978-04-18T05:57:38,0.010105,1.0104999999999999e-05,71217647081.0267
1978-04-18T06:00:47,0.211689,0.00021168899999999999,1491933942893.1677
1978-04-18T06:05:30,0.016782,1.6782e-05,118275561931.10243
1978-04-18T10:58:33,0.018419,1.8419e-05,129812750280.59683
1978-04-18T11:06:25,0.019629,1.9629e-05,138340543746.0142
1978-04-18T11:14:18,0.018043,1.8043e-05,127162791319.44235
1978-04-18T11:23:45,0.018433,1.8433e-05,129911418965.32066
1978-04-18T11:28:29,0.015901,1.5901e-05,112066482556.69527
1978-04-18T11:48:46,0.016143,1.6143e-05,113772041249.77875
1978-04-18T12:00:29,0.016877,1.6877e-05,118945099434.58563
1978-04-18T12:10:36,0.018571,1.8571000000000002e-05,130884010286.16992
1978-04-18T12:16:22,0.022397,2.2397e-05,157848752268.55566
1978-04-18T12:23:34,0.02693,2.6929999999999998e-05,189796262829.4952
1978-04-18T12:24:28,0.033025,3.3024999999999996e-05,232752379500.33713
1978-04-18T12:48:58,0.047223,4.7223000000000005e-05,332816521336.69714
1978-04-18T12:55:08,0.071435,7.1435e-05,503456963803.3788
1978-04-18T12:56:43,0.061619,6.161900000000001e-05,434276120285.5799
1978-04-18T13:03:01,0.052047,5.2047000000000005e-05,366814930987.2536
1978-04-18T13:06:10,0.162874,0.000162874,1147897382550.7317
1978-04-18T13:12:49,0.035239,3.5239e-05,248356127213.09253
1978-04-18T13:19:45,0.029945,2.9945e-05,211045268861.093
1978-04-18T13:31:03,0.026316,2.6316e-05,185468936228.03552
1978-04-18T13:42:46,0.025336,2.5336000000000003e-05,178562128297.36694
1978-04-18T13:50:14,0.026468,2.6467999999999998e-05,186540196233.60858
1978-04-18T13:51:50,0.030974,3.0974000000000005e-05,218297417188.29507
1978-04-18T13:54:14,0.038959,3.8959000000000004e-05,274573806296.855
1978-04-18T13:56:35,0.048928,4.8928e-05,344832957583.4216
1978-04-18T14:05:22,0.039392,3.9392000000000005e-05,277625487760.0994
1978-04-18T14:08:21,0.033313,3.3313000000000004e-05,234782135300.37042
1978-04-18T14:12:04,0.028582,2.8582000000000002e-05,201439167626.908
1978-04-18T14:17:42,0.02403,2.403e-05,169357749565.27182
1978-04-18T14:31:04,0.023082,2.3082e-05,162676470056.82913
1978-04-18T14:40:50,0.024382,2.4382e-05,171838562209.7569
1978-04-18T14:48:34,0.028294,2.8294e-05,199409411826.8748
1978-04-18T14:53:18,0.045039,4.5039e-05,317424206519.7785
1978-04-18T15:05:53,0.025814,2.5814e-05,181930959104.36652
1978-04-18T15:17:47,0.026616,2.6616e-05,187583265186.40347
1978-04-18T15:24:31,0.031505,3.1505e-05,222039779444.60623
1978-04-18T15:36:47,0.025125,2.5125e-05,177075050263.3148
1978-04-18T15:48:30,0.022376,2.2376e-05,157700749241.46994
1978-04-18T15:58:53,0.017631,1.7631e-05,124259112883.2837
1978-04-18T15:59:41,0.020037,2.0036999999999998e-05,141216031129.39456
1978-04-18T16:20:28,0.022079,2.2079000000000003e-05,155607563572.6857
1978-04-18T16:32:11,0.020847,2.0847000000000002e-05,146924719316.988
1978-04-18T16:42:00,0.023473,2.3473e-05,165432145465.90204
1978-04-18T16:51:27,0.02555,2.555e-05,180070349621.00272
1978-04-18T16:57:46,0.021581,2.1581e-05,152097777501.7949
1978-04-18T17:06:17,0.020452,2.0452000000000003e-05,144140852855.1369
1978-04-18T17:18:00,0.019423,1.9423e-05,136888704527.93484
1978-04-18T17:29:43,0.019493,1.9493e-05,137382047951.55406
1978-04-18T17:36:39,0.020166,2.0166e-05,142125192581.49277
1978-04-18T17:44:27,0.03038,3.038e-05,214111045850.7265
1978-04-18T17:45:05,0.034572,3.4572e-05,243655269162.32114
1978-04-18T18:07:01,0.026256,2.6256e-05,185046070436.3619
1978-04-18T18:18:44,0.023704,2.3704e-05,167060178763.84534
1978-04-18T18:25:07,0.022479,2.2479e-05,158426668850.50958
1978-04-18T18:43:41,0.023546,2.3546e-05,165946632179.1049
1978-04-18T18:51:14,0.026767,2.6767e-05,188647477428.78195
1978-04-18T18:59:13,0.033409,3.3409000000000005e-05,235458720567.04816
1978-04-18T19:07:12,0.034365,3.4365e-05,242196382181.0473
1978-04-18T19:46:38,0.024858,2.4858e-05,175193297490.36734
1978-04-18T20:00:29,0.024341,2.4341000000000003e-05,171549603918.77994
1978-04-18T20:43:38,0.036377,3.6377e-05,256376481728.5016
1978-04-18T20:51:37,0.03279,3.279e-05,231096155149.61563
1978-04-18T21:14:32,0.028615,2.8615000000000003e-05,201671743812.32852
1978-04-18T21:26:15,0.027728,2.7728e-05,195420377858.75394
1978-04-18T21:37:58,0.028859,2.8859e-05,203391398031.80106
1978-04-18T21:49:42,0.031087,3.1087e-05,219093814429.28027
1978-04-18T22:01:25,0.032124,3.2124e-05,226402344862.0388
1978-04-18T22:06:33,0.036157,3.6157e-05,254825973825.69843
1978-04-18T22:13:08,0.033088,3.3088e-05,233196388581.59442
1978-04-18T22:23:15,0.030721,3.0721e-05,216514333100.0714
1978-04-18T22:35:30,0.028431,2.8431000000000003e-05,200374955384.5295
1978-04-18T22:51:29,0.02751,2.751e-05,193883965482.3399
1978-04-18T22:58:25,0.027187,2.7187e-05,191607537970.49707
1978-04-18T23:18:08,0.024912,2.4912e-05,175573876702.87357
1978-04-18T23:29:51,0.024297,2.4297e-05,171239502338.2193
1978-04-18T23:41:34,0.025238,2.5238e-05,177871447504.30005
1978-04-18T23:52:45,0.0281,2.8100000000000002e-05,198042145767.1302
1978-04-19T00:06:20,0.024937,2.4937000000000002e-05,175750070782.73758
1978-04-19T00:17:05,0.022609,2.2609e-05,159342878065.80234
1978-04-19T00:28:04,0.021414,2.1414e-05,150920801048.3034
1978-04-19T00:39:45,0.021157,2.1156999999999998e-05,149109525907.3015
1978-04-19T00:50:41,0.020217,2.0217e-05,142484628504.4153
1978-04-19T01:00:11,0.019387,1.9387000000000003e-05,136634985052.93073
1978-04-19T01:12:52,0.019402,1.9401999999999998e-05,136740701500.84909
1978-04-19T01:20:47,0.019411,1.9411e-05,136804131369.60014
1978-04-19T02:23:23,0.024057,2.4057e-05,169548039171.52493
1978-04-19T02:35:05,0.02236,2.2360000000000003e-05,157587985030.357
1978-04-19T02:41:27,0.022109,2.2109e-05,155818996468.5225
1978-04-19T02:49:42,0.029362,2.9362e-05,206936422918.66464
1978-04-19T02:51:23,0.036085,3.6085e-05,254318534875.6901
1978-04-19T02:59:32,0.042883,4.2882999999999996e-05,302229229072.30756
1978-04-19T03:08:34,0.038606,3.8606e-05,272085945889.17538
1978-04-19T04:03:18,0.026071,2.6071e-05,183742234245.36838
1978-04-19T04:15:00,0.024932,2.4932e-05,175714831966.76477
1978-04-19T04:26:41,0.023998,2.3998e-05,169132221143.0459
1978-04-19T04:38:23,0.026312,2.6311999999999998e-05,185440745175.25723
1978-04-19T04:50:04,0.02559,2.559e-05,180352260148.7851
1978-04-19T05:01:46,0.022034,2.2034000000000003e-05,155290414228.9305
1978-04-19T05:13:27,0.021485,2.1485000000000002e-05,151421192235.11716
1978-04-19T05:25:09,0.021922,2.1922e-05,154501064751.1398
1978-04-19T05:39:00,0.021006,2.1006000000000002e-05,148045313664.92303
1978-04-19T05:46:55,0.023371,2.3371e-05,164713273620.05692
1978-04-19T05:54:51,0.020584,2.0584e-05,145071157596.8188
1978-04-19T06:06:36,0.02334,2.334e-05,164494792961.02557
1978-04-19T06:18:17,0.024204,2.4204e-05,170584060361.1252
1978-04-19T06:28:07,0.028363,2.8363e-05,199895707487.2994
1978-04-19T06:41:40,0.025809,2.5809e-05,181895720288.3937
1978-04-19T06:52:50,0.029649,2.9649e-05,208959130955.5033
1978-04-19T06:58:09,0.034421,3.4421e-05,242591056919.94266
1978-04-19T07:01:34,0.039905,3.9905000000000005e-05,281240990278.90857
1978-04-19T07:04:47,0.048479,4.8479e-05,341668511909.0642
1978-04-19T07:06:39,0.058561,5.8561000000000004e-05,412724060436.616
1978-04-19T07:09:46,0.070173,7.017300000000001e-05,494562686651.84436
1978-04-19T07:12:30,0.081596,8.159600000000001e-05,575069285623.3009
1978-04-19T07:15:38,0.093449,9.3449e-05,658606422768.4182
1978-04-19T07:23:33,0.101783,0.000101783,717342481231.8794
1978-04-19T15:50:29,0.02932,2.932e-05,206640416864.49313
1978-04-19T15:58:24,0.034036,3.4036e-05,239877668090.0371
1978-04-19T16:06:20,0.034052,3.4052e-05,239990432301.15005
1978-04-19T16:12:40,0.03129,3.129e-05,220524510357.77594
1978-04-19T16:15:50,0.01082,1.082e-05,76256797765.13695
1978-04-19T16:23:45,0.029377,2.9377e-05,207042139366.58304
1978-04-19T16:36:33,0.282255,0.000282255,1989266400480.474
1978-04-19T16:36:54,0.397145,0.00039714500000000006,2798983913903.449
1978-04-19T16:36:54,0.339518,0.00033951799999999997,2392842464290.5513
1978-04-19T16:36:54,0.145768,0.000145768,1027338345344.5919
1978-04-19T16:36:54,0.119273,0.00011927300000000001,840607859504.7302
1978-04-19T16:36:54,0.250982,0.00025098199999999996,1768861702097.0056
1978-04-19T16:37:03,0.103515,0.000103515,729549207084.857
1978-04-19T16:37:26,0.177576,0.000177576,1251513597037.1497
1978-04-19T16:37:40,0.214913,0.000214913,1514655931432.429
1978-04-19T16:38:25,0.084798,8.4798e-05,597636223372.2814
1978-04-19T16:38:25,0.067301,6.7301e-05,474321510757.0686
1978-04-19T16:41:11,0.051087,5.1087e-05,360049078320.47614
1978-04-19T16:44:21,0.037953,3.7953e-05,267483756523.12784
1978-04-19T16:50:41,0.039615,3.9615e-05,279197138952.4862
1978-04-19T17:00:11,0.033442,3.3442e-05,235691296752.46863
1978-04-19T17:15:10,0.030106,3.0106000000000003e-05,212179958735.41714
1978-04-19T17:26:51,0.0313,3.13e-05,220594987989.72156
1978-04-19T17:37:29,0.035267,3.5267e-05,248553464582.54022
1978-04-19T17:48:07,0.03929,3.929e-05,276906615914.2542
1978-04-19T17:58:13,0.038329,3.8329000000000005e-05,270133715484.28235
1978-04-19T18:13:37,0.033664,3.3664e-05,237255900181.6609
1978-04-19T18:24:15,0.032672,3.2672e-05,230264519092.65756
1978-04-19T18:48:42,0.03423,3.4229999999999996e-05,241244934149.78168
1978-04-19T18:51:53,0.026171,2.6171e-05,184447010564.82434
1978-04-19T19:03:35,0.023322,2.3321999999999998e-05,164367933223.52347
1978-04-19T19:15:16,0.022059,2.2059e-05,155466608308.79446
1978-04-19T19:26:58,0.021329,2.1329000000000002e-05,150321741176.76584
1978-04-19T19:35:26,0.021151,2.1151e-05,149067239328.1342
1978-04-19T19:40:11,0.023527,2.3527e-05,165812724678.40826
1978-04-19T19:51:17,0.028502,2.8502e-05,200875346571.3432
1978-04-19T19:59:12,0.025103,2.5103e-05,176919999473.0345
1978-04-19T20:11:36,0.024391,2.4391e-05,171901992078.5079
1978-04-19T20:23:18,0.023969,2.3969e-05,168927836010.4037
1978-04-19T20:29:41,0.023885,2.3885e-05,168335823902.06064
1978-04-19T20:48:48,0.022195,2.2195e-05,156425104103.2546
1978-04-19T20:58:22,0.023491,2.3491000000000003e-05,165559005203.4041
1978-04-19T21:15:16,0.0212,2.12e-05,149412579724.6676
1978-04-19T21:18:34,0.024125,2.4125e-05,170027287068.755
1978-04-19T21:35:26,0.022075,2.2075e-05,155579372519.90744
1978-04-19T21:40:35,0.038622,3.8622e-05,272198710100.2883
1978-04-19T21:45:20,0.021313,2.1312999999999997e-05,150208976965.65283
1978-04-19T22:12:47,0.032987,3.2987e-05,232484564498.94388
1978-04-19T22:23:56,0.033185,3.3185e-05,233880021611.46674
1978-04-19T22:34:27,0.027581,2.7581000000000002e-05,194384356669.15366
1978-04-19T22:37:37,0.029401,2.9401000000000002e-05,207211285683.25247
1978-04-19T22:43:57,0.027597,2.7597e-05,194497120880.2666
1978-04-19T22:51:50,0.025727,2.5727e-05,181317803706.4398
1978-04-19T23:00:37,0.034024,3.4024e-05,239793094931.7024
1978-04-19T23:02:58,0.02381,2.381e-05,167807241662.4687
1978-04-19T23:13:22,0.022531,2.2530999999999998e-05,158793152536.62668
1978-04-19T23:25:03,0.021064,2.1064e-05,148454083930.2075
1978-04-19T23:36:45,0.020262,2.0262e-05,142801777848.17053
1978-04-19T23:48:26,0.019668,1.9668000000000002e-05,138615406510.60202
1978-04-20T00:15:06,0.019972,1.9972e-05,140757926521.7482
1978-04-20T00:26:46,0.019809,1.9809e-05,139609141121.03494
1978-04-20T00:34:14,0.02071,2.071e-05,145959175759.3333
1978-04-20T00:38:55,0.018674,1.8674e-05,131609929895.20958
1978-04-20T00:51:53,0.021007,2.1007e-05,148052361428.11758
1978-04-20T01:13:39,0.043697,4.3697e-05,307966108312.67926
1978-04-20T01:19:23,0.041172,4.1172e-05,290170506246.4158
1978-04-20T01:27:10,0.03791,3.791e-05,267180702705.76178
1978-04-20T01:50:31,0.028988,2.8988e-05,204300559483.8993
1978-04-20T02:08:05,0.031382,3.1382e-05,221172904571.6754
1978-04-20T02:18:33,0.035729,3.5728999999999996e-05,251809531178.42682
1978-04-20T02:23:13,0.032893,3.2893e-05,231822074758.65524
1978-04-20T02:33:57,0.032115,3.2115e-05,226338914993.28775
1978-04-20T02:39:00,0.031172,3.1172e-05,219692874300.81787
1978-04-20T03:03:41,0.034366,3.4366e-05,242203429944.24185
1978-04-20T03:09:55,0.037353,3.7353e-05,263255098606.39194
1978-04-20T03:19:15,0.035118,3.5118000000000005e-05,247503347866.55084
1978-04-20T03:28:54,0.039708,3.9708e-05,279852580929.58026
1978-04-20T03:40:03,0.044302,4.4302000000000004e-05,312230005045.38794
1978-04-20T03:51:38,0.044119,4.4119e-05,310940264380.78357
1978-04-20T04:03:01,0.044896,4.4896e-05,316416376382.9565
1978-04-20T04:15:06,0.044621,4.4621e-05,314478241504.4525
1978-04-20T04:26:47,0.042411,4.2411e-05,298902684844.47534
1978-04-20T04:38:28,0.040545,4.0545e-05,285751558723.42676
1978-04-20T04:47:59,0.039976,3.9976e-05,281741381465.7222
1978-04-20T04:57:20,0.318373,0.00031837300000000005,2243817511541.5854
1978-04-20T05:05:07,0.052402,5.2402e-05,369316886921.32227
1978-04-20T05:14:27,0.043501,4.3500999999999996e-05,306584746726.5455
1978-04-20T05:17:34,0.115346,0.000115346,812931293439.694
1978-04-20T05:20:41,0.052449,5.2449000000000006e-05,369648131791.4666
1978-04-20T05:25:44,0.041917,4.1917000000000005e-05,295421089826.36285
1978-04-20T05:39:22,0.036902,3.6902e-05,260076557405.64548
1978-04-20T05:45:35,0.034688,3.4688e-05,244472809692.89008
1978-04-20T05:51:13,0.031022,3.1022e-05,218635709821.6339
1978-04-20T06:09:34,0.028454,2.8454000000000002e-05,200537053938.00436
1978-04-20T06:11:55,0.031988,3.1988000000000006e-05,225443849067.57867
1978-04-20T06:22:57,0.027102,2.7102000000000002e-05,191008478098.95953
1978-04-20T06:27:37,0.024951,2.4951000000000002e-05,175848739467.46143
1978-04-20T06:32:18,0.028266,2.8266e-05,199212074457.42712
1978-04-20T06:41:38,0.0277,2.77e-05,195223040489.30624
1978-04-20T06:50:59,0.025508,2.5508e-05,179774343566.8312
1978-04-20T08:18:09,0.022172,2.2172e-05,156263005549.77975
1978-04-20T08:22:49,0.018786,1.8786e-05,132399279373.00026
1978-04-20T10:26:48,0.019972,1.9972e-05,140757926521.7482
1978-04-20T10:35:18,0.019972,1.9972e-05,140757926521.7482
1978-04-20T10:50:10,0.020284,2.0284e-05,142956828638.45084
1978-04-20T11:00:47,0.022865,2.2865e-05,161147105443.60965
1978-04-20T11:11:24,0.025209,2.5209e-05,177667062371.65784
1978-04-20T11:23:05,0.024038,2.4038e-05,169414131670.8283
1978-04-20T11:34:46,0.023069,2.3069e-05,162584849135.29987
1978-04-20T11:46:27,0.021786,2.1786e-05,153542568956.67966
1978-04-20T11:58:08,0.020707,2.0707e-05,145938032469.74963
1978-04-20T12:09:49,0.021003,2.1003000000000002e-05,148024170375.33936
1978-04-20T12:21:30,0.021774,2.1774000000000002e-05,153457995798.34494
1978-04-20T12:33:11,0.023028,2.3028e-05,162295890844.3229
1978-04-20T12:44:52,0.022429,2.2429e-05,158074280690.78162
1978-04-20T12:56:32,0.023997,2.3997e-05,169125173379.85138
1978-04-20T13:08:13,0.023223,2.3223e-05,163670204667.2621
1978-04-20T13:19:54,0.022446,2.2446e-05,158194092665.08914
1978-04-20T13:31:35,0.022972,2.2972e-05,161901216105.42758
1978-04-20T13:38:29,0.023801,2.3801e-05,167743811793.71762
1978-04-20T14:24:20,0.025383,2.5383e-05,178893373167.51123
1978-04-20T14:27:06,0.038042,3.8042e-05,268111007447.44363
1978-04-20T17:32:39,0.052131,5.2131e-05,367406943095.59656
1978-04-20T18:41:41,0.033657,3.3657e-05,237206565839.29895
1978-04-20T22:06:21,0.02689,2.6890000000000002e-05,189514352301.71286
1978-04-20T22:11:01,0.032418,3.2418e-05,228474387241.23935
1978-04-20T22:28:09,0.026924,2.6924000000000002e-05,189753976250.32788
1978-04-20T22:44:21,0.028063,2.8063000000000002e-05,197781378528.93146
1978-04-20T22:45:57,0.032485,3.2485e-05,228946587375.27487
1978-04-20T23:17:58,0.029337,2.9337e-05,206760228838.80066
1978-04-20T23:22:38,0.027008,2.7008000000000003e-05,190345988358.67093
1978-04-20T23:30:25,0.029973,2.9973e-05,211242606230.54065
1978-04-20T23:38:12,0.027599,2.7598999999999998e-05,194511216406.6557
1978-04-20T23:45:25,0.029615,2.9615e-05,208719507006.88828
1978-04-21T00:04:41,0.027316,2.7316e-05,192516699422.5953
1978-04-21T00:09:22,0.023596,2.3596e-05,166299020338.83286
1978-04-21T00:17:11,0.030983,3.0983e-05,218360847057.04605
1978-04-21T00:25:00,0.031646,3.1646e-05,223033514055.0392
1978-04-21T00:40:46,0.026332,2.6332e-05,185581700439.14847
1978-04-21T00:56:17,0.027357,2.7357e-05,192805657713.57224
1978-04-21T01:05:40,0.024135,2.4135000000000002e-05,170097764700.70062
1978-04-21T01:14:06,0.024103,2.4103e-05,169872236278.4747
1978-04-21T01:24:22,0.02356,2.356e-05,166045300863.82874
1978-04-21T01:36:04,0.021991,2.1991e-05,154987360411.5644
1978-04-21T01:47:46,0.021025,2.1025e-05,148179221165.61963
1978-04-21T01:59:28,0.020494,2.0493999999999997e-05,144436858909.30835
1978-04-21T02:11:10,0.02089,2.0889999999999998e-05,147227773134.35406
1978-04-21T02:22:52,0.020748,2.0748e-05,146226990760.7266
1978-04-21T02:34:34,0.020173,2.0173e-05,142174526923.8547
1978-04-21T02:45:44,0.020179,2.0179e-05,142216813503.02206
1978-04-21T03:04:21,0.022306,2.2306e-05,157207405817.85074
1978-04-21T03:16:03,0.022546,2.2546e-05,158898868984.54507
1978-04-21T03:27:44,0.024031,2.4031e-05,169364797328.4664
1978-04-21T03:39:26,0.024258,2.4258e-05,170964639573.63147
1978-04-21T03:51:08,0.022982,2.2981999999999998e-05,161971693737.37317
1978-04-21T04:03:01,0.023237,2.3237e-05,163768873351.9859
1978-04-21T04:09:13,0.027726,2.7726000000000002e-05,195406282332.36484
1978-04-21T04:11:43,0.036882,3.6882e-05,259935602141.75424
1978-04-21T04:14:51,0.042706,4.2706e-05,300981774986.87054
1978-04-21T04:19:32,0.049452,4.945200000000001e-05,348525985497.3709
1978-04-21T04:24:14,0.029307,2.9307e-05,206548795942.96384
1978-04-21T04:27:21,0.047435,4.7434999999999996e-05,334310647133.9438
1978-04-21T04:32:03,0.028707,2.8707e-05,202320138026.228
1978-04-21T04:35:10,0.036143,3.6143e-05,254727305140.9746
1978-04-21T04:38:18,0.028712,2.8712000000000002e-05,202355376842.2008
1978-04-21T04:44:33,0.056111,5.6111000000000005e-05,395457040609.9446
1978-04-21T04:52:22,0.043657,4.3657e-05,307684197784.89685
1978-04-21T05:06:03,0.037434,3.7434e-05,263825967425.15128
1978-04-21T05:10:26,0.030989,3.0989e-05,218403133636.2134
1978-04-21T05:20:28,0.026636,2.6636e-05,187724220450.29462
1978-04-21T05:29:54,0.028755,2.8754999999999998e-05,202658430659.56683
1978-04-21T05:34:35,0.025901,2.5901e-05,182544114502.2932
1978-04-21T05:43:52,0.025179,2.5179e-05,177455629475.82104
1978-04-21T05:55:34,0.023594,2.3594e-05,166284924812.44376
1978-04-21T06:07:57,0.023897,2.3897000000000002e-05,168420397060.3954
1978-04-21T06:12:07,0.02761,2.7609999999999998e-05,194588741801.79587
1978-04-21T06:19:56,0.021936,2.1936e-05,154599733435.86362
1978-04-21T06:27:45,0.028803,2.8803e-05,202996723292.9057
1978-04-21T06:30:52,0.041987,4.1986999999999996e-05,295914433249.982
1978-04-21T06:32:26,0.023861,2.3861e-05,168166677585.39124
1978-04-21T06:37:08,0.038622,3.8622e-05,272198710100.2883
1978-04-21T06:40:15,0.023866,2.3865999999999998e-05,168201916401.364
1978-04-21T06:44:57,0.027064,2.7064e-05,190740663097.56625
1978-04-21T06:51:12,0.026508,2.6508e-05,186822106761.391
1978-04-21T06:55:53,0.022424,2.2424e-05,158039041874.8088
1978-04-22T06:40:31,0.035347,3.5347000000000006e-05,249117285638.10504
1978-04-22T07:19:53,0.054705,5.4705e-05,385547885558.39343
1978-04-22T07:23:20,0.043806,4.3806e-05,308734314500.8863
1978-04-22T07:32:03,0.040787,4.0787e-05,287457117416.51025
1978-04-22T07:42:14,0.038788,3.8788e-05,273368638790.58524
1978-04-22T07:50:45,0.039929,3.9929e-05,281410136595.57794
1978-04-22T08:03:23,0.041626,4.1626000000000004e-05,293370190736.7459
1978-04-22T08:08:27,0.029369,2.9369e-05,206985757261.02655
1978-04-22T08:13:12,0.034776,3.4776e-05,245093012854.01135
1978-04-22T08:24:19,0.031959,3.1959000000000004e-05,225239463934.93643
1978-04-22T08:30:39,0.036277,3.6277e-05,255671705409.0456
1978-04-22T08:37:00,0.032641,3.2641e-05,230046038433.6262
1978-04-22T08:44:56,0.036277,3.6277e-05,255671705409.0456
1978-04-22T08:51:16,0.033338,3.3338e-05,234958329380.23438
1978-04-22T08:59:12,0.037843,3.7843000000000003e-05,266708502571.72626
1978-04-22T09:07:08,0.033338,3.3338e-05,234958329380.23438
1978-04-22T09:13:28,0.036277,3.6277e-05,255671705409.0456
1978-04-22T09:19:49,0.032641,3.2641e-05,230046038433.6262
1978-04-22T09:41:25,0.030759,3.0759e-05,216782148101.4647
1978-04-22T09:53:07,0.033338,3.3338e-05,234958329380.23438
1978-04-22T09:59:28,0.033338,3.3338e-05,234958329380.23438
1978-04-22T10:05:08,0.034722,3.4722000000000004e-05,244712433641.50516
1978-04-22T10:23:15,0.042956,4.2956e-05,302743715785.51044
1978-04-22T10:28:01,0.035519,3.5519e-05,250329500907.5693
1978-04-22T10:39:52,0.041217,4.1216999999999995e-05,290487655590.17096
1978-04-22T10:51:48,0.039476,3.9476e-05,278217499868.4424
1978-04-22T10:59:44,0.047742,4.7742e-05,336474310434.67365
1978-04-22T11:10:48,0.038021,3.8021e-05,267963004420.35788
1978-04-22T11:22:30,0.036227,3.6227000000000004e-05,255319317249.31766
1978-04-22T11:34:05,0.034407,3.4407e-05,242492388235.21878
1978-04-22T11:45:55,0.035011,3.5011e-05,246749237204.7329
1978-04-22T11:53:39,0.037843,3.7843000000000003e-05,266708502571.72626
1978-04-22T12:00:00,0.034049,3.4049000000000006e-05,239969289011.56644
1978-04-22T12:14:16,0.040319,4.0319000000000005e-05,284158764241.4563
1978-04-22T12:26:21,0.035283,3.5283e-05,248666228793.65317
1978-04-22T12:38:03,0.035694,3.5693999999999994e-05,251562859466.61722
1978-04-22T12:49:45,0.03148,3.1480000000000004e-05,221863585364.7423
1978-04-22T13:07:51,0.031037,3.1037e-05,218741426269.5523
1978-04-22T13:20:28,0.030906,3.0906e-05,217818169291.06494
1978-04-22T13:25:56,0.037263,3.7263e-05,262620799918.88156
1978-04-22T13:30:03,0.031686,3.1686e-05,223315424582.8216
1978-04-22T13:42:58,0.033231,3.3230999999999994e-05,234204218718.41644
1978-04-22T13:54:40,0.034011,3.4011000000000004e-05,239701474010.17316
1978-04-22T14:02:07,0.034489,3.4489e-05,243070304817.17273
1978-04-22T14:13:12,0.043873,4.3873000000000005e-05,309206514634.9218
1978-04-22T14:17:58,0.038651,3.8651e-05,272403095232.93054
1978-04-22T14:25:54,0.04481,4.4810000000000006e-05,315810268748.22437
1978-04-22T14:32:14,0.038651,3.8651e-05,272403095232.93054
1978-04-22T14:33:49,0.049802,4.9802e-05,350992702615.4668
1978-04-22T14:41:29,0.038242,3.8242e-05,269520560086.3556
1978-04-22T14:53:11,0.034741,3.4741000000000005e-05,244846341142.20178
1978-04-22T15:04:54,0.034899,3.4899e-05,245959887726.9422
1978-04-22T15:16:36,0.038663,3.8663000000000006e-05,272487668391.26532
1978-04-22T15:19:47,0.045105,4.5105e-05,317889358890.61945
1978-04-22T15:24:34,0.034776,3.4776e-05,245093012854.01135
1978-04-22T15:32:30,0.037843,3.7843000000000003e-05,266708502571.72626
1978-04-22T15:40:00,0.034011,3.4011000000000004e-05,239701474010.17316
1978-04-22T15:51:43,0.03412,3.412e-05,240469680198.38013
1978-04-22T16:03:25,0.034055,3.4055000000000005e-05,240011575590.73376
1978-04-22T16:12:28,0.034003,3.4003e-05,239645091904.61664
1978-04-22T16:58:45,0.031827,3.1827e-05,224309159193.25452
1978-04-22T17:10:50,0.030636,3.0636e-05,215915273228.53384
1978-04-22T17:14:00,0.173194,0.000173194,1220630298718.5889
1978-04-22T17:21:56,0.031959,3.1959000000000004e-05,225239463934.93643
1978-04-22T17:33:52,0.031766,3.1766e-05,223879245638.38638
1978-04-22T17:45:34,0.031238,3.1238e-05,220158026671.6588
1978-04-22T17:57:16,0.030957,3.0957e-05,218177605213.98752
1978-04-22T18:09:33,0.032088,3.2088e-05,226148625387.03464
1978-04-22T18:15:51,0.038651,3.8651e-05,272403095232.93054
1978-04-22T18:20:37,0.033338,3.3338e-05,234958329380.23438
1978-04-22T18:31:19,0.032136,3.2136e-05,226486918020.3735
1978-04-22T18:43:02,0.032954,3.2953999999999997e-05,232251988313.52338
1978-04-22T18:54:44,0.034764,3.4764e-05,245008439695.67664
1978-04-22T19:06:26,0.035124,3.5124000000000005e-05,247545634445.7182
1978-04-22T19:18:09,0.033814,3.3814e-05,238313064660.84482
1978-04-22T19:29:51,0.033945,3.3945e-05,239236321639.33218
1978-04-22T19:41:33,0.034741,3.4741000000000005e-05,244846341142.20178
1978-04-22T19:52:59,0.038448,3.8448e-05,270972399304.43494
1978-04-22T19:58:56,0.042058,4.2057999999999996e-05,296414824436.7958
1978-04-22T20:04:58,0.038242,3.8242e-05,269520560086.3556
1978-04-22T20:15:57,0.039553,3.9553e-05,278760177634.42346
1978-04-22T20:21:08,0.04481,4.4810000000000006e-05,315810268748.22437
1978-04-22T20:27:29,0.056532,5.6532e-05,398424148914.85425
1978-04-22T20:37:57,0.053083,5.3083e-05,374116413656.8175
1978-04-22T20:49:39,0.045684,4.5684000000000005e-05,321970013780.2696
1978-04-22T21:01:21,0.041609,4.1609e-05,293250378762.4385
1978-04-22T21:19:27,0.038988,3.8988e-05,274778191429.49722
1978-04-22T21:31:09,0.037245,3.7245e-05,262493940181.3795
1978-04-22T21:42:51,0.035856,3.5856e-05,252704597104.13593
1978-04-22T21:54:34,0.034363,3.4362999999999996e-05,242182286654.65814
1978-04-22T22:06:16,0.034011,3.4011000000000004e-05,239701474010.17316
1978-04-22T22:17:58,0.033489,3.3489e-05,236022541622.6129
1978-04-22T22:29:41,0.032616,3.2616e-05,229869844353.76224
1978-04-22T22:42:35,0.031213,3.1213e-05,219981832591.79483
1978-04-22T22:53:05,0.031827,3.1827e-05,224309159193.25452
1978-04-22T23:04:47,0.0327,3.27e-05,230461856462.10526
1978-04-22T23:16:30,0.033619,3.3619000000000005e-05,236938750837.9057
1978-04-22T23:28:12,0.033619,3.3619000000000005e-05,236938750837.9057
1978-04-22T23:39:54,0.034831,3.4831e-05,245480639829.71216
1978-04-22T23:51:05,0.037118,3.7118e-05,261598874255.6704
1978-04-23T00:07:26,0.037554,3.7554e-05,264671699008.49847
1978-04-23T00:15:49,0.038312,3.8312e-05,270013903509.9748
1978-04-23T00:18:59,0.053887,5.3887e-05,379782815265.2436
1978-04-23T00:25:19,0.038312,3.8312e-05,270013903509.9748
1978-04-23T01:29:49,0.037932,3.7932e-05,267335753496.04208
1978-04-23T01:41:55,0.036685,3.6685000000000005e-05,258547192792.42606
1978-04-23T01:53:36,0.035489,3.5489e-05,250118068011.73248
1978-04-23T02:02:48,0.035381,3.5381000000000006e-05,249356909586.72006
1978-04-23T03:19:23,0.041723,4.172300000000001e-05,294053823766.6183
1978-04-23T03:35:32,0.036925,3.6925e-05,260238655959.12036
1978-04-23T03:47:13,0.037384,3.7384e-05,263473579265.4233
1978-04-23T03:58:53,0.037922,3.7922e-05,267265275864.09647
1978-04-23T04:10:02,0.038838,3.8837999999999996e-05,273721026950.3132
1978-04-23T04:25:26,0.045911,4.5911e-05,323569856025.4347
1978-04-23T04:36:22,0.05271,5.271e-05,371487597985.24664
1978-04-23T04:40:05,0.065285,6.5285e-05,460113220156.836
1978-04-23T04:51:09,0.077426,7.7426e-05,545680113101.9865
1978-04-23T04:54:19,0.367126,0.000367126,2587417110565.9585
1978-04-23T05:08:40,0.1567,0.00015670000000000001,1104384492587.5195
1978-04-23T05:14:41,0.185284,0.000185284,1305837755740.8167
1978-04-23T05:16:29,0.210899,0.00021089900000000001,1486366209969.4658
1978-04-23T05:22:48,0.278256,0.000278256,1961082395465.4297
1978-04-23T05:29:08,0.323042,0.000323042,2276723517896.985
1978-04-23T05:35:28,0.391375,0.00039137499999999996,2758318320270.839
1978-04-23T05:41:48,0.484379,0.000484379,3413788488417.678
1978-04-23T05:48:07,0.391375,0.00039137499999999996,2758318320270.839
1978-04-23T05:57:37,0.538867,0.000538867,3797807009362.8516
1978-04-23T06:05:32,0.599484,0.0005994840000000001,4225021270927.4834
1978-04-23T06:11:52,0.550479,0.0005504790000000001,3879645635578.081
1978-04-23T06:16:36,0.918254,0.0009182540000000001,6471636744457.309
1978-04-23T06:38:46,0.63908,0.00063908,4504084502379.272
1978-04-23T06:43:30,0.843191,0.0008431910000000001,5942610495784.066
1978-04-23T06:45:05,0.550479,0.0005504790000000001,3879645635578.081
1978-04-23T07:15:09,0.586838,0.000586838,4135895257569.0796
1978-04-23T07:19:54,0.375037,0.000375037,2643171965198.121
1978-04-23T07:23:04,0.586838,0.000586838,4135895257569.0796
1978-04-23T07:30:59,0.516372,0.0005163720000000001,3639267576301.23
1978-04-23T07:48:23,0.550479,0.0005504790000000001,3879645635578.081
1978-04-23T07:56:18,0.454368,0.000454368,3202278067185.744
1978-04-23T08:02:38,0.516372,0.0005163720000000001,3639267576301.23
1978-04-23T08:12:07,0.474161,0.000474161,3341774444095.666
1978-04-23T08:15:50,0.730747,0.000730747,5150131811134.985
1978-04-23T08:23:12,0.330003,0.000330003,2325782997494.3154
1978-04-23T08:27:57,0.464159,0.000464159,3271282716623.6787
1978-04-23T08:32:42,0.202095,0.000202095,1424317702804.5615
1978-04-23T09:56:34,0.278256,0.000278256,1961082395465.4297
1978-04-23T10:02:54,0.224829,0.000224829,1584541551269.6838
1978-04-23T10:10:48,0.25551,0.00025551,1800773973841.973
1978-04-23T10:22:10,0.230722,0.00023072200000000002,1626074019775.2246
1978-04-23T10:33:51,0.230872,0.000230872,1627131184254.4084
1978-04-23T10:45:32,0.217184,0.00021718399999999999,1530661401647.274
1978-04-23T10:58:12,0.212831,0.000212831,1499982488461.3552
1978-04-23T11:04:07,0.220055,0.000220055,1550895529778.8552
1978-04-23T11:15:41,0.193659,0.000193659,1364862772495.255
1978-04-23T11:18:51,0.170405,0.000170405,1200974087168.9617
1978-04-23T11:25:12,0.196694,0.00019669400000000002,1386252733790.7441
1978-04-23T11:28:55,0.524796,0.000524796,3698637933452.2007
1978-04-23T11:44:10,0.202095,0.000202095,1424317702804.5615
1978-04-23T11:48:55,0.170405,0.000170405,1200974087168.9617
1978-04-23T12:03:42,0.168797,0.00016879700000000002,1189641283952.1094
1978-04-23T12:14:14,0.140653,0.000140653,991289036604.4186
1978-04-23T12:26:10,0.150295,0.00015029500000000002,1059243569326.3643
1978-04-23T12:34:54,0.420689,0.00042068899999999997,2964916450556.164
1978-04-23T12:38:52,0.13903,0.00013903,979850516939.648
1978-04-23T12:48:42,0.135725,0.000135725,956557659581.6279
1978-04-23T13:00:22,0.141768,0.00014176800000000002,999147292566.3528
1978-04-23T13:12:03,0.136078,0.000136078,959045519989.3076
1978-04-23T13:23:44,0.131127,0.000131127,924152044413.042
1978-04-23T13:35:25,0.128511,0.000128511,905715095896.0735
1978-04-23T13:47:05,0.128594,0.00012859400000000002,906300060241.2222
1978-04-23T13:55:03,0.128052,0.000128052,902480172589.7705
1978-04-23T14:10:27,0.121759,0.00012175900000000001,858128598806.4059
1978-04-23T14:22:08,0.118942,0.00011894200000000001,838275049887.331
1978-04-23T14:33:48,0.116417,0.00011641700000000001,820479447821.0675
1978-04-23T14:45:29,0.113649,0.00011364900000000001,800971239298.526
1978-04-23T15:01:58,0.113646,0.000113646,800950096008.9423
1978-04-23T15:17:48,0.111249,0.000111249,784056607631.5824
1978-04-23T15:27:17,0.080799,8.0799e-05,569452218357.2367
1978-04-23T15:32:02,0.116095,0.000116095,818210068072.4192
1978-04-23T15:35:12,0.065285,6.5285e-05,460113220156.836
1978-04-23T15:41:32,0.1,0.0001,704776319455.9794
1978-04-23T15:46:17,0.086136,8.6136e-05,607066130526.6023
1978-04-23T15:51:01,0.102155,0.000102155,719964249140.2556
1978-04-23T15:58:13,0.102001,0.000102001,718878893608.2933
1978-04-23T16:15:44,0.096724,9.6724e-05,681687847230.6014
1978-04-23T16:27:25,0.09236,9.236e-05,650931408649.5425
1978-04-23T16:39:05,0.089,8.9e-05,627250924315.8215
1978-04-23T16:51:13,0.087285,8.7285e-05,615164010437.1516
1978-04-23T17:02:27,0.082641,8.264100000000001e-05,582434198161.616
1978-04-23T17:14:08,0.080677,8.0677e-05,568592391247.5004
1978-04-23T17:25:48,0.079946,7.994600000000001e-05,563440476352.2772
1978-04-23T17:37:03,0.091825,9.182500000000001e-05,647160855340.453
1978-04-23T17:49:10,0.078045,7.8045e-05,550042678519.4191
1978-04-23T18:00:51,0.07759,7.759000000000001e-05,546835946265.89435
1978-04-23T18:12:31,0.076937,7.693700000000001e-05,542233756899.84686
1978-04-23T18:23:08,0.078079,7.8079e-05,550282302468.034
1978-04-23T18:44:23,0.080992,8.0992e-05,570812436653.7867
1978-04-23T18:56:03,0.078401,7.8401e-05,552551682216.6823
1978-04-23T19:05:05,0.077522,7.7522e-05,546356698368.66425
1978-04-23T19:19:25,0.075696,7.5696e-05,533487482775.3981
1978-04-23T19:31:06,0.075205,7.5205e-05,530027031046.86914
1978-04-23T19:42:46,0.076488,7.6488e-05,539069311225.4895
1978-04-23T19:54:27,0.079998,7.9998e-05,563806960038.3944
1978-04-23T20:06:08,0.076239,7.6239e-05,537314418190.04407
1978-04-23T20:15:54,0.075049,7.5049e-05,528927579988.51794
1978-04-23T20:24:48,0.170364,0.000170364,1200685128877.9846
1978-04-23T20:34:32,0.391861,0.000391861,2761743533183.395
1978-04-23T20:40:06,0.445463,0.000445463,3139517735938.189
1978-04-23T20:53:54,0.354839,0.000354839,2500821244194.403
1978-04-23T21:03:28,0.320046,0.000320046,2255608419366.0835
1978-04-23T21:11:26,0.274532,0.000274532,1934836525328.8892
1978-04-23T21:19:23,0.232206,0.000232206,1636532900355.9512
1978-04-23T21:26:25,0.194475,0.00019447500000000002,1370613747262.0159
1978-04-23T21:38:30,0.169196,0.000169196,1192453341466.7388
1978-04-23T21:50:11,0.14693,0.00014693,1035527846176.6704
1978-04-23T22:01:52,0.139573,0.00013957300000000001,983677452354.2941
1978-04-23T22:08:14,0.134146,0.000134146,945429241497.418
1978-04-23T22:26:45,0.108008,0.00010800800000000001,761214807118.0142
1978-04-23T22:31:23,0.444783,0.000444783,3134725256965.888
1978-04-23T22:35:58,0.109799,0.000109799,773837350999.4706
1978-04-23T22:53:32,0.093804,9.3804e-05,661108378702.4868
1978-04-24T01:49:38,0.058263,5.8263e-05,410623827004.6372
1978-04-24T02:05:42,0.055749,5.5749000000000004e-05,392905750333.5139
1978-04-24T02:15:36,0.057409,5.7409000000000005e-05,404605037236.48315
1978-04-24T02:26:28,0.05701,5.701e-05,401792979721.85376
1978-04-24T02:43:07,0.060651,6.0651e-05,427453885513.246
1978-04-24T02:58:33,0.050248,5.0248000000000004e-05,354136005000.2405
1978-04-24T03:16:55,0.052035,5.2035e-05,366730357828.9188
1978-04-24T03:21:50,0.452699,0.00045269900000000004,3190515350414.024
1978-04-24T03:35:36,0.061504,6.1504e-05,433465627518.2055
1978-04-24T03:42:51,0.055153,5.5153e-05,388705283469.5563
1978-04-24T03:55:52,0.054385,5.4385e-05,383292601336.13434
1978-04-24T04:04:46,0.052705,5.2705000000000004e-05,371452359169.2739
1978-04-24T04:17:28,0.051095,5.1095000000000005e-05,360105460426.03265
1978-04-24T04:28:37,0.051076,5.1076000000000004e-05,359971552925.33606
1978-04-24T04:43:46,0.051002,5.1002e-05,359450018448.93854
1978-04-24T04:43:51,0.042312,4.2312000000000004e-05,298204956288.214
1978-04-24T04:56:10,0.056594,5.6594e-05,398861110232.91693
1978-04-24T05:04:50,0.066084,6.6084e-05,465744382949.28937
1978-04-24T05:14:05,0.057085,5.7085e-05,402321561961.44574
1978-04-24T05:20:24,0.066099,6.6099e-05,465850099397.20776
1978-04-24T05:29:52,0.056716,5.6716000000000004e-05,399720937342.65326
1978-04-24T05:38:57,0.053629,5.3629000000000004e-05,377964492361.0472
1978-04-24T05:47:21,0.134727,0.000134727,949523991913.4573
1978-04-24T05:49:47,0.04933,4.933e-05,347666158387.6346
1978-04-24T05:54:34,0.058326,5.8326000000000004e-05,411067836085.89453
1978-04-24T06:06:58,0.053651,5.3651e-05,378119543151.32745
1978-04-24T06:16:14,0.048326,4.8326000000000005e-05,340590204140.2966
1978-04-24T06:21:23,0.098471,9.8471e-05,694000289531.4973
1978-04-24T06:24:05,0.052553,5.2553e-05,370381099163.7008
1978-04-24T06:29:34,0.176972,0.00017697199999999999,1247256748067.6355
1978-04-24T06:34:32,0.05237,5.237e-05,369091358499.0964
1978-04-24T06:38:16,0.069003,6.900299999999999e-05,486316803714.2093
1978-04-24T06:45:51,0.050414,5.0414e-05,355305933690.5374
1978-04-24T06:52:12,0.060871,6.0871e-05,429004393416.04913
1978-04-24T06:58:16,0.048356,4.8356e-05,340801637036.13336
1978-04-24T13:58:43,0.048259,4.825900000000001e-05,340118004006.2611
1978-04-24T14:11:15,0.045922,4.5922e-05,323647381420.57477
1978-04-24T14:22:52,0.04288,4.288e-05,302208085782.72394
1978-04-24T14:34:33,0.043787,4.3787e-05,308600407000.18964
1978-04-24T14:42:11,0.048683,4.8683e-05,343106255600.7544
1978-04-24T14:48:20,0.042941,4.2941e-05,302637999337.5921
1978-04-24T14:57:56,0.04713,4.713e-05,332161079359.603
1978-04-24T15:09:35,0.045842,4.5842e-05,323083560365.01
1978-04-24T15:21:13,0.043901,4.3901000000000005e-05,309403852004.36945
1978-04-24T15:32:51,0.042262,4.2262e-05,297852568128.48596
1978-04-24T15:44:29,0.040709,4.0709000000000006e-05,286907391887.33466
1978-04-24T15:55:43,0.038662,3.8662000000000004e-05,272480620628.07074
1978-04-24T16:03:00,0.037612,3.7612e-05,265080469273.78293
1978-04-24T16:16:58,0.037136,3.7136000000000005e-05,261725733993.17252
1978-04-24T16:37:49,0.037408,3.7408e-05,263642725582.0927
1978-04-24T16:49:05,0.035678,3.5678e-05,251450095255.5043
1978-04-24T17:00:46,0.036079,3.6079e-05,254276248296.52277
1978-04-24T17:12:26,0.03632,3.632e-05,255974759226.41165
1978-04-24T17:24:06,0.036943,3.6942999999999995e-05,260365515696.62238
1978-04-24T17:35:46,0.037022,3.7022e-05,260922288988.99265
1978-04-24T17:47:25,0.035777,3.5777000000000007e-05,252147823811.76578
1978-04-24T17:59:05,0.035853,3.5853000000000004e-05,252683453814.55228
1978-04-24T18:10:43,0.03438,3.438e-05,242302098628.9657
1978-04-24T18:22:22,0.033549,3.3549e-05,236445407414.2865
1978-04-24T18:34:03,0.034795,3.4795e-05,245226920354.708
1978-04-24T18:43:27,0.038515,3.8515e-05,271444599438.47043
1978-04-24T18:52:16,0.045487,4.5487e-05,320581604430.9413
1978-04-24T19:03:24,0.045294,4.5294000000000004e-05,319221386134.3913
1978-04-24T19:29:15,0.037445,3.7445e-05,263903492820.29144
1978-04-24T19:40:53,0.035559,3.5559e-05,250611411435.3517
1978-04-24T19:53:29,0.029933,2.9933000000000003e-05,210960695702.7583
1978-04-24T19:53:41,0.033924,3.3924e-05,239088318612.24643
1978-04-24T20:04:13,0.036058,3.6058e-05,254128245269.437
1978-04-24T20:13:30,0.032185,3.2185e-05,226832258416.90692
1978-04-24T20:18:14,0.035738,3.5738e-05,251872961047.1779
1978-04-24T20:27:31,0.034005,3.4005000000000004e-05,239659187431.00577
1978-04-24T20:38:17,0.033492,3.3492000000000004e-05,236043684912.19662
1978-04-24T20:50:17,0.032985,3.2985000000000004e-05,232470468972.55478
1978-04-24T21:01:58,0.033286,3.3286000000000006e-05,234591845694.1173
1978-04-24T21:18:51,0.030895,3.0895e-05,217740643895.92484
1978-04-24T21:23:36,0.035031,3.5031e-05,246890192468.62408
1978-04-24T23:10:50,0.034642,3.4642e-05,244148612585.94034
1978-04-24T23:22:29,0.034335,3.4334999999999996e-05,241984949285.21048
1978-04-24T23:34:10,0.035015,3.5014999999999996e-05,246777428257.51114
1978-04-24T23:42:14,0.038975,3.8975000000000005e-05,274686570507.96796
1978-04-24T23:46:49,0.034377,3.4377e-05,242280955339.382
1978-04-24T23:55:22,0.034048,3.4048e-05,239962241248.37183
1978-04-25T00:07:49,0.034288,3.4288e-05,241653704415.0662
1978-04-25T00:16:28,0.034456,3.4456000000000003e-05,242837728631.75226
1978-04-25T00:36:43,0.036454,3.6454e-05,256919159494.4827
1978-04-25T00:48:34,0.037694,3.7694e-05,265658385855.73685
1978-04-25T00:59:14,0.037564,3.7564e-05,264742176640.44406
1978-04-25T01:05:39,0.038688,3.8688e-05,272663862471.12927
1978-04-25T01:10:31,0.047791,4.7791000000000004e-05,336819650831.2071
1978-04-25T01:32:44,0.045899,4.5899e-05,323485282867.0999
1978-04-25T01:44:56,0.042759,4.2759e-05,301355306436.1822
1978-04-25T01:56:37,0.041754,4.1754e-05,294272304425.6496
1978-04-25T02:05:38,0.040265,4.0265e-05,283778185028.9501
1978-04-25T02:17:52,0.039798,3.9798e-05,280486879617.09064
1978-04-25T02:29:15,0.034853,3.4853e-05,245635690619.99246
1978-04-25T02:35:40,0.040411,4.0411e-05,284807158455.3558
1978-04-25T02:44:28,0.040021,4.0021e-05,282058530809.4775
1978-04-25T03:12:04,0.043243,4.3243e-05,304766423822.34906
1978-04-25T03:23:48,0.038088,3.8088e-05,268435204554.39337
1978-04-25T03:35:43,0.043093,4.3093e-05,303709259343.16516
1978-04-25T03:38:46,0.037171,3.7171e-05,261972405704.9821
1978-04-25T03:47:45,0.038502,3.8502000000000005e-05,271352978516.9412
1978-04-25T04:04:16,0.039851,3.9850999999999995e-05,280860411066.4023
1978-04-25T04:15:58,0.039832,3.9832e-05,280726503565.7057
1978-04-25T04:29:23,0.042225,4.2224999999999996e-05,297591800890.28723
1978-04-25T04:37:11,0.036425,3.6425e-05,256714774361.84045
1978-04-25T04:40:24,0.039638,3.9638e-05,279359237505.9611
1978-04-25T04:51:06,0.040969,4.0969e-05,288739810317.92017
1978-04-25T04:59:39,0.061787,6.1787e-05,435460144502.26587
1978-04-25T05:07:45,0.052288,5.2288000000000005e-05,368513441917.14246
1978-04-25T05:11:11,0.046906,4.6906e-05,330582380404.02167
1978-04-25T05:18:21,0.043157,4.3157e-05,304160316187.61694
1978-04-25T05:33:24,0.041382,4.1382000000000005e-05,291650536517.2734
1978-04-25T05:43:25,0.03837,3.837e-05,270422673775.25925
1978-04-25T05:55:55,0.036271,3.6271e-05,255629418829.87823
1978-04-25T06:08:24,0.035719,3.5719e-05,251739053546.48126
1978-04-25T06:19:17,0.034054,3.4054e-05,240004527827.5392
1978-04-25T06:27:47,0.033656,3.3656e-05,237199518076.1044
1978-04-25T16:25:19,0.112758,0.000112758,794691682292.1731
1978-04-25T16:43:50,0.075046,7.5046e-05,528906436698.93427
1978-04-25T17:37:12,0.037631,3.7631e-05,265214376774.47955
1978-04-25T18:50:25,0.03254,3.254e-05,229334214350.97562
1978-04-25T21:23:31,0.080772,8.077199999999999e-05,569261928750.9835
1978-04-25T21:27:59,0.037899,3.7899000000000004e-05,267103177310.6216
1978-04-25T21:51:19,0.034323,3.4323e-05,241900376126.8758
1978-04-25T22:03:20,0.036655,3.6655e-05,258335759896.58923
1978-04-25T22:12:29,0.051437,5.1436999999999996e-05,362515795438.572
1978-04-25T22:21:40,0.037607,3.7607e-05,265045230457.81015
1978-04-25T22:34:02,0.037005,3.7005e-05,260802477014.68515
1978-04-25T22:49:50,0.037804,3.7804e-05,266433639807.13843
1978-04-25T22:53:03,0.041139,4.1139e-05,289937930060.99536
1978-04-25T22:57:44,0.037808,3.7808e-05,266461830859.91666
1978-04-25T23:05:43,0.042922,4.2922e-05,302504091836.89545
1978-04-25T23:18:40,0.039624,3.9624e-05,279260568821.23724
1978-04-25T23:30:22,0.039197,3.9197000000000004e-05,276251173937.1602
1978-04-25T23:42:57,0.037248,3.7248000000000007e-05,262515083470.96323
1978-04-25T23:49:59,0.035958,3.5958e-05,253423468949.98102
1978-04-26T00:03:41,0.037959,3.7959e-05,267526043102.2952
1978-04-26T00:15:18,0.044224,4.4224e-05,311680279516.2123
1978-04-26T00:41:21,0.04674,4.6739999999999996e-05,329412451713.7247
1978-04-26T00:53:03,0.043193,4.3193000000000005e-05,304414035662.6212
1978-04-26T01:04:45,0.040251,4.0251000000000005e-05,283679516344.22626
1978-04-26T01:16:27,0.039523,3.9523e-05,278548744738.5867
1978-04-26T01:26:59,0.039269,3.9269e-05,276758612887.1685
1978-04-26T01:31:39,0.044471,4.4470999999999995e-05,313421077025.2685
1978-04-26T01:39:51,0.040101,4.0101e-05,282622351865.0423
1978-04-26T01:50:43,0.038397,3.8397e-05,270612963381.51236
1978-04-26T01:58:03,0.038446,3.8446000000000004e-05,270958303778.0458
1978-04-26T02:02:43,0.047305,4.7305e-05,333394437918.651
1978-04-26T02:08:55,0.041765,4.1765e-05,294349829820.78973
1978-04-26T02:18:08,0.03931,3.931e-05,277047571178.14545
1978-04-26T02:27:43,0.038494,3.8494e-05,271296596411.38467
1978-04-26T02:42:04,0.038688,3.8688e-05,272663862471.12927
1978-04-26T02:48:59,0.046414,4.6414e-05,327114880912.2982
1978-04-26T03:00:59,0.047804,4.7804e-05,336911271752.7363
1978-04-26T03:04:38,0.059634,5.9634e-05,420286310344.37866
1978-04-26T03:13:27,0.063334,6.3334e-05,446363034164.24994
1978-04-26T03:25:35,0.055506,5.5506e-05,391193143877.2359
1978-04-26T03:37:28,0.068624,6.862400000000001e-05,483645701463.4713
1978-04-26T03:48:20,0.060584,6.0584e-05,426981685379.2105
1978-04-26T03:57:40,0.053486,5.3486e-05,376956662224.2251
1978-04-26T04:06:59,0.063133,6.3133e-05,444946433762.1433
1978-04-26T04:14:45,0.052375,5.2375e-05,369126597315.06915
1978-04-26T04:23:38,0.05507,5.507e-05,388120319124.40784
1978-04-26T04:36:30,0.072968,7.296800000000001e-05,514261184780.63904
1978-04-26T04:45:27,0.064721,6.4721e-05,456138281715.1044
1978-04-26T04:55:08,0.056874,5.6874000000000005e-05,400834483927.3937
1978-04-26T05:01:21,0.065756,6.5756e-05,463432716621.47375
1978-04-26T05:09:07,0.053431,5.3431e-05,376569035248.52423
1978-04-26T05:16:53,0.048162,4.8162000000000004e-05,339434370976.3888
1978-04-26T05:21:33,0.052325,5.2325000000000005e-05,368774209155.3412
1978-04-26T05:35:21,0.053914,5.3914e-05,379973104871.49664
1978-04-26T05:45:52,0.06322,6.322e-05,445559589160.07007
1978-04-26T05:58:18,0.071245,7.1245e-05,502117888796.4124
1978-04-26T06:09:31,0.066521,6.6521e-05,468824255465.31195
1978-04-26T06:20:38,0.055872,5.5871999999999996e-05,393772625206.4447
1978-04-26T06:31:22,0.053775,5.3775000000000006e-05,378993465787.4529
1978-04-26T06:38:28,0.066646,6.6646e-05,469705225864.63196
1978-04-26T06:46:01,0.076411,7.641100000000001e-05,538526633459.5084
1978-04-26T07:01:42,0.096068,9.6068e-05,677064514574.9702
1978-04-26T07:13:23,0.103587,0.000103587,730056646034.8652
1978-04-26T07:18:03,0.141388,0.00014138800000000002,996469142552.4202
1978-04-26T07:27:22,0.119752,0.000119752,843983738074.9243
1978-04-26T07:35:08,0.091436,9.143600000000001e-05,644419275457.7693
1978-04-26T07:38:15,0.10355,0.00010355000000000001,729795878796.6666
1978-04-26T07:47:34,0.114852,0.000114852,809449698421.5813
1978-04-26T07:53:47,0.101402,0.000101402,714657283454.7521
1978-04-26T08:03:06,0.051132,5.1132e-05,360366227664.2313
1978-04-26T08:13:22,0.047345,4.7345e-05,333676348446.4334
1978-04-26T08:24:12,0.045923,4.5923e-05,323654429183.76935
1978-04-26T08:29:30,0.060339,6.0339e-05,425254983396.54333
1978-04-26T08:41:33,0.04908,4.908e-05,345904217588.9946
1978-04-26T08:52:11,0.044555,4.4554999999999996e-05,314013089133.6116
1978-04-27T07:36:25,0.042573,4.2573e-05,300044422481.9941
1978-04-27T07:41:15,0.031501,3.1501e-05,222011588391.82806
1978-04-27T08:29:27,0.039294,3.9294e-05,276934806967.03253
1978-04-27T10:37:28,0.033884,3.3883999999999996e-05,238806408084.46402
1978-04-27T11:02:08,0.036732,3.6732e-05,258878437662.5703
1978-04-27T11:24:12,0.037306,3.7306e-05,262923853736.24762
1978-04-27T11:47:53,0.049753,4.9753e-05,350647362218.9334
1978-04-27T11:50:34,0.042309,4.2309e-05,298183812998.63025
1978-04-27T12:07:46,0.040005,4.0005e-05,281945766598.3645
1978-04-27T12:15:12,0.040277,4.0277e-05,283862758187.2848
1978-04-27T12:27:28,0.045391,4.5391e-05,319905019164.26355
1978-04-27T12:32:57,0.040672,4.0672e-05,286646624649.13586
1978-04-27T12:46:32,0.040106,4.0106000000000005e-05,282657590681.0151
1978-04-27T13:06:11,0.038144,3.8144e-05,268829879293.28873
1978-04-27T13:15:32,0.037606,3.7606e-05,265038182694.61554
1978-04-27T13:18:45,0.033052,3.3052e-05,232942669106.5903
1978-04-27T13:29:02,0.034604,3.4604e-05,243880797584.5471
1978-04-27T13:44:27,0.03527,3.5270000000000006e-05,248574607872.12393
1978-04-27T13:47:40,0.063061,6.306100000000001e-05,444438994812.1352
1978-04-27T13:57:19,0.038448,3.8448e-05,270972399304.43494
1978-04-27T14:03:45,0.041908,4.1908e-05,295357659957.61176
1978-04-27T14:10:10,0.038455,3.8455000000000004e-05,271021733646.79688
1978-04-27T18:43:23,0.097409,9.7409e-05,686515565018.8749
1978-04-27T18:46:36,0.056882,5.6882e-05,400890866032.9502
1978-04-27T18:53:02,0.062001,6.2001e-05,436968365825.9018
1978-04-27T19:35:01,0.08206,8.206e-05,578339447745.5767
1978-04-27T21:49:49,0.054635,5.4635e-05,385054542134.7743
1978-04-27T21:59:27,0.062174,6.2174e-05,438187628858.56055
1978-04-27T22:09:06,0.05584,5.584e-05,393547096784.2189
1978-04-28T00:13:59,0.028504,2.8504000000000004e-05,200889442097.73236
1978-04-28T00:32:34,0.044414,4.4414000000000005e-05,313019354523.17865
1978-04-28T00:36:43,0.036626,3.6626e-05,258131374763.94696
1978-04-28T00:49:45,0.048203,4.8203000000000006e-05,339723329267.3657
1978-04-28T01:07:26,0.04865,4.865e-05,342873679415.33386
1978-04-28T01:10:35,0.061228,6.1228e-05,431520444876.507
1978-04-28T01:17:39,0.047551,4.7551000000000006e-05,335128187664.51276
1978-04-28T01:31:10,0.044881,4.4881e-05,316310659935.038
1978-04-28T01:42:38,0.050167,5.0167e-05,353565136181.4812
1978-04-28T01:54:20,0.046221,4.6221e-05,325754662615.74817
1978-04-28T02:06:01,0.044772,4.4772e-05,315542453746.83105
1978-04-28T02:17:43,0.048598,4.8598000000000005e-05,342507195729.21686
1978-04-28T02:26:13,0.048118,4.8118e-05,339124269395.8281
1978-04-28T02:40:10,0.047509,4.7509e-05,334832181610.3412
1978-04-28T02:47:56,0.039369,3.9369e-05,277463389206.6245
1978-04-28T02:52:36,0.045594,4.5594000000000004e-05,321335715092.7593
1978-04-28T03:01:56,0.041085,4.1085000000000004e-05,289557350848.48914
1978-04-28T03:06:36,0.047582,4.7582e-05,335346668323.54407
1978-04-28T03:20:27,0.046722,4.6722e-05,329285591976.2226
1978-04-28T07:17:18,0.063287,6.328699999999999e-05,446031789294.1056
1978-04-28T07:20:11,0.074233,7.423299999999999e-05,523176605221.757
1978-04-28T07:24:58,0.063499,6.3499e-05,447525915091.3523
1978-04-28T07:37:12,0.058909,5.8909e-05,415176682028.3229
1978-04-28T07:49:57,0.057461,5.7461e-05,404971520922.6003
1978-04-28T08:03:15,0.056159,5.6159e-05,395795333243.2834
1978-04-28T08:20:44,0.059742,5.9742000000000005e-05,421047468769.3912
1978-04-28T09:23:31,0.064821,6.482100000000001e-05,456843058034.5604
1978-04-28T09:38:29,0.072454,7.245400000000001e-05,510638634498.6353
1978-04-28T09:43:09,0.083911,8.3911e-05,591384857418.7068
1978-04-28T10:06:22,0.068101,6.810099999999999e-05,479959721312.7164
1978-04-28T10:18:55,0.064053,6.4053e-05,451430375901.1384
1978-04-28T10:30:38,0.064322,6.432200000000001e-05,453326224200.4751
1978-04-28T10:37:34,0.061493,6.1493e-05,433388102123.06537
1978-04-28T10:42:14,0.05425,5.4250000000000004e-05,382341153304.86884
1978-04-28T10:50:10,0.061414,6.1414e-05,432831328830.6951
1978-04-28T12:49:45,0.051327,5.1327e-05,361740541487.1705
1978-04-28T13:02:32,0.05934,5.934e-05,418214267965.17804
1978-04-28T13:06:26,0.072025,7.2025e-05,507615144088.16907
1978-04-29T00:06:13,0.121167,0.000121167,853956322995.2264
1978-04-29T00:21:35,0.110593,0.000110593,779433274975.9512
1978-04-29T00:33:19,0.112956,0.00011295600000000001,796087139404.696
1978-04-29T00:44:21,0.10903,0.00010903,768417621102.8542
1978-04-29T00:56:09,0.103838,0.000103838,731825634596.6998
1978-04-29T01:07:39,0.1028,0.0001028,724510056400.7468
1978-04-29T01:22:27,0.098076,9.8076e-05,691216423069.6462
1978-04-29T01:34:46,0.079597,7.9597e-05,560980806997.3759
1978-04-29T01:52:21,0.102641,0.000102641,723389462052.8118
1978-04-29T02:00:06,0.081387,8.1387e-05,573596303115.6378
1978-04-29T12:27:20,0.086199,8.6199e-05,607510139607.8596
1978-04-29T12:48:49,0.077461,7.746100000000001e-05,545926784813.79614
1978-04-29T13:00:31,0.07626,7.625999999999999e-05,537462421217.1297
1978-04-29T13:12:14,0.076299,7.629900000000001e-05,537737283981.7177
1978-04-29T13:23:57,0.076783,7.6783e-05,541148401367.8846
1978-04-29T13:34:04,0.076818,7.6818e-05,541395073079.69415
1978-04-29T13:53:47,0.077678,7.7678e-05,547456149427.0156
1978-04-29T14:20:24,0.078939,7.8939e-05,556343378815.3555
1978-04-29T14:32:07,0.078826,7.8826e-05,555546981574.3702
1978-04-29T14:43:50,0.078816,7.8816e-05,555476503942.4247
1978-04-29T14:57:16,0.078772,7.8772e-05,555166402361.864
1978-04-29T15:07:18,0.084218,8.4218e-05,593548520719.4365
1978-04-29T15:19:00,0.082165,8.216500000000001e-05,579079462881.0055
1978-04-29T15:30:42,0.080994,8.0994e-05,570826532180.1759
1978-04-29T15:41:21,0.081769,8.1769e-05,576288548655.9597
1978-04-29T15:54:08,0.081183,8.118300000000001e-05,572158559423.9478
1978-04-29T16:03:44,0.083613,8.361300000000001e-05,589284623986.728
1978-04-29T16:18:39,0.085361,8.536100000000001e-05,601604114050.8186
1978-04-29T16:29:44,0.091575,9.1575e-05,645398914541.8131
1978-04-29T16:39:01,0.104249,0.000104249,734722265269.664
1978-04-29T16:50:41,0.096521,9.652099999999999e-05,680257151302.1057
1978-04-29T17:02:23,0.095702,9.5702e-05,674485033245.7614
1978-04-29T17:14:06,0.095517,9.5517e-05,673181197054.7677
1978-04-29T17:25:48,0.093848,9.3848e-05,661418480283.0474
1978-04-29T17:37:28,0.089141,8.9141e-05,628244658926.2545
1978-04-29T17:49:11,0.089048,8.9048e-05,627589216949.1605
1978-04-29T18:00:56,0.09344,9.344e-05,658542992899.667
1978-04-29T18:12:54,0.094889,9.4889e-05,668755201768.5842
1978-04-29T18:17:40,0.115924,0.000115924,817004900566.1494
1978-04-29T18:21:56,0.133046,0.000133046,937676701983.4022
1978-04-29T18:37:15,0.1329,0.0001329,936647728556.9965
1978-04-29T18:47:59,0.125901,0.000125901,887320433958.2726
1978-04-29T18:56:37,0.19399,0.00019399,1367195582112.654
1978-04-29T19:05:13,0.534948,0.000534948,3770186825403.3726
1978-04-29T19:20:02,1.220091,0.001220091,8598912443813.651
1978-04-29T19:29:32,1.576373,0.001576373,11109903610297.805
1978-04-29T19:37:24,1.433433,0.001433433,10102496339267.428
1978-04-29T19:42:16,1.232763,0.001232763,8688221699015.114
1978-04-29T19:48:23,1.010103,0.001010103,7118966746114.432
1978-04-29T19:58:23,0.778319,0.000778319,5485408001826.584
1978-04-29T20:02:58,1.118922,0.001118922,7885897289183.232
1978-04-29T20:05:57,0.842222,0.000842222,5935781213248.537
1978-04-29T20:07:57,0.69276,0.0006927600000000001,4882408430663.242
1978-04-29T20:19:32,0.576172,0.000576172,4060723815335.905
1978-04-29T20:29:00,0.487502,0.000487502,3435798652874.288
1978-04-29T20:36:53,0.415814,0.00041581400000000003,2930558604982.686
1978-04-29T20:45:50,0.357455,0.000357455,2519258192711.371
1978-04-29T20:56:23,0.307972,0.00030797200000000005,2170513726554.969
1978-04-29T21:06:25,0.276929,0.000276929,1951730013706.2488
1978-04-29T21:21:49,0.262838,0.00026283800000000005,1852419982531.707
1978-04-29T21:27:14,0.297951,0.000297951,2099888091582.285
1978-04-29T21:34:03,0.272493,0.000272493,1920466136175.1816
1978-04-29T21:40:19,0.235402,0.000235402,1659057551525.7644
1978-04-29T21:53:35,0.199746,0.00019974600000000002,1407762507060.5405
1978-04-29T22:04:40,0.175142,0.00017514199999999998,1234359341421.591
1978-04-29T22:18:57,0.154427,0.000154427,1088364926846.2852
1978-04-29T22:30:36,0.140597,0.000140597,990894361865.5232
1978-04-29T22:42:14,0.125387,0.000125387,883697883676.2687
1978-04-29T22:48:42,0.09161,9.161e-05,645645586253.6227
1978-04-29T22:56:47,0.135886,0.00013588600000000002,957692349455.9521
1978-04-29T23:07:52,0.141213,0.000141213,995235783993.3721
1978-04-29T23:25:55,0.130678,0.00013067799999999998,920987598738.6844
1978-04-29T23:37:37,0.127492,0.000127492,898533425200.817
1978-04-29T23:47:43,0.123714,0.000123714,871906975851.7701
1978-04-30T00:15:28,0.119948,0.000119948,845365099661.0581
1978-04-30T00:27:10,0.114598,0.000114598,807659566570.1632
1978-04-30T00:38:52,0.109984,0.000109984,775141187190.4642
1978-04-30T00:50:31,0.111584,0.00011158400000000001,786417608301.7599
1978-04-30T00:59:12,0.130736,0.000130736,921396369003.969
1978-04-30T01:08:40,0.103138,0.000103138,726892200360.5078
1978-04-30T01:20:22,0.10008,0.00010008,705340140511.5441
1978-04-30T01:32:05,0.09835,9.835e-05,693147510184.9557
1978-04-30T01:43:47,0.09503,9.503e-05,669748936379.0172
1978-04-30T01:55:29,0.091399,9.1399e-05,644158508219.5706
1978-04-30T02:07:11,0.087985,8.798499999999999e-05,620097444673.3434
1978-04-30T02:18:58,0.096981,9.6981e-05,683499122371.6031
1978-04-30T02:30:40,0.093438,9.3438e-05,658528897373.2778
1978-04-30T02:42:22,0.089444,8.944399999999999e-05,630380131174.206
1978-04-30T02:54:05,0.087243,8.7243e-05,614868004382.9801
1978-04-30T03:05:25,0.086934,8.6934e-05,612690245555.8611
1978-04-30T03:15:21,0.08087,8.087e-05,569952609544.0505
1978-04-30T03:33:30,0.084588,8.4588e-05,596156193101.4237
1978-04-30T03:46:41,0.085925,8.5925e-05,605579052492.5502
1978-04-30T04:03:49,0.091397,9.1397e-05,644144412693.1814
1978-04-30T04:24:00,0.091344,9.1344e-05,643770881243.8698
1978-04-30T04:34:24,0.105013,0.00010501299999999999,740106756350.3075
1978-04-30T04:44:24,0.122054,0.000122054,860207688948.8009
1978-04-30T04:48:55,0.099175,9.9175e-05,698961914820.4675
1978-04-30T04:59:50,0.10551,0.00010551000000000001,743609494658.0038
1978-04-30T05:07:13,0.148814,0.00014881400000000002,1048805832035.2212
1978-04-30T05:09:19,0.115848,0.000115848,816469270563.3629
1978-04-30T05:19:27,0.161368,0.000161368,1137283451179.7246
1978-04-30T05:31:13,0.171761,0.000171761,1210530854060.7847
1978-04-30T05:38:42,0.175241,0.000175241,1235057069977.8528
1978-04-30T06:05:21,0.177349,0.000177349,1249913754791.9849
1978-04-30T06:17:06,0.183236,0.000183236,1291403936718.3582
1978-04-30T06:28:49,0.180352,0.00018035200000000002,1271078187665.248
1978-04-30T06:40:32,0.178781,0.000178781,1260006151686.5942
1978-04-30T06:48:57,0.18415,0.00018415,1297845592278.1858
1978-04-30T06:59:50,0.187951,0.000187951,1324634140180.7078
1978-04-30T07:10:42,0.184035,0.000184035,1297035099510.8115
1978-04-30T07:13:54,0.212776,0.000212776,1499594861485.6545
1978-04-30T07:29:34,0.256335,0.000256335,1806588378477.4846
1978-04-30T07:34:07,0.221661,0.000221661,1562214237469.318
1978-04-30T07:43:35,0.230273,0.00023027300000000002,1622909574100.8672
1978-04-30T07:55:18,0.22577,0.00022577,1591173496435.7646
1978-04-30T08:06:58,0.205351,0.00020535100000000002,1447265219766.048
1978-04-30T08:18:46,0.233035,0.000233035,1642375496044.2412
1978-04-30T08:31:41,0.250624,0.000250624,1766338602873.3538
1978-04-30T08:39:21,0.216702,0.000216702,1527264379787.4963
1978-04-30T08:44:12,0.289687,0.00028968699999999995,2041645376542.4424
1978-04-30T08:50:20,0.25574,0.00025574,1802394959376.7217
1978-04-30T08:58:24,0.311079,0.000311079,2192411126800.466
1978-04-30T09:09:10,0.356882,0.000356882,2515219824400.888
1978-04-30T09:20:56,0.381346,0.000381346,2687636303192.5986
1978-04-30T09:31:03,0.411619,0.000411619,2900993238381.5073
1978-04-30T09:34:04,0.363416,0.00036341600000000003,2561269909114.142
1978-04-30T09:44:23,0.386052,0.000386052,2720803076786.1973
1978-04-30T09:53:52,0.386335,0.00038633499999999997,2722797593770.2573
1978-04-30T10:00:41,0.495685,0.000495685,3493470499095.371
1978-04-30T10:11:40,0.390667,0.000390667,2753328503929.0903
1978-04-30T10:20:46,0.419646,0.00041964600000000003,2957565633544.239
1978-04-30T10:26:50,0.34097,0.00034097,2403075816449.0522
1978-04-30T10:34:47,0.44641,0.00044641,3146191967683.4375
1978-04-30T10:40:47,0.326982,0.000326982,2304491704883.5503
1978-04-30T10:47:09,0.402286,0.00040228599999999996,2835216464486.6807
1978-04-30T10:51:37,0.307158,0.000307158,2164776847314.5967
1978-04-30T17:06:33,0.536923,0.000536923,3784106157712.6274
1978-04-30T17:07:54,0.447819,0.000447819,3156122266024.5723
1978-04-30T17:20:17,0.489447,0.0004894470000000001,3449506552287.707
1978-04-30T17:28:27,0.439044,0.000439044,3094278143992.3096
1978-04-30T17:36:51,0.462243,0.00046224300000000004,3257779202342.903
1978-04-30T19:37:22,0.287506,0.000287506,2026274205015.1077
1978-04-30T20:02:27,0.305733,0.000305733,2154733784762.349
1978-04-30T20:14:11,0.30921,0.00030921,2179238857389.8333
1978-04-30T20:25:55,0.310911,0.000310911,2191227102583.7798
1978-04-30T20:37:37,0.300718,0.000300718,2119389252341.6318
1978-04-30T20:49:20,0.298291,0.00029829099999999995,2102284331068.4348
1978-04-30T21:01:57,0.288598,0.00028859800000000004,2033970362423.5676
1978-04-30T21:08:24,0.341742,0.000341742,2408516689635.253
1978-04-30T21:13:45,0.256701,0.000256701,1809167859806.6936
1978-04-30T21:25:26,0.244143,0.000244143,1720662049609.4116
1978-04-30T21:37:13,0.263594,0.000263594,1857748091506.7942
1978-04-30T21:48:54,0.247316,0.00024731600000000003,1743024602225.75
1978-04-30T21:58:27,0.232616,0.000232616,1639422483265.7207
1978-04-30T22:14:58,0.230974,0.00023097400000000003,1627850056100.2537
1978-04-30T22:36:42,0.239574,0.00023957400000000002,1688460819573.468
1978-04-30T22:45:59,0.229777,0.00022977700000000002,1619413883556.3657
1978-04-30T22:52:19,0.271206,0.000271206,1911395664943.7834
1978-04-30T23:02:44,0.257099,0.00025709900000000005,1811972869558.1287
1978-04-30T23:09:26,0.282555,0.000282555,1991380729438.842
1978-04-30T23:14:44,0.256097,0.000256097,1804911010837.1792
1978-04-30T23:28:04,0.264801,0.000264801,1866254741682.6277
1978-04-30T23:39:48,0.262834,0.00026283400000000004,1852391791478.9287
1978-04-30T23:55:09,0.227862,0.000227862,1605917417038.7837
